-- phpMyAdmin SQL Dump
-- version 3.5.8.1
-- http://www.phpmyadmin.net
--
-- Anamakine: localhost
-- Üretim Zamanı: 15 Oca 2014, 09:29:51
-- Sunucu sürümü: 5.1.71
-- PHP Sürümü: 5.3.3

SET SQL_MODE="NO_AUTO_VALUE_ON_ZERO";
SET time_zone = "+00:00";


/*!40101 SET @OLD_CHARACTER_SET_CLIENT=@@CHARACTER_SET_CLIENT */;
/*!40101 SET @OLD_CHARACTER_SET_RESULTS=@@CHARACTER_SET_RESULTS */;
/*!40101 SET @OLD_COLLATION_CONNECTION=@@COLLATION_CONNECTION */;
/*!40101 SET NAMES utf8 */;

--
-- Veritabanı: `zadmin_eticaret`
--

-- --------------------------------------------------------

--
-- Tablo için tablo yapısı `e_ayarlar`
--

CREATE TABLE IF NOT EXISTS `e_ayarlar` (
  `ayar_adi` varchar(255) NOT NULL,
  `ayar_deger` longtext NOT NULL,
  KEY `ayar_adi` (`ayar_adi`),
  FULLTEXT KEY `ayar_deger` (`ayar_deger`)
) ENGINE=MyISAM DEFAULT CHARSET=utf8;

--
-- Tablo döküm verisi `e_ayarlar`
--

INSERT INTO `e_ayarlar` (`ayar_adi`, `ayar_deger`) VALUES
('site_ayar_tema', 'eticaret_standart'),
('site_ayar_baslik', 'E-Ticaret Sistemim'),
('site_ayar_keywords', ''),
('site_ayar_description', ''),
('site_ayar_mail', 'eticaret@serkankoch.com'),
('site_ayar_email_cevapsiz', 'noreply@serkankoch.com'),
('site_ayar_email_baslik', 'E-Ticaret'),
('site_ayar_email_destek', 'eticaret@serkankoch.com'),
('site_ayar_copyright', 'E-ticaret Copyright © 2013'),
('firma_adi', 'E-Ticaret'),
('site_ayar_sirket_tel', '(0212) 500 00 00'),
('site_ayar_sirket_fax', ''),
('site_ayar_sirket_adres', 'E-Ticaret'),
('site_ayar_logo', 'data/resimler/logo/brandsfever_logo.png'),
('site_ayar_ssl', '1'),
('site_ayar_email_admin', 'eticaret@serkankoch.com'),
('site_ayar_dil', 'tr'),
('site_ayar_urun_yonetim_sayfa', '50'),
('site_ayar_urun_site_sayfa', '27'),
('site_ayar_fatura_bas', ''),
('site_ayar_fatura_pre', ''),
('site_ayar_varsayilan_mus_grub', '4'),
('site_ayar_fiyat_goster', '0'),
('site_ayar_stok_miktar_goster', ''),
('site_ayar_varsayilan_siparis_durumu', ''),
('site_ayar_yorum', ''),
('firma_sahibi', 'E-Ticaret'),
('site_ayar_bakim', '0'),
('site_ayar_kur_yuzde', '05'),
('site_ayar_kur', '1'),
('site_ayar_kdv_goster', '0'),
('site_ayar_ssl_kod', ''),
('site_ayar_coupon_status', '0'),
('site_google_analytics_kodu', ''),
('site_google_analytics_durum', '2'),
('site_ayar_sirket_tel2', ''),
('site_ayar_sirket_tel3', ''),
('site_ayar_sirket_tel4', ''),
('site_ayar_sirket_tel5', ''),
('site_ayar_sirket_fax2', ''),
('site_ayar_sirket_fax3', ''),
('site_google_maps_kodu', ''),
('site_google_maps_durum', '2'),
('site_ayar_sirket_tel_p', '0'),
('site_ayar_sirket_tel2_p', '0'),
('site_ayar_sirket_tel3_p', '0'),
('site_ayar_sirket_tel4_p', '0'),
('site_ayar_sirket_tel5_p', '0'),
('site_ayar_sirket_fax_p', '0'),
('site_ayar_sirket_fax2_p', '0'),
('site_ayar_sirket_fax3_p', '0'),
('config_kargo_indirimi_durum', '0'),
('config_kargo_indirim_fiyat', '0.00'),
('site_ayar_tema_asset', 'eticaret_mavi'),
('site_ayar_bakim_sayfasi_detay', '<p>\n &nbsp;</p>\n<p>\n &nbsp;</p>\n<p>\n &nbsp;</p>\n<p>\n &nbsp;</p>\n<p>\n &nbsp;</p>\n<p>\n &nbsp;</p>\n<center>\n <img alt="" src="http://www.daynexmail.com/upload/ckfinder/4/images/wall.png" /></center>'),
('site_ayar_urun_kodu_goster', '1'),
('site_ayar_stok_dusus_uyari_miktari', '20'),
('site_ayar_kapida_odeme_tutari', '5.00'),
('site_taksit_limit', '0'),
('site_ayar_kategori_sayisi_goster', '1'),
('site_ayar_yonetim_dil', 'tr'),
('site_ayar_seo', '1'),
('site_ayar_sozlesme_id', '4'),
('site_ayar_coupon_limit', '0'),
('site_ayar_coupon_status', '0'),
('site_ayar_facebook_status', '1'),
('site_ayar_facebook_app_id', '209844552448838'),
('site_ayar_facebook_secret', '316b706007a61798606eee93cff617ff'),
('site_ayar_facebook_url', ''),
('site_ayar_facebook_tema', 'daynex_face'),
('site_ayar_facebook_tema_asset', 'daynex_mavi'),
('site_ayar_begeni_durumu_goster', '1'),
('site_ayar_stok_durumu_goster', '0'),
('site_ayar_urun_info_goster', '0'),
('site_ayar_urun_tarih_goster', '1'),
('site_ayar_urun_kalansure_goster', '1'),
('site_ayar_urundetay_urungrubu', 'benzer_urunler'),
('site_ayar_sepet_resim_goster', '0'),
('site_ayar_sepete_git', '1'),
('site_ayar_favicon', 'data/resimler/icon/empty_shopping_cart_png_1.png');

-- --------------------------------------------------------

--
-- Tablo için tablo yapısı `e_bayiler`
--

CREATE TABLE IF NOT EXISTS `e_bayiler` (
  `bayi_id` bigint(20) NOT NULL AUTO_INCREMENT,
  `bayi_adi` text NOT NULL,
  `bayi_eposta` varchar(255) NOT NULL,
  `bayi_adres` text NOT NULL,
  `bayi_maps_flag` bigint(20) NOT NULL,
  `bayi_maps_kodu` text NOT NULL,
  `bayi_tel` varchar(255) NOT NULL,
  `bayi_tel_p` tinyint(1) NOT NULL DEFAULT '0',
  `bayi_tel2` varchar(255) NOT NULL,
  `bayi_tel2_p` tinyint(1) NOT NULL DEFAULT '0',
  `bayi_tel3` varchar(255) NOT NULL,
  `bayi_tel3_p` tinyint(1) NOT NULL DEFAULT '0',
  `bayi_tel4` varchar(255) NOT NULL,
  `bayi_tel4_p` tinyint(1) NOT NULL DEFAULT '0',
  `bayi_tel5` varchar(255) NOT NULL,
  `bayi_tel5_p` tinyint(1) NOT NULL DEFAULT '0',
  `bayi_fax` varchar(255) NOT NULL,
  `bayi_fax_p` tinyint(1) NOT NULL DEFAULT '0',
  `bayi_fax2` varchar(255) NOT NULL,
  `bayi_fax2_p` tinyint(1) NOT NULL DEFAULT '0',
  `bayi_fax3` varchar(255) NOT NULL,
  `bayi_fax3_p` tinyint(1) NOT NULL DEFAULT '0',
  `bayi_flag` bigint(20) NOT NULL,
  `bayi_ektar` bigint(20) NOT NULL,
  PRIMARY KEY (`bayi_id`),
  KEY `bayi_ektar` (`bayi_ektar`),
  KEY `bayi_flag` (`bayi_flag`),
  KEY `bayi_fax3_p` (`bayi_fax3_p`),
  KEY `bayi_fax2_p` (`bayi_fax2_p`),
  KEY `bayi_fax_p` (`bayi_fax_p`),
  KEY `bayi_tel5_p` (`bayi_tel5_p`),
  KEY `bayi_tel4_p` (`bayi_tel4_p`),
  KEY `bayi_tel3_p` (`bayi_tel3_p`),
  KEY `bayi_tel2_p` (`bayi_tel2_p`),
  KEY `bayi_tel_p` (`bayi_tel_p`),
  KEY `bayi_maps_flag` (`bayi_maps_flag`)
) ENGINE=MyISAM  DEFAULT CHARSET=utf8 AUTO_INCREMENT=3 ;

-- --------------------------------------------------------

--
-- Tablo için tablo yapısı `e_category`
--

CREATE TABLE IF NOT EXISTS `e_category` (
  `category_id` int(11) NOT NULL AUTO_INCREMENT,
  `image` varchar(255) DEFAULT NULL,
  `parent_id` int(11) NOT NULL DEFAULT '0',
  `top` int(1) NOT NULL DEFAULT '0',
  `column` int(2) NOT NULL DEFAULT '1',
  `sort_order` int(3) NOT NULL DEFAULT '0',
  `date_added` datetime NOT NULL DEFAULT '0000-00-00 00:00:00',
  `date_modified` datetime NOT NULL DEFAULT '0000-00-00 00:00:00',
  `status` int(1) NOT NULL DEFAULT '1',
  PRIMARY KEY (`category_id`)
) ENGINE=MyISAM  DEFAULT CHARSET=utf8 AUTO_INCREMENT=164 ;

--
-- Tablo döküm verisi `e_category`
--

INSERT INTO `e_category` (`category_id`, `image`, `parent_id`, `top`, `column`, `sort_order`, `date_added`, `date_modified`, `status`) VALUES
(154, 'resim_ekle.jpg', 98, 0, 1, 2, '2012-03-06 17:11:28', '2012-03-06 17:11:28', 1),
(83, 'resim_ekle.jpg', 0, 0, 1, 1, '2011-12-06 15:46:20', '2011-12-06 15:46:20', 1),
(84, 'resim_ekle.jpg', 83, 0, 1, 1, '2011-12-07 00:34:18', '2011-12-07 09:13:22', 1),
(85, 'resim_ekle.jpg', 83, 0, 1, 2, '2011-12-07 00:34:55', '2011-12-07 00:34:55', 1),
(86, 'resim_ekle.jpg', 83, 0, 1, 3, '2011-12-07 00:35:17', '2011-12-07 14:29:16', 1),
(87, 'resim_ekle.jpg', 83, 0, 1, 4, '2011-12-07 00:35:46', '2011-12-07 00:35:46', 1),
(88, 'resim_ekle.jpg', 83, 0, 1, 5, '2011-12-07 00:36:07', '2011-12-07 13:45:31', 1),
(158, 'resim_ekle.jpg', 157, 0, 1, 3, '2012-03-07 10:53:15', '2012-03-07 10:53:15', 1),
(157, 'resim_ekle.jpg', 156, 0, 1, 1, '2012-03-07 10:51:17', '2012-03-07 10:51:17', 1),
(91, 'resim_ekle.jpg', 0, 0, 1, 2, '2011-12-07 00:40:48', '2011-12-07 00:40:48', 1),
(159, 'resim_ekle.jpg', 158, 0, 1, 1, '2012-03-07 10:53:51', '2012-03-07 10:53:51', 1),
(93, 'resim_ekle.jpg', 91, 0, 1, 2, '2011-12-07 00:43:39', '2011-12-07 00:43:39', 1),
(94, 'resim_ekle.jpg', 91, 0, 1, 3, '2011-12-07 00:44:11', '2011-12-07 00:44:11', 1),
(95, 'resim_ekle.jpg', 0, 0, 1, 3, '2011-12-07 00:44:48', '2011-12-07 00:44:48', 1),
(156, 'resim_ekle.jpg', 154, 0, 1, 3, '2012-03-07 10:50:48', '2012-03-07 10:50:48', 1),
(97, 'resim_ekle.jpg', 95, 0, 1, 2, '2011-12-07 00:46:44', '2011-12-07 00:46:44', 1),
(98, 'resim_ekle.jpg', 95, 0, 1, 3, '2011-12-07 00:47:15', '2011-12-07 00:47:15', 1),
(153, 'resim_ekle.jpg', 145, 0, 1, 1, '2012-03-06 16:32:11', '2012-03-06 16:32:11', 1),
(148, 'resim_ekle.jpg', 117, 0, 1, 3, '2011-12-07 15:44:50', '2011-12-12 10:26:00', 1),
(101, 'resim_ekle.jpg', 95, 0, 1, 6, '2011-12-07 00:48:22', '2011-12-08 15:46:42', 1),
(155, 'resim_ekle.jpg', 98, 0, 1, 2, '2012-03-06 17:12:00', '2012-03-06 17:12:00', 1),
(43, 'resim_ekle.jpg', 45, 0, 1, 1, '2011-11-30 17:14:25', '2011-11-30 17:14:54', 1),
(44, 'resim_ekle.jpg', 0, 0, 1, 1, '2011-11-30 17:14:27', '2011-11-30 17:14:27', 1),
(45, 'resim_ekle.jpg', 43, 0, 1, 1, '2011-11-30 17:14:40', '2011-11-30 17:14:40', 1),
(104, 'resim_ekle.jpg', 103, 0, 1, 1, '2011-12-07 00:51:55', '2011-12-08 16:13:59', 1),
(105, 'resim_ekle.jpg', 103, 0, 1, 2, '2011-12-07 00:52:45', '2011-12-08 16:44:57', 1),
(151, 'resim_ekle.jpg', 121, 0, 1, 1, '2011-12-08 08:51:53', '2011-12-08 08:51:53', 1),
(107, 'resim_ekle.jpg', 103, 0, 1, 3, '2011-12-07 00:54:43', '2011-12-07 00:54:43', 1),
(108, 'resim_ekle.jpg', 103, 0, 1, 5, '2011-12-07 00:55:18', '2011-12-07 00:55:18', 1),
(103, 'resim_ekle.jpg', 0, 0, 1, 4, '2011-12-07 00:49:36', '2011-12-07 00:49:36', 1),
(110, 'resim_ekle.jpg', 103, 0, 1, 7, '2011-12-07 00:56:23', '2011-12-08 17:54:45', 1),
(111, 'resim_ekle.jpg', 0, 0, 1, 5, '2011-12-07 00:57:27', '2011-12-07 00:57:27', 1),
(112, 'resim_ekle.jpg', 0, 0, 1, 6, '2011-12-07 00:58:04', '2011-12-07 00:58:04', 1),
(113, 'resim_ekle.jpg', 0, 0, 1, 7, '2011-12-07 00:58:29', '2011-12-07 00:58:29', 1),
(114, 'resim_ekle.jpg', 0, 0, 1, 8, '2011-12-07 00:58:56', '2011-12-07 00:58:56', 1),
(147, 'resim_ekle.jpg', 117, 0, 1, 2, '2011-12-07 15:44:18', '2011-12-07 15:44:18', 1),
(116, 'resim_ekle.jpg', 0, 0, 1, 10, '2011-12-07 01:00:40', '2011-12-07 01:00:40', 1),
(117, 'resim_ekle.jpg', 0, 0, 1, 11, '2011-12-07 01:01:01', '2011-12-12 10:23:26', 1),
(118, 'resim_ekle.jpg', 0, 0, 1, 12, '2011-12-07 01:01:19', '2011-12-07 01:01:19', 1),
(149, 'resim_ekle.jpg', 121, 0, 1, 2, '2011-12-08 08:49:17', '2011-12-23 09:40:05', 1),
(121, 'resim_ekle.jpg', 0, 0, 1, 15, '2011-12-07 01:02:31', '2011-12-23 09:39:22', 1),
(122, 'resim_ekle.jpg', 111, 0, 1, 1, '2011-12-07 01:04:42', '2011-12-08 17:11:27', 1),
(123, 'resim_ekle.jpg', 111, 0, 1, 2, '2011-12-07 01:05:36', '2011-12-09 14:29:41', 1),
(124, 'resim_ekle.jpg', 111, 0, 1, 3, '2011-12-07 01:06:18', '2011-12-09 15:35:15', 1),
(125, 'resim_ekle.jpg', 111, 0, 1, 4, '2011-12-07 01:06:52', '2011-12-09 16:30:18', 1),
(146, 'resim_ekle.jpg', 117, 0, 1, 1, '2011-12-07 15:43:54', '2012-04-29 15:06:01', 1),
(127, 'resim_ekle.jpg', 112, 0, 1, 2, '2011-12-07 01:09:00', '2011-12-09 09:19:55', 1),
(128, 'resim_ekle.jpg', 112, 0, 1, 3, '2011-12-07 01:09:22', '2011-12-09 10:04:48', 1),
(129, 'resim_ekle.jpg', 112, 0, 1, 4, '2011-12-07 01:09:47', '2011-12-07 01:09:47', 1),
(130, 'resim_ekle.jpg', 112, 0, 1, 5, '2011-12-07 01:10:19', '2011-12-07 01:10:19', 1),
(131, 'resim_ekle.jpg', 113, 0, 1, 1, '2011-12-07 01:11:24', '2011-12-07 01:11:24', 1),
(132, 'resim_ekle.jpg', 113, 0, 1, 2, '2011-12-07 01:11:55', '2011-12-07 01:11:55', 1),
(133, 'resim_ekle.jpg', 113, 0, 1, 3, '2011-12-07 01:12:46', '2011-12-10 08:46:08', 1),
(134, 'resim_ekle.jpg', 113, 0, 1, 4, '2011-12-07 01:13:46', '2011-12-07 01:13:46', 1),
(135, 'resim_ekle.jpg', 114, 0, 1, 1, '2011-12-07 01:16:55', '2011-12-07 01:16:55', 1),
(136, 'resim_ekle.jpg', 114, 0, 1, 2, '2011-12-07 01:17:21', '2011-12-07 01:17:21', 1),
(144, 'resim_ekle.jpg', 118, 0, 1, 1, '2011-12-07 15:41:21', '2011-12-07 16:08:51', 1),
(138, 'resim_ekle.jpg', 114, 0, 1, 4, '2011-12-07 01:18:15', '2011-12-07 01:18:15', 1),
(139, 'resim_ekle.jpg', 114, 0, 1, 5, '2011-12-07 01:18:51', '2011-12-07 01:18:51', 1),
(145, 'resim_ekle.jpg', 118, 0, 1, 2, '2011-12-07 15:42:01', '2011-12-07 15:42:01', 1),
(141, 'resim_ekle.jpg', 116, 0, 1, 1, '2011-12-07 01:32:03', '2011-12-08 15:06:53', 1),
(142, 'resim_ekle.jpg', 116, 0, 1, 2, '2011-12-07 01:32:35', '2011-12-08 16:18:51', 1),
(143, 'resim_ekle.jpg', 116, 0, 1, 3, '2011-12-07 01:33:48', '2011-12-08 16:46:52', 1),
(160, 'resim_ekle.jpg', 155, 0, 1, 1, '2012-03-07 10:54:14', '2012-03-07 10:54:14', 1),
(161, 'resim_ekle.jpg', 160, 0, 1, 1, '2012-03-07 10:54:40', '2012-03-07 10:54:40', 1),
(162, 'resim_ekle.jpg', 161, 0, 1, 1, '2012-03-07 10:59:00', '2012-03-07 10:59:00', 1);

-- --------------------------------------------------------

--
-- Tablo için tablo yapısı `e_category_description`
--

CREATE TABLE IF NOT EXISTS `e_category_description` (
  `category_id` int(11) NOT NULL,
  `language_id` int(11) NOT NULL,
  `name` varchar(255) NOT NULL DEFAULT '',
  `meta_keywords` varchar(255) NOT NULL,
  `meta_description` varchar(255) NOT NULL,
  `description` longtext NOT NULL,
  `seo` text NOT NULL,
  PRIMARY KEY (`category_id`,`language_id`),
  KEY `name` (`name`)
) ENGINE=MyISAM DEFAULT CHARSET=utf8;

--
-- Tablo döküm verisi `e_category_description`
--

INSERT INTO `e_category_description` (`category_id`, `language_id`, `name`, `meta_keywords`, `meta_description`, `description`, `seo`) VALUES
(95, 1, 'Elektrik & Elektronik', 'Elektrik & Elektronik', 'Elektrik & Elektronik', '<p>\n	Elektrik &amp; Elektronik</p>', 'elektrik-elektronik'),
(154, 1, 'Portatif Web Camera', 'Portatif Web Camera', 'Portatif Web Camera', '<p>\n	Portatif Web Camera</p>', 'portatif-web-camera'),
(97, 1, 'Mp3 Playerlar', 'Mp3 Playerlar', 'Mp3 Playerlar', '<p>\n	Mp3 Playerlar</p>', 'mp3-playerlar'),
(84, 1, 'Bebek Arabaları', 'Bebek Arabaları', 'Bebek Arabaları', '<p>\n	Bebek Arabaları</p>', 'bebek-arabalari'),
(85, 1, 'Bebek Bakım-Banyo', 'Bebek Bakım-Banyo', 'Bebek Bakım-Banyo', '<p>\n	Bebek Bakım-Banyo</p>', 'bebek-bakim-banyo'),
(86, 1, 'Yatak & Yürüteç', 'Yatak & Yürüteç', 'Yatak & Yürüteç', '<p>\n	Yatak &amp; Y&uuml;r&uuml;te&ccedil;</p>', 'yatak-yurutec'),
(87, 1, 'Emzirme Ürünleri', 'Emzirme Ürünleri', 'Emzirme Ürünleri', '<p>\n	Emzirme &Uuml;r&uuml;nleri</p>', 'emzirme-urunleri'),
(88, 1, 'Bebek Oyuncakları', 'Bebek  Oyuncakları', 'Bebek Oyuncakları', '<p>\n	Bah&ccedil;e Oyuncakları</p>', 'bahce-oyuncaklari'),
(155, 1, 'Portatif Olmayan  Web Camera', 'Portatif Olmayan  Web Camera', 'Portatif Olmayan  Web Camera', '<p>\n	Portatif Olmayan&nbsp; Web Camera</p>', 'portatif-olmayan-web-camera'),
(156, 1, 'Portatif Web Camera 1', 'Portatif Web Camera 1', 'Portatif Web Camera 1', '<p>\n	Portatif Web Camera 1</p>', 'portatif-web-camera-1'),
(91, 1, 'Oyuncak', 'Oyuncak', 'Oyuncak', '<p>\n	Oyuncak</p>', 'oyuncak'),
(83, 1, 'Bebek Ürünleri', 'Bebek Ürünleri, bebek beşiği, bebek arabası, puset, bebek yatağı', 'Bebeğiniz için birbirinden farklı ve özel ürünleri sizin için tercih ettik', '', 'bebek-urunleri'),
(94, 1, 'Kutu Oyunlar', 'Kutu Oyunlar', 'Kutu Oyunlar', '<p>\n	Kutu Oyunlar</p>', 'kutu-oyunlar'),
(93, 1, 'Eğitici Oyuncaklar', 'Eğitici Oyuncaklar', 'Eğitici Oyuncaklar', '<p>\n	Eğitici Oyuncaklar</p>', 'egitici-oyuncaklar'),
(157, 1, 'Portatif Web Camera 2', 'Portatif Web Camera 2', 'Portatif Web Camera 2', '<p>\n	Portatif Web Camera 2</p>', 'portatif-web-camera-2'),
(98, 1, 'Web Camera', 'Web Camera', 'Web Camera', '<p>\n	Web Camera</p>', 'web-camera'),
(101, 1, 'Ses Kayıt Cihazı', 'Ses Kayıt Cihazı', 'Ses Kayıt Cihazı', '<p>\n	Ses Kayıt Cihazı</p>', 'ses-kayit-cihazi'),
(103, 1, 'Ev Aletleri', 'Ev Aletleri', 'Ev Aletleri', '<p>\n	Ev Aletleri</p>', 'ev-aletleri'),
(104, 1, 'Elektrikli Süpürge', 'Elektrikli Süpürge', 'Elektrikli Süpürge', '<p>\n	Elektrikli S&uuml;p&uuml;rge</p>', 'elektrikli-supurge'),
(105, 1, 'Buharlı Ütü', 'Buharlı Ütü', 'Buharlı Ütü', '<p>\n	Buharlı &Uuml;t&uuml;</p>', 'buharli-utu'),
(121, 1, 'Telefon & Tablet PC', 'Telefon & Tablet PC', 'Telefon & Tablet PC', '<p>\n	&nbsp;Telefon &amp; Tablet PC Telefon &amp; Tablet PC Telefon &amp; Tablet PC Telefon &amp; Tablet PC Telefon &amp; Tablet PC</p>', 'telefon-tablet-pc'),
(151, 1, 'Telefon', 'Telefon', 'Telefon', '<p>\n	Telefon</p>', 'telefon-xv6r'),
(153, 1, 'fg', '', '', '', 'fg'),
(107, 1, 'Klima & Vantilatörler', 'Klima Vantilatörler', 'Klima Vantilatörler', '<p>\n	Klima Vantilat&ouml;rler</p>', 'klima-vantilatorler'),
(108, 1, 'Halı Yıkama Makinası', 'Halı Yıkama Makinası', 'Halı Yıkama Makinası', '<p>\n	Halı Yıkama Makinası</p>', 'hali-yikama-makinasi'),
(149, 1, 'Tablet  PC', 'Tablet  PC', 'Tablet  PC', '<p>\n	&nbsp;</p>\n<div>\n	<p>\n		Tablet&nbsp; PCTablet&nbsp; PCTablet&nbsp; PCTablet&nbsp; PCTablet&nbsp; PCTablet&nbsp; PCTablet&nbsp; PC</p>\n</div>', 'tablet-pc'),
(110, 1, 'Çamaşır Makinası', 'Çamaşır Makinası', 'Çamaşır Makinası', '<p>\n	&Ccedil;amaşır Makinası</p>', 'camasir-makinasi'),
(111, 1, 'Mutfak Ürünleri', 'Mutfak Ürünleri', 'Mutfak Ürünleri', '<p>\n	Mutfak &Uuml;r&uuml;nleri</p>', 'mutfak-urunleri'),
(112, 1, 'Kişisel Bakım & Sağlık', 'Kişisel Bakım Sağlık', 'Kişisel Bakım Sağlık', '<p>\n	Kişisel Bakım Sağlık</p>', 'kisisel-bakim-saglik'),
(113, 1, 'Hediye & Çiçek', 'Hediye & Çiçek', 'Hediye & Çiçek', '<p>\n	Hediye &amp; &Ccedil;i&ccedil;ek</p>', 'hediye-cicek'),
(114, 1, 'Mobilya Ürünleri', 'Mobilya Ürünleri', 'Mobilya Ürünleri', '<p>\n	Mobilya &Uuml;r&uuml;nleri</p>', 'mobilya-urunleri'),
(147, 1, 'Bay Ayakkabı Grubu', 'Bay Ayakkabı Grubu', 'Bay Ayakkabı Grubu', '<p>\n	Bay Ayakkabı Grubu</p>', 'bay-ayakkabi-grubu'),
(116, 1, 'Lastik & Jant Ürünleri', 'Lastik & Jant Ürünleri', 'Lastik & Jant Ürünleri', '<p>\n	Lastik &amp; Jant &Uuml;r&uuml;nleri</p>', 'lastik-jant-urunleri'),
(117, 1, 'Ayakkabı & Terlik', 'Ayakkabı & Terlik', 'Ayakkabı & Terlik', '<p>\n	Ayakkabı &amp; Terlik</p>', 'ayakkabi-terlik-q3iv'),
(118, 1, 'Tekstil & Giyim', 'Tekstil & Giyim', 'Tekstil & Giyim', '<p>\n	Tekstil &amp; Giyim</p>', 'tekstil-giyim-0fhq'),
(148, 1, 'Bayan Terlik Grubu', 'Bayan Terlik Grubu', 'Bayan Terlik Grubu', '<p>\n	Bayan Terlik Grubu</p>', 'bayan-terlik-grubu'),
(122, 1, 'Su Isıtıcı / Kettle ', 'Su Isıtıcı/Kettle', 'Su Isıtıcı/Kettle', '<p>\n	Su Isıtıcı/Kettle</p>', 'su-isiticikettle'),
(123, 1, 'Tost Makinası', 'Tost Makinası', 'Tost Makinası', '<p>\n	Tost Makinası</p>', 'tost-makinasi'),
(124, 1, 'Mutfak Robotu', 'Mutfak Robotu', 'Mutfak Robotu', '<p>\n	Mutfak Robotu</p>', 'mutfak-robotu'),
(125, 1, 'Kahve Öğütücü', 'Kahve Öğütücü', 'Kahve Öğütücü', '<p>\n	Kahve &Ouml;ğ&uuml;t&uuml;c&uuml;</p>', 'kahve-ogutucu'),
(146, 1, 'Bayan Ayakkabı Grubu', 'Bayan Ayakkabı Grubu', 'Bayan Ayakkabı Grubu', '<p>\r\n	Bayan Ayakkabı Grubu</p>', 'bayan-ayakkabi-grubu'),
(127, 1, 'Epilatör', 'Epilatör', 'Epilatör', '<p>\n	Epilat&ouml;r</p>', 'epilator'),
(128, 1, 'Traş Makinası', 'Traş Makinası', 'Traş Makinası', '<p>\n	Traş Makinası</p>', 'tras-makinasi'),
(129, 1, 'Tansiyon Aleti', 'Tansiyon Aleti', 'Tansiyon Aleti', '<p>\n	Tansiyon Aleti</p>', 'tansiyon-aleti'),
(130, 1, 'Masaj Aleti', 'Masaj Aleti', 'Masaj Aleti', '<p>\n	Masaj Aleti</p>', 'masaj-aleti'),
(131, 1, 'Çiçek', 'Çiçek', 'Çiçek', '<p>\n	&Ccedil;i&ccedil;ek</p>', 'cicek'),
(132, 1, 'Meyve Çiçek', 'Meyve Çiçek', 'Meyve Çiçek', '<p>\n	Meyve &Ccedil;i&ccedil;ek</p>', 'meyve-cicek'),
(133, 1, 'Bay / Bayan Saatleri', 'Bay / Bayan Saatleri', 'Bay / Bayan Saatleri', '<p>\n	Bay / Bayan Saatleri</p>', 'bay-bayan-saatleri'),
(134, 1, 'Yılbaşı Hediyeleri', 'Yılbaşı Hediyeleri', 'Yılbaşı Hediyeleri', '<p>\n	Yılbaşı Hediyeleri</p>', 'yilbasi-hediyeleri'),
(135, 1, 'Ofis Makam Koltukları', 'Ofis Makam Koltukları', 'Ofis Makam Koltukları', '<p>\n	Ofis Makam Koltukları</p>', 'ofis-makam-koltuklari'),
(136, 1, 'Personel Takımları', 'Personel Takımları', 'Personel Takımları', '<p>\n	Personel Takımları</p>', 'personel-takimlari'),
(144, 1, 'Bay Giyim', 'Bay Giyim', 'Bay Giyim', '<p>\n	Bay Giyim</p>', 'bay-giyim'),
(138, 1, 'Yemek Odaları', 'Yemek Odaları', 'Yemek Odaları', '<p>\n	Yemek Odaları</p>', 'yemek-odalari'),
(139, 1, 'Yatak Odaları', 'Yatak Odaları', 'Yatak Odaları', '<p>\n	Yatak Odaları</p>', 'yatak-odalari'),
(145, 1, 'Bayan Giyim', 'Bayan Giyim', 'Bayan Giyim', '', 'bayan-giyim'),
(141, 1, 'Kış Lastikleri', 'Kış Lastikleri', 'Kış Lastikleri', '<p>\n	Kış Lastikleri</p>', 'kis-lastikleri'),
(142, 1, 'Yaz Lastikleri', 'Yaz Lastikleri', 'Yaz Lastikleri', '', 'yaz-lastikleri'),
(143, 1, '4 Mevsim Lastikler', '4 Mevsim Lastikler', '4 Mevsim Lastikler', '<p>\n	4 Mevsim Lastikler</p>', '4-mevsim-lastikler'),
(158, 1, 'Portatif Web Camera 3', 'Portatif Web Camera 3', 'Portatif Web Camera 3', '<p>\n	Portatif Web Camera 3</p>', 'portatif-web-camera-3'),
(159, 1, 'Portatif Web Camera 4', 'Portatif Web Camera 4', 'Portatif Web Camera 4', '<p>\n	Portatif Web Camera 4</p>', 'portatif-web-camera-4'),
(160, 1, 'Portatif Olmayan  Web Camera 1', 'Portatif Olmayan  Web Camera 1', 'Portatif Olmayan  Web Camera 1', '<p>\n	Portatif Olmayan&nbsp; Web Camera 1</p>', 'portatif-olmayan-web-camera-1'),
(161, 1, 'Portatif Olmayan  Web Camera 2', 'Portatif Olmayan  Web Camera 2', 'Portatif Olmayan  Web Camera 2', '<p>\n	Portatif Olmayan&nbsp; Web Camera 2</p>', 'portatif-olmayan-web-camera-2'),
(162, 1, 'Portatif Olmayan  Web Camera 3', 'Portatif Olmayan  Web Camera 3', 'Portatif Olmayan  Web Camera 3', '<p>\n	Portatif Olmayan&nbsp; Web Camera 3</p>', 'portatif-olmayan-web-camera-3');

-- --------------------------------------------------------

--
-- Tablo için tablo yapısı `e_category_features`
--

CREATE TABLE IF NOT EXISTS `e_category_features` (
  `feature_id` int(11) NOT NULL AUTO_INCREMENT,
  `category_id` int(11) NOT NULL,
  `date_added` datetime NOT NULL DEFAULT '0000-00-00 00:00:00',
  `date_modified` datetime NOT NULL DEFAULT '0000-00-00 00:00:00',
  `status` int(1) NOT NULL DEFAULT '1',
  PRIMARY KEY (`feature_id`)
) ENGINE=MyISAM  DEFAULT CHARSET=utf8 AUTO_INCREMENT=136 ;

--
-- Tablo döküm verisi `e_category_features`
--

INSERT INTO `e_category_features` (`feature_id`, `category_id`, `date_added`, `date_modified`, `status`) VALUES
(9, 84, '2011-12-07 09:13:22', '2011-12-07 09:13:22', 1),
(8, 84, '2011-12-07 09:13:22', '2011-12-07 09:13:22', 1),
(11, 86, '2011-12-07 14:29:16', '2011-12-07 14:29:16', 1),
(10, 88, '2011-12-07 13:45:31', '2011-12-07 13:45:31', 1),
(13, 86, '2011-12-07 14:29:16', '2011-12-07 14:29:16', 1),
(12, 86, '2011-12-07 14:29:16', '2011-12-07 14:29:16', 1),
(14, 144, '2011-12-07 16:08:51', '2011-12-07 16:08:51', 1),
(15, 144, '2011-12-07 16:08:51', '2011-12-07 16:08:51', 1),
(16, 149, '2011-12-08 09:25:03', '2011-12-23 09:40:05', 1),
(17, 149, '2011-12-08 09:25:03', '2011-12-23 09:40:05', 1),
(18, 149, '2011-12-08 09:25:03', '2011-12-23 09:40:05', 1),
(19, 149, '2011-12-08 09:25:03', '2011-12-23 09:40:05', 1),
(20, 149, '2011-12-08 11:38:06', '2011-12-23 09:40:05', 1),
(21, 149, '2011-12-08 11:38:06', '2011-12-23 09:40:05', 1),
(22, 149, '2011-12-08 11:38:06', '2011-12-23 09:40:05', 1),
(23, 149, '2011-12-08 11:38:06', '2011-12-23 09:40:06', 1),
(24, 141, '2011-12-08 15:06:53', '2011-12-08 15:06:53', 1),
(25, 141, '2011-12-08 15:06:53', '2011-12-08 15:06:53', 1),
(26, 141, '2011-12-08 15:06:53', '2011-12-08 15:06:53', 1),
(27, 141, '2011-12-08 15:06:53', '2011-12-08 15:06:53', 1),
(28, 141, '2011-12-08 15:06:53', '2011-12-08 15:06:53', 1),
(29, 101, '2011-12-08 15:37:12', '2011-12-08 15:46:42', 1),
(30, 101, '2011-12-08 15:37:12', '2011-12-08 15:46:42', 1),
(31, 101, '2011-12-08 15:37:12', '2011-12-08 15:46:42', 1),
(32, 101, '2011-12-08 15:37:12', '2011-12-08 15:46:42', 1),
(33, 101, '2011-12-08 15:37:12', '2011-12-08 15:46:42', 1),
(34, 101, '2011-12-08 15:37:12', '2011-12-08 15:46:42', 1),
(35, 101, '2011-12-08 15:46:42', '2011-12-08 15:46:42', 1),
(36, 101, '2011-12-08 15:46:42', '2011-12-08 15:46:42', 1),
(37, 101, '2011-12-08 15:46:42', '2011-12-08 15:46:42', 1),
(38, 101, '2011-12-08 15:46:42', '2011-12-08 15:46:42', 1),
(39, 101, '2011-12-08 15:46:42', '2011-12-08 15:46:42', 1),
(40, 101, '2011-12-08 15:46:42', '2011-12-08 15:46:42', 1),
(41, 101, '2011-12-08 15:46:42', '2011-12-08 15:46:42', 1),
(42, 101, '2011-12-08 15:46:42', '2011-12-08 15:46:42', 1),
(43, 104, '2011-12-08 16:13:59', '2011-12-08 16:13:59', 1),
(44, 104, '2011-12-08 16:13:59', '2011-12-08 16:13:59', 1),
(45, 104, '2011-12-08 16:13:59', '2011-12-08 16:13:59', 1),
(46, 104, '2011-12-08 16:13:59', '2011-12-08 16:13:59', 1),
(47, 104, '2011-12-08 16:13:59', '2011-12-08 16:13:59', 1),
(48, 104, '2011-12-08 16:13:59', '2011-12-08 16:13:59', 1),
(49, 104, '2011-12-08 16:13:59', '2011-12-08 16:13:59', 1),
(50, 142, '2011-12-08 16:18:51', '2011-12-08 16:18:51', 1),
(51, 142, '2011-12-08 16:18:51', '2011-12-08 16:18:51', 1),
(52, 142, '2011-12-08 16:18:51', '2011-12-08 16:18:51', 1),
(53, 142, '2011-12-08 16:18:51', '2011-12-08 16:18:51', 1),
(54, 142, '2011-12-08 16:18:51', '2011-12-08 16:18:51', 1),
(55, 142, '2011-12-08 16:18:51', '2011-12-08 16:18:51', 1),
(56, 105, '2011-12-08 16:44:57', '2011-12-08 16:44:57', 1),
(57, 105, '2011-12-08 16:44:57', '2011-12-08 16:44:57', 1),
(58, 105, '2011-12-08 16:44:57', '2011-12-08 16:44:57', 1),
(59, 105, '2011-12-08 16:44:57', '2011-12-08 16:44:57', 1),
(60, 105, '2011-12-08 16:44:57', '2011-12-08 16:44:57', 1),
(61, 105, '2011-12-08 16:44:57', '2011-12-08 16:44:57', 1),
(62, 105, '2011-12-08 16:44:57', '2011-12-08 16:44:57', 1),
(63, 105, '2011-12-08 16:44:57', '2011-12-08 16:44:57', 1),
(64, 105, '2011-12-08 16:44:57', '2011-12-08 16:44:57', 1),
(65, 105, '2011-12-08 16:44:57', '2011-12-08 16:44:57', 1),
(66, 105, '2011-12-08 16:44:57', '2011-12-08 16:44:57', 1),
(67, 143, '2011-12-08 16:46:52', '2011-12-08 16:46:52', 1),
(68, 143, '2011-12-08 16:46:52', '2011-12-08 16:46:52', 1),
(69, 143, '2011-12-08 16:46:52', '2011-12-08 16:46:52', 1),
(70, 143, '2011-12-08 16:46:52', '2011-12-08 16:46:52', 1),
(71, 122, '2011-12-08 17:11:27', '2011-12-08 17:11:27', 1),
(72, 122, '2011-12-08 17:11:27', '2011-12-08 17:11:27', 1),
(73, 122, '2011-12-08 17:11:27', '2011-12-08 17:11:27', 1),
(74, 122, '2011-12-08 17:11:27', '2011-12-08 17:11:27', 1),
(75, 122, '2011-12-08 17:11:27', '2011-12-08 17:11:27', 1),
(76, 122, '2011-12-08 17:11:27', '2011-12-08 17:11:27', 1),
(77, 110, '2011-12-08 17:54:45', '2011-12-08 17:54:45', 1),
(78, 110, '2011-12-08 17:54:45', '2011-12-08 17:54:45', 1),
(79, 110, '2011-12-08 17:54:45', '2011-12-08 17:54:45', 1),
(80, 110, '2011-12-08 17:54:45', '2011-12-08 17:54:45', 1),
(81, 110, '2011-12-08 17:54:45', '2011-12-08 17:54:45', 1),
(82, 110, '2011-12-08 17:54:45', '2011-12-08 17:54:45', 1),
(83, 110, '2011-12-08 17:54:45', '2011-12-08 17:54:45', 1),
(84, 110, '2011-12-08 17:54:45', '2011-12-08 17:54:45', 1),
(85, 110, '2011-12-08 17:54:45', '2011-12-08 17:54:45', 1),
(86, 110, '2011-12-08 17:54:45', '2011-12-08 17:54:45', 1),
(87, 110, '2011-12-08 17:54:45', '2011-12-08 17:54:45', 1),
(88, 110, '2011-12-08 17:54:45', '2011-12-08 17:54:45', 1),
(89, 127, '2011-12-09 09:19:55', '2011-12-09 09:19:55', 1),
(90, 127, '2011-12-09 09:19:55', '2011-12-09 09:19:55', 1),
(91, 127, '2011-12-09 09:19:55', '2011-12-09 09:19:55', 1),
(92, 127, '2011-12-09 09:19:55', '2011-12-09 09:19:55', 1),
(93, 127, '2011-12-09 09:19:55', '2011-12-09 09:19:55', 1),
(94, 127, '2011-12-09 09:19:55', '2011-12-09 09:19:55', 1),
(95, 127, '2011-12-09 09:19:55', '2011-12-09 09:19:55', 1),
(96, 128, '2011-12-09 10:04:48', '2011-12-09 10:04:48', 1),
(97, 128, '2011-12-09 10:04:48', '2011-12-09 10:04:48', 1),
(98, 128, '2011-12-09 10:04:48', '2011-12-09 10:04:48', 1),
(99, 128, '2011-12-09 10:04:48', '2011-12-09 10:04:48', 1),
(100, 128, '2011-12-09 10:04:48', '2011-12-09 10:04:48', 1),
(101, 128, '2011-12-09 10:04:48', '2011-12-09 10:04:48', 1),
(102, 128, '2011-12-09 10:04:48', '2011-12-09 10:04:48', 1),
(103, 128, '2011-12-09 10:04:48', '2011-12-09 10:04:48', 1),
(104, 128, '2011-12-09 10:04:48', '2011-12-09 10:04:48', 1),
(105, 123, '2011-12-09 14:29:41', '2011-12-09 14:29:41', 1),
(106, 123, '2011-12-09 14:29:41', '2011-12-09 14:29:41', 1),
(107, 123, '2011-12-09 14:29:41', '2011-12-09 14:29:41', 1),
(108, 123, '2011-12-09 14:29:41', '2011-12-09 14:29:41', 1),
(109, 123, '2011-12-09 14:29:41', '2011-12-09 14:29:41', 1),
(110, 124, '2011-12-09 15:35:15', '2011-12-09 15:35:15', 1),
(111, 124, '2011-12-09 15:35:15', '2011-12-09 15:35:15', 1),
(112, 124, '2011-12-09 15:35:15', '2011-12-09 15:35:15', 1),
(113, 124, '2011-12-09 15:35:15', '2011-12-09 15:35:15', 1),
(114, 124, '2011-12-09 15:35:15', '2011-12-09 15:35:15', 1),
(115, 124, '2011-12-09 15:35:15', '2011-12-09 15:35:15', 1),
(116, 124, '2011-12-09 15:35:15', '2011-12-09 15:35:15', 1),
(117, 124, '2011-12-09 15:35:15', '2011-12-09 15:35:15', 1),
(118, 124, '2011-12-09 15:35:15', '2011-12-09 15:35:15', 1),
(119, 124, '2011-12-09 15:35:15', '2011-12-09 15:35:15', 1),
(120, 124, '2011-12-09 15:35:15', '2011-12-09 15:35:15', 1),
(121, 124, '2011-12-09 15:35:15', '2011-12-09 15:35:15', 1),
(122, 124, '2011-12-09 15:35:15', '2011-12-09 15:35:15', 1),
(123, 125, '2011-12-09 16:30:18', '2011-12-09 16:30:18', 1),
(124, 125, '2011-12-09 16:30:18', '2011-12-09 16:30:18', 1),
(125, 125, '2011-12-09 16:30:18', '2011-12-09 16:30:18', 1),
(126, 125, '2011-12-09 16:30:18', '2011-12-09 16:30:18', 1),
(127, 125, '2011-12-09 16:30:18', '2011-12-09 16:30:18', 1),
(128, 133, '2011-12-10 08:46:08', '2011-12-10 08:46:08', 1),
(129, 133, '2011-12-10 08:46:08', '2011-12-10 08:46:08', 1),
(130, 133, '2011-12-10 08:46:08', '2011-12-10 08:46:08', 1),
(131, 133, '2011-12-10 08:46:08', '2011-12-10 08:46:08', 1),
(132, 133, '2011-12-10 08:46:08', '2011-12-10 08:46:08', 1),
(133, 133, '2011-12-10 08:46:08', '2011-12-10 08:46:08', 1),
(134, 117, '2011-12-12 10:23:26', '2011-12-12 10:23:26', 1),
(135, 148, '2011-12-12 10:24:04', '2011-12-12 10:26:00', 1);

-- --------------------------------------------------------

--
-- Tablo için tablo yapısı `e_category_features_description`
--

CREATE TABLE IF NOT EXISTS `e_category_features_description` (
  `feature_id` int(11) NOT NULL,
  `language_id` int(11) NOT NULL,
  `name` varchar(255) NOT NULL DEFAULT '',
  PRIMARY KEY (`feature_id`,`language_id`),
  KEY `name` (`name`)
) ENGINE=MyISAM DEFAULT CHARSET=utf8;

--
-- Tablo döküm verisi `e_category_features_description`
--

INSERT INTO `e_category_features_description` (`feature_id`, `language_id`, `name`) VALUES
(9, 1, 'Ürünün Açık Ölçüleri'),
(8, 1, 'Ürünün Kapalı Ölçüleri'),
(10, 1, 'Pil'),
(11, 1, 'Açıkken boyutlar'),
(12, 1, 'Kapalıyken boyutlar'),
(13, 1, 'Ağırlık'),
(14, 1, 'Renk'),
(15, 1, 'Beden'),
(16, 1, 'Yüseklik'),
(17, 1, 'Genişlik'),
(18, 1, 'Derinlik'),
(19, 1, 'Ağırlık'),
(20, 1, 'Modeller'),
(21, 1, 'Güçl ve Pil'),
(22, 1, 'Ses Çalma'),
(23, 1, 'Çevresel Gereksinimler'),
(24, 1, 'Genişlik'),
(25, 1, 'Yanak'),
(26, 1, 'Jant Çapı'),
(27, 1, 'Hız Kodu'),
(28, 1, 'Sezon'),
(29, 1, 'Pil tipi'),
(30, 1, 'Pil sayısı'),
(31, 1, 'Şarj edilebilir'),
(32, 1, 'Pil ömrü'),
(33, 1, 'Ürün boyutları'),
(34, 1, 'Ağırlık'),
(35, 1, 'Dahili Bellek'),
(36, 1, 'Bilgisayar Bağlantısı'),
(37, 1, 'Dahili  Mikrofon'),
(38, 1, 'Kayıt Formatı'),
(39, 1, 'Oynatma Biçimi'),
(40, 1, 'Max. Kılasör Sayısı'),
(41, 1, 'Kulaklık Jakı'),
(42, 1, 'Mikrofon Jakı'),
(43, 1, 'Güç'),
(44, 1, 'Maks. emiş gücü'),
(45, 1, 'Hava boşaltma '),
(46, 1, 'Düşük basınç'),
(47, 1, 'Boyutlar (UxGxY)'),
(48, 1, 'Ağırlık'),
(49, 1, 'Ses düzeyi '),
(50, 1, 'Genişlik'),
(51, 1, 'Yanak'),
(52, 1, 'Jant Çapı'),
(53, 1, 'Sezon'),
(54, 1, 'Diametresi'),
(55, 1, 'Ağırlık Kapasitesi'),
(56, 1, 'Musluk suyu kullanılabilir'),
(57, 1, 'Kordon uzunluğu'),
(58, 1, 'Güvenli kullanım'),
(59, 1, 'Daha fazla konfor'),
(60, 1, 'Kireç önleme yönetimi'),
(61, 1, 'Akıtmaz'),
(62, 1, 'Su haznesi kapasitesi'),
(63, 1, 'Taban'),
(64, 1, 'Gerilim'),
(65, 1, 'Güç'),
(66, 1, 'Frekans'),
(67, 1, 'Genişlik'),
(68, 1, 'Yanak'),
(69, 1, 'Jant Çapı'),
(70, 1, 'Sezon'),
(71, 1, 'Güç (w) '),
(72, 1, 'Kapasite (lt) '),
(73, 1, 'Farklı Renk Seçeneği '),
(74, 1, 'Kireç Filtresi '),
(75, 1, 'Kordonsuz Kullanım'),
(76, 1, 'Rezistans Tipi'),
(77, 1, 'YIKAMA KAPASİTE'),
(78, 1, 'DEVİR SAYISI'),
(79, 1, 'ENERJİ SINIFI'),
(80, 1, 'YIKAMA PERFORMANSI'),
(81, 1, 'YIKAMA ZAMANLAYICI '),
(82, 1, 'YIKAMA ZAMANLAYICI'),
(83, 1, 'KALAN SÜRE GÖSTERME'),
(84, 1, 'GECİKMELİ BAŞLATMA'),
(85, 1, 'GÖSTERGE'),
(86, 1, 'EKRAN TİPİ '),
(87, 1, 'ÜCRETSİZ KURULUM'),
(88, 1, 'ÇAMAŞIR MAK.BOYUTU '),
(89, 1, 'Çanta'),
(90, 1, 'Daraltıcı Başlık'),
(91, 1, 'Epilasyon Başlığı'),
(92, 1, 'Epilasyon Hızı'),
(93, 1, 'Masaj Başlığı'),
(94, 1, 'Tıraş Başlığı'),
(95, 1, 'Marka'),
(96, 1, 'Garanti Süresi'),
(97, 1, 'Marka'),
(98, 1, 'Traş Ürünleri'),
(99, 1, 'Favori ve Bıyık Düzeltme Aparatı'),
(100, 1, 'Gösterge'),
(101, 1, 'Şarj Göstergesi'),
(102, 1, 'Şarj Olma Süresi'),
(103, 1, 'Tıraş Şekli'),
(104, 1, 'Şarjlı Kullanım Süresi'),
(105, 1, 'Gerilim (V) '),
(106, 1, 'Güç (w) '),
(107, 1, 'Isı Kademesi (adet) '),
(108, 1, 'Frequency (Hz)'),
(109, 1, 'Grill Özelliği'),
(110, 1, 'Güç '),
(111, 1, 'Hız ayarı '),
(112, 1, 'Pulse'),
(113, 1, 'Blender'),
(114, 1, 'Meyva Sıkıcı '),
(115, 1, 'Sert Meyve Sıkıcı '),
(116, 1, 'Çırpma Aparatı'),
(117, 1, 'Buz kırma '),
(118, 1, 'Hamur Yoğurma '),
(119, 1, 'Aksesuarlar '),
(120, 1, 'Renk '),
(121, 1, 'Toplam Kapasite (lt) '),
(122, 1, 'Doğrama '),
(123, 1, 'Güç '),
(124, 1, 'Otomatik Su Alımı '),
(125, 1, 'Ölçü Kaşığı'),
(126, 1, 'Su Deposu'),
(127, 1, 'Cezve malzemesi'),
(128, 1, 'Seri'),
(129, 1, 'Fonksiyon'),
(130, 1, 'Kasa'),
(131, 1, 'Kordon'),
(132, 1, 'Makine'),
(133, 1, 'Ebat'),
(134, 1, 'renk'),
(135, 1, 'renk');

-- --------------------------------------------------------

--
-- Tablo için tablo yapısı `e_coupon`
--

CREATE TABLE IF NOT EXISTS `e_coupon` (
  `id` int(11) NOT NULL AUTO_INCREMENT,
  `title` varchar(255) DEFAULT NULL,
  `description` tinytext,
  `code` varchar(255) CHARACTER SET utf8 COLLATE utf8_bin NOT NULL,
  `type` enum('1','2') NOT NULL,
  `value` float(12,2) NOT NULL,
  `date_start` date NOT NULL,
  `date_end` date NOT NULL,
  `status` enum('0','1','2') NOT NULL DEFAULT '0' COMMENT '0 - Kullanılmadı | 1 - Kullanıldı | 2 - Süresi Doldu',
  `date_add` timestamp NOT NULL DEFAULT CURRENT_TIMESTAMP,
  PRIMARY KEY (`id`),
  UNIQUE KEY `code` (`code`)
) ENGINE=MyISAM  DEFAULT CHARSET=utf8 AUTO_INCREMENT=7 ;

--
-- Tablo döküm verisi `e_coupon`
--

INSERT INTO `e_coupon` (`id`, `title`, `description`, `code`, `type`, `value`, `date_start`, `date_end`, `status`, `date_add`) VALUES
(1, NULL, NULL, 'PUpPyZCYoCP3', '1', 10.00, '2012-03-01', '2012-03-08', '2', '2012-03-06 08:33:59'),
(2, NULL, NULL, 'eSNAdUSUSQGF', '1', 10.00, '2012-03-01', '2012-03-08', '2', '2012-03-06 08:33:59'),
(3, NULL, NULL, 'wshQ0imO6kzz', '1', 10.00, '2012-03-01', '2012-03-08', '2', '2012-03-06 08:33:59'),
(4, NULL, NULL, 'xpLlBQ8IMUAv', '1', 10.00, '2012-03-01', '2012-03-08', '2', '2012-03-06 08:33:59'),
(5, NULL, NULL, '3c3VXZxYgK82', '1', 10.00, '2012-03-01', '2012-03-08', '2', '2012-03-06 08:33:59'),
(6, NULL, NULL, 's9R78m7RJj6I', '2', 12.00, '2012-03-15', '2012-03-22', '2', '2012-03-17 18:30:13');

-- --------------------------------------------------------

--
-- Tablo için tablo yapısı `e_eklentiler`
--

CREATE TABLE IF NOT EXISTS `e_eklentiler` (
  `eklenti_id` bigint(20) NOT NULL AUTO_INCREMENT,
  `eklenti_yer` text NOT NULL,
  `eklenti_baslik` text NOT NULL,
  `eklenti_baslik_goster` int(11) NOT NULL DEFAULT '1',
  `eklenti_ascii` varchar(255) NOT NULL,
  `eklenti_durum` int(11) NOT NULL DEFAULT '1',
  `eklenti_sira` int(11) NOT NULL,
  PRIMARY KEY (`eklenti_id`),
  KEY `eklenti_sira` (`eklenti_sira`),
  KEY `eklenti_durum` (`eklenti_durum`),
  KEY `eklenti_baslik_goster` (`eklenti_baslik_goster`),
  FULLTEXT KEY `eklenti_yer` (`eklenti_yer`)
) ENGINE=MyISAM  DEFAULT CHARSET=utf8 AUTO_INCREMENT=26 ;

--
-- Tablo döküm verisi `e_eklentiler`
--

INSERT INTO `e_eklentiler` (`eklenti_id`, `eklenti_yer`, `eklenti_baslik`, `eklenti_baslik_goster`, `eklenti_ascii`, `eklenti_durum`, `eklenti_sira`) VALUES
(1, 'a:1:{i:0;s:3:"sol";}', 'a:2:{i:1;s:20:"Ürün Gruplarımız";i:2;s:14:"Product Groups";}', 1, 'kategori', 1, 1),
(2, 'a:1:{i:0;s:3:"sol";}', 'a:1:{i:1;s:21:"Kampanyalı Ürünler";}', 1, 'kampanyali_urunler', 1, 3),
(3, 'a:1:{i:0;s:3:"sol";}', 'a:2:{i:1;s:14:"Yeni Ürünler";i:2;s:12:"New Products";}', 0, 'yeni_urunlerimiz', 0, 4),
(4, 'a:1:{i:0;s:8:"anasayfa";}', 'a:2:{i:1;s:6:"Slider";i:2;s:6:"Slider";}', 0, 'slider', 1, 1),
(5, 'a:1:{i:0;s:8:"anasayfa";}', 'a:2:{i:1;s:17:"Ana Sayfa Vitrini";i:2;s:17:"Showcase Homepage";}', 0, 'anasayfa_vitrini', 1, 3),
(6, 'a:1:{i:0;s:3:"sol";}', 'a:1:{i:1;s:15:"Duyurularımız";}', 1, 'duyurular', 1, 8),
(7, 'a:1:{i:0;s:3:"sol";}', 'a:1:{i:1;s:8:"Haberler";}', 1, 'haberler', 1, 7),
(8, 'a:1:{i:0;s:3:"sol";}', 'a:2:{i:1;s:20:"İndirimli Ürünler";i:2;s:17:"Discount Products";}', 1, 'indirimli_urunler', 1, 5),
(9, 'a:1:{i:0;s:3:"sol";}', 'a:1:{i:1;s:15:"Döviz Kurları";}', 0, 'doviz_kurlari', 1, 15),
(10, 'a:1:{i:0;s:3:"sol";}', 'a:1:{i:1;s:13:"Bilgilendirme";}', 1, 'icerik_kategorileri', 1, 6),
(13, 'a:1:{i:0;s:8:"anasayfa";}', 'a:1:{i:1;s:14:"Markalarımız";}', 0, 'markalarimiz', 1, 2),
(12, 'a:1:{i:0;s:3:"sol";}', 'a:1:{i:1;s:20:"Hızlı Ürün Arama";}', 0, 'urun_arama', 0, 10),
(24, 'a:1:{i:0;s:3:"sol";}', 'a:1:{i:1;s:14:"Facebook Store";}', 0, 'reklam_5', 0, 11),
(23, 'a:1:{i:0;s:3:"sol";}', 'a:1:{i:1;s:8:"Facebook";}', 0, 'reklam_4', 1, 12),
(22, 'a:1:{i:0;s:3:"sol";}', 'a:1:{i:1;s:25:"12 Ay a Varan Taksitlerle";}', 1, 'reklam_3', 1, 13),
(21, 'a:1:{i:0;s:3:"sol";}', 'a:1:{i:1;s:19:"Haftanın Fırsatı";}', 1, 'reklam_2', 1, 2),
(20, 'a:1:{i:0;s:3:"sol";}', 'a:1:{i:1;s:8:"Reklam 5";}', 1, 'reklam_1', 0, 15),
(25, 'a:1:{i:0;s:3:"sol";}', 'a:1:{i:1;s:22:"Popüler Ürünlerimiz";}', 1, 'populer_urunler', 1, 6);

-- --------------------------------------------------------

--
-- Tablo için tablo yapısı `e_eklentiler_ayalar`
--

CREATE TABLE IF NOT EXISTS `e_eklentiler_ayalar` (
  `eklenti_ascii` text NOT NULL,
  `ayar_adi` text NOT NULL,
  `ayar_deger` longtext NOT NULL
) ENGINE=MyISAM DEFAULT CHARSET=utf8;

--
-- Tablo döküm verisi `e_eklentiler_ayalar`
--

INSERT INTO `e_eklentiler_ayalar` (`eklenti_ascii`, `ayar_adi`, `ayar_deger`) VALUES
('kategori', 'tip', '2'),
('kampanyali_urunler', 'tip', '1'),
('kampanyali_urunler', 'siralama_sekli', 'random'),
('yeni_urunlerimiz', 'tip', '1'),
('slider', 'tip', '1'),
('slider', 'siralama_sekli', 'asc'),
('anasayfa_vitrini', 'tip', '1'),
('anasayfa_vitrini', 'siralama_sekli', 'desc'),
('kategori', 'siralama_sekli', 'asc'),
('yeni_urunlerimiz', 'siralama_sekli', 'desc'),
('anasayfa_vitrini', 'siralama_limit', '100'),
('duyurular', 'tip', '1'),
('duyurular', 'siralama_sekli', 'asc'),
('haberler', 'tip', '1'),
('haberler', 'siralama_sekli', 'desc'),
('indirimli_urunler', 'tip', '1'),
('indirimli_urunler', 'siralama_sekli', 'desc'),
('doviz_kurlari', 'tip', '1'),
('icerik_kategorileri', 'siralama_sekli', 'asc'),
('icerik_kategorileri', 'tip', '1'),
('icerik_kategorileri', 'kategori_id', '0'),
('urun_arama', 'tip', '1'),
('markalarimiz', 'tip', '1'),
('markalarimiz', 'siralama_sekli', 'desc'),
('markalarimiz', 'siralama_limit', '25'),
('reklam_1', 'tip', '1'),
('reklam_1', 'icerik', '<p>\n	Reklam alanı</p>'),
('reklam_2', 'tip', '1'),
('reklam_2', 'icerik', '<p style="text-align: center;">\r\n	<strong><span style="font-size: 14px;"><span style="color:#ff8c00;"><span style="font-size: 16px;">Asus</span></span>&nbsp; i7, 4GB 320GB 15.6&quot;</span><br />\r\n	</strong></p>\r\n<p style="text-align: center;">\r\n	<span style="color:#f00;"><span style="font-size: 18px;"><strong><blink>12 Aya Varan Taksitle</blink></strong></span></span><span style="font-size:20px;"><strong><blink></blink></strong></span></p>\r\n<p>\r\n	&nbsp;</p>\r\n<p>\r\n	<a href="/"> <img alt="" src="http://eticaret.serkankoch.com/upload/editor/data/resimler/slider/firsat-urunu-asus.jpg" style="width: 196px; height: 163px;" /></a></p>\r\n<p>\r\n	<a href="http://eticaret.serkankoch.com/tr/asus-laptop-i7-islemci-4gb-ram-640gb-w7hp--u"> </a></p>'),
('reklam_3', 'tip', '1'),
('reklam_3', 'icerik', '<p style="text-align: center; ">\n	<blink><span style="color: rgb(139, 69, 19);"><span style="font-size: 16px;"><em><strong> B&uuml;t&uuml;n Siparişlerinizde </strong></em></span></span></blink></p>\n<p style="text-align: center; ">\n	<blink><span style="color: rgb(139, 69, 19);"><span style="font-size: 16px;"><em><strong>&quot; <span style="font-size: 22px;"><span style="color: rgb(255, 0, 0);">12 Ay a Varan</span> </span></strong></em></span><em><strong>&quot; <span style="font-size: 16px;">Taksit İmkanı </span></strong></em></span></blink></p>\n<p style="text-align: center; ">\n	<img alt="" height="115" src="http://eticaret.serkankoch.com/upload/editor/data/resimler/slider/garanti-taksit.png" width="210" /></p>\n<p style="text-align: center; ">\n	<img alt="" height="49" src="http://eticaret.serkankoch.com/upload/editor/data/resimler/slider/world-taksit.png" width="210" /></p>\n<p style="text-align: center; ">\n	<img alt="" height="68" src="http://eticaret.serkankoch.com/upload/editor/data/resimler/slider/axess-taksit.png" width="210" /></p>\n<p style="text-align: center; ">\n	<img alt="" height="51" src="http://eticaret.serkankoch.com/upload/editor/data/resimler/slider/card-finans.png" width="210" /></p>\n<p>\n	<blink></blink></p>'),
('reklam_4', 'tip', '1'),
('reklam_4', 'icerik', '<p>\n<iframe allowtransparency="true" frameborder="0" scrolling="no" src="//www.facebook.com/plugins/likebox.php?href=http%3A%2F%2Fwww.facebook.com%2Fpages%2FE-ticaret%2F313965518637945&amp;width=200&amp;height=258&amp;colorscheme=light&amp;show_faces=true&amp;border_color&amp;stream=false&amp;header=false&amp;appId=209844552448838" style="border:none; overflow:hidden; width:220px; height:258px;"></iframe></p>'),
('reklam_5', 'tip', '1'),
('reklam_5', 'icerik', '<p>\n	<img alt="" height="240" src="http://eticaret.serkankoch.com/upload/editor/data/resimler/slider/facebook-reklam.png" width="220" /></p>'),
('yeni_urunlerimiz', 'siralama_limit', '25'),
('indirimli_urunler', 'siralama_limit', '20'),
('kampanyali_urunler', 'siralama_limit', '15'),
('duyurular', 'siralama_limit', '5'),
('haberler', 'siralama_limit', '5'),
('icerik_kategorileri', 'siralama_limit', '5'),
('populer_urunler', 'tip', '1'),
('populer_urunler', 'siralama_sekli', 'desc'),
('populer_urunler', 'siralama_limit', '5');

-- --------------------------------------------------------

--
-- Tablo için tablo yapısı `e_information`
--

CREATE TABLE IF NOT EXISTS `e_information` (
  `information_id` int(11) NOT NULL AUTO_INCREMENT,
  `sort_order` int(3) NOT NULL DEFAULT '0',
  `category_id` int(11) NOT NULL DEFAULT '0',
  `type` varchar(100) NOT NULL,
  `status` int(1) NOT NULL DEFAULT '1',
  `delete` int(1) NOT NULL DEFAULT '1',
  `image` varchar(1000) DEFAULT NULL,
  `date_added` datetime NOT NULL DEFAULT '0000-00-00 00:00:00',
  `date_modified` datetime NOT NULL DEFAULT '0000-00-00 00:00:00',
  PRIMARY KEY (`information_id`)
) ENGINE=MyISAM  DEFAULT CHARSET=utf8 AUTO_INCREMENT=36 ;

--
-- Tablo döküm verisi `e_information`
--

INSERT INTO `e_information` (`information_id`, `sort_order`, `category_id`, `type`, `status`, `delete`, `image`, `date_added`, `date_modified`) VALUES
(1, 8, 1, 'information', 1, 0, 'resim_ekle.jpg', '2011-05-17 11:58:33', '2011-12-01 11:43:09'),
(2, 2, 1, 'information', 1, 0, 'resim_ekle.jpg', '2011-05-17 12:18:17', '2011-12-01 11:43:53'),
(3, 3, 1, 'information', 1, 0, 'resim_ekle.jpg', '2011-05-17 12:29:34', '2011-12-01 11:43:56'),
(4, 5, 1, 'information', 1, 0, 'resim_ekle.jpg', '2011-05-17 12:35:50', '2011-12-01 11:44:06'),
(5, 1, 1, 'information', 1, 0, 'resim_ekle.jpg', '2011-05-17 12:42:30', '2011-12-01 11:43:33'),
(6, 7, 1, 'information', 1, 0, 'resim_ekle.jpg', '2011-05-17 12:44:22', '2011-12-01 11:44:10'),
(7, 4, 1, 'information', 1, 0, 'resim_ekle.jpg', '2011-05-17 13:02:48', '2011-12-01 11:44:15'),
(9, 6, 1, 'information', 1, 0, 'resim_ekle.jpg', '2011-05-20 13:35:40', '2011-12-01 11:44:02');

-- --------------------------------------------------------

--
-- Tablo için tablo yapısı `e_information_category`
--

CREATE TABLE IF NOT EXISTS `e_information_category` (
  `information_category_id` int(11) NOT NULL AUTO_INCREMENT,
  `sort_order` int(3) NOT NULL DEFAULT '0',
  `parent_id` int(11) NOT NULL DEFAULT '0',
  `type` varchar(100) NOT NULL,
  `status` int(1) NOT NULL DEFAULT '1',
  `image` varchar(1000) DEFAULT NULL,
  `date_added` datetime NOT NULL DEFAULT '0000-00-00 00:00:00',
  `date_modified` datetime NOT NULL DEFAULT '0000-00-00 00:00:00',
  PRIMARY KEY (`information_category_id`)
) ENGINE=MyISAM  DEFAULT CHARSET=utf8 AUTO_INCREMENT=5 ;

--
-- Tablo döküm verisi `e_information_category`
--

INSERT INTO `e_information_category` (`information_category_id`, `sort_order`, `parent_id`, `type`, `status`, `image`, `date_added`, `date_modified`) VALUES
(4, 1, 0, 'information', 1, 'resim_ekle.jpg', '2011-12-08 09:31:19', '2011-12-08 09:31:19'),
(2, 1, 0, 'news', 1, 'resim_ekle.jpg', '2011-06-03 13:23:10', '2011-11-26 08:23:41'),
(3, 1, 0, 'announcement', 1, 'resim_ekle.jpg', '2011-10-07 13:50:45', '2011-11-26 08:23:25');

-- --------------------------------------------------------

--
-- Tablo için tablo yapısı `e_information_category_description`
--

CREATE TABLE IF NOT EXISTS `e_information_category_description` (
  `information_category_id` int(11) NOT NULL,
  `language_id` int(11) NOT NULL,
  `title` varchar(128) NOT NULL DEFAULT '',
  `description` longtext NOT NULL,
  `meta_keywords` varchar(255) NOT NULL,
  `meta_description` varchar(255) NOT NULL,
  `seo` text NOT NULL,
  PRIMARY KEY (`information_category_id`,`language_id`)
) ENGINE=MyISAM DEFAULT CHARSET=utf8;

--
-- Tablo döküm verisi `e_information_category_description`
--

INSERT INTO `e_information_category_description` (`information_category_id`, `language_id`, `title`, `description`, `meta_keywords`, `meta_description`, `seo`) VALUES
(4, 1, 'Genel Bilgilendirme', '<p>\n	Genel Bilgilendirme</p>', 'Genel Bilgilendirme', 'Genel Bilgilendirme', 'genel-bilgilendirme'),
(2, 1, 'Genel', '', '', '', 'haber-genel'),
(3, 1, 'Genel', '', '', '', 'duyuru-genel');

-- --------------------------------------------------------

--
-- Tablo için tablo yapısı `e_information_description`
--

CREATE TABLE IF NOT EXISTS `e_information_description` (
  `information_id` int(11) NOT NULL,
  `language_id` int(11) NOT NULL,
  `title` varchar(128) NOT NULL DEFAULT '',
  `description` longtext NOT NULL,
  `meta_keywords` varchar(255) NOT NULL,
  `meta_description` varchar(255) NOT NULL,
  `seo` text NOT NULL,
  PRIMARY KEY (`information_id`,`language_id`)
) ENGINE=MyISAM DEFAULT CHARSET=utf8;

--
-- Tablo döküm verisi `e_information_description`
--

INSERT INTO `e_information_description` (`information_id`, `language_id`, `title`, `description`, `meta_keywords`, `meta_description`, `seo`) VALUES
(6, 1, 'Kurumsal Satış', '<div style="padding: 10px; text-align: justify;">\n	<strong>Kurumsal Satış</strong></div>\n<div style="padding: 10px; text-align: justify;">\n	Sistem &uuml;zerinden kurumsal m&uuml;şterilere satış yapılacaksa kurumsal satışi s&ouml;zleşmeleri ve bilgileri bu sayfada yer alacaktır.</div>\n<div style="padding: 10px; text-align: justify;">\n	Şu anda ziyaret ettiğiniz b&ouml;l&uuml;mde d&uuml;zenleme devam etmektedir. Okumakta olduğunuz bu yazı sisteme test i&ccedil;in yerleştirilmiştir. Bu b&ouml;l&uuml;mdeki d&uuml;zenleme işlemi tamamladığında g&ouml;r&uuml;nt&uuml;lemekte olduğunuz bu i&ccedil;erik yerine ger&ccedil;ek i&ccedil;erikler g&ouml;r&uuml;nt&uuml;lenmeye başlayacaktır.</div>\n<div style="padding: 10px; text-align: justify;">\n	Bu yazının bir yanlışlık nedeni ile burada g&ouml;r&uuml;nt&uuml;lendiğini d&uuml;ş&uuml;n&uuml;yorsanız l&uuml;tfen <a href="tr/site/iletisim" style="color: rgb(0, 0, 0);">iletişim</a> b&ouml;l&uuml;m&uuml;nden bizimle irtibata ge&ccedil;ebilirsiniz. Ekibimiz bu b&ouml;l&uuml;me m&uuml;dahale ederek g&ouml;sterilmekte olan bu yazıyı g&ouml;sterimden kaldıracaktır.</div>', 'kurumsal satış', 'Kurumsal Satış', 'kurumsal_satis'),
(3, 1, 'Sipariş ve Ödeme', '<div style="padding: 10px;">\n	<div>\n		<div style="padding-top: 10px; padding-right: 10px; padding-bottom: 10px; padding-left: 10px; text-align: justify; ">\n			<strong>Sipariş ve &Ouml;deme</strong></div>\n		<div style="padding-top: 10px; padding-right: 10px; padding-bottom: 10px; padding-left: 10px; text-align: justify; ">\n			Bu sayfa sipariş ve &ouml;deme hakkında genel bir bilgi ihtiva edecektir.&Ouml;deme ile alakalı bildirilmesi gereken kritik bilgiler bu b&ouml;l&uuml;mde yer alacaktır. Sipariş ve &ouml;demedahilindeki resmi bilgiler de bu sayfada yer alabilir.</div>\n		<div style="padding-top: 10px; padding-right: 10px; padding-bottom: 10px; padding-left: 10px; text-align: justify; ">\n			Şu anda ziyaret ettiğiniz b&ouml;l&uuml;mde d&uuml;zenleme devam etmektedir. Okumakta olduğunuz bu yazı sisteme test i&ccedil;in yerleştirilmiştir. Bu b&ouml;l&uuml;mdeki d&uuml;zenleme işlemi tamamladığında g&ouml;r&uuml;nt&uuml;lemekte olduğunuz bu i&ccedil;erik yerine ger&ccedil;ek i&ccedil;erikler g&ouml;r&uuml;nt&uuml;lenmeye başlayacaktır.</div>\n		<div style="padding-top: 10px; padding-right: 10px; padding-bottom: 10px; padding-left: 10px; text-align: justify; ">\n			Bu yazının bir yanlışlık nedeni ile burada g&ouml;r&uuml;nt&uuml;lendiğini d&uuml;ş&uuml;n&uuml;yorsanız&nbsp;&nbsp;<a href="tr/site/iletisim" style="color: rgb(0, 0, 0); ">iletişim</a>&nbsp;b&ouml;l&uuml;m&uuml;nden bizimle irtibata ge&ccedil;ebilirsiniz. Ekibimiz bu b&ouml;l&uuml;me m&uuml;dahale ederek g&ouml;sterilmekte olan bu yazıyı g&ouml;sterimden kaldıracaktır.</div>\n	</div>\n	<p>\n		&nbsp;</p>\n</div>', 'sipariş ve ödeme', 'Sipariş ve Ödeme', 'siparis_ve_odeme'),
(4, 1, 'Satış Sözleşmesi', '<div style="padding: 10px;">\n	<div>\n		<div style="padding-top: 10px; padding-right: 10px; padding-bottom: 10px; padding-left: 10px; text-align: justify; ">\n			<strong>Satış S&ouml;zleşmesi</strong></div>\n		<div style="padding-top: 10px; padding-right: 10px; padding-bottom: 10px; padding-left: 10px; text-align: justify; ">\n			Bu sayfa satış s&ouml;zleşmesi hakkında genel bir bilgi ihtiva edecektir. S&ouml;zleşme ile alakalı bildirilmesi gereken kritik bilgiler bu b&ouml;l&uuml;mde yer alacaktır. Satış s&ouml;zleşmesi ve kampanya dahilindeki resmi bilgiler de bu sayfada yer alabilir.</div>\n		<div style="padding-top: 10px; padding-right: 10px; padding-bottom: 10px; padding-left: 10px; text-align: justify; ">\n			Şu anda ziyaret ettiğiniz b&ouml;l&uuml;mde d&uuml;zenleme devam etmektedir. Okumakta olduğunuz bu yazı sisteme test i&ccedil;in yerleştirilmiştir. Bu b&ouml;l&uuml;mdeki d&uuml;zenleme işlemi tamamladığında g&ouml;r&uuml;nt&uuml;lemekte olduğunuz bu i&ccedil;erik yerine ger&ccedil;ek i&ccedil;erikler g&ouml;r&uuml;nt&uuml;lenmeye başlayacaktır.</div>\n		<div style="padding-top: 10px; padding-right: 10px; padding-bottom: 10px; padding-left: 10px; text-align: justify; ">\n			Bu yazının bir yanlışlık nedeni ile burada g&ouml;r&uuml;nt&uuml;lendiğini d&uuml;ş&uuml;n&uuml;yorsanız&nbsp;&nbsp;<a href="tr/site/iletisim" style="color: rgb(0, 0, 0); ">iletişim</a>&nbsp;b&ouml;l&uuml;m&uuml;nden bizimle irtibata ge&ccedil;ebilirsiniz. Ekibimiz bu b&ouml;l&uuml;me m&uuml;dahale ederek g&ouml;sterilmekte olan bu yazıyı g&ouml;sterimden kaldıracaktır.</div>\n	</div>\n</div>', 'satış sözleşmesi', 'Satış Sözleşmesi', 'satis_sozlesmesi'),
(9, 1, 'Sevkiyat ve Teslimat', '<div style="padding: 10px; text-align: justify;">\n	<div>\n		<div style="padding-top: 10px; padding-right: 10px; padding-bottom: 10px; padding-left: 10px; ">\n			<strong>Sevkiyat ve Teslimat</strong></div>\n		<div style="padding-top: 10px; padding-right: 10px; padding-bottom: 10px; padding-left: 10px; ">\n			Bu sayfa sevkiyat hakkında genel bir bilgi ihtiva edecektir. Teslimat ile alakalı bildirilmesi gereken kritik bilgiler bu b&ouml;l&uuml;mde yer alacaktır. Sevkiyat ve teslimat dahilindeki resmi bilgiler de bu sayfada yer alabilir.</div>\n		<div style="padding-top: 10px; padding-right: 10px; padding-bottom: 10px; padding-left: 10px; ">\n			Şu anda ziyaret ettiğiniz b&ouml;l&uuml;mde d&uuml;zenleme devam etmektedir. Okumakta olduğunuz bu yazı sisteme test i&ccedil;in yerleştirilmiştir. Bu b&ouml;l&uuml;mdeki d&uuml;zenleme işlemi tamamladığında g&ouml;r&uuml;nt&uuml;lemekte olduğunuz bu i&ccedil;erik yerine ger&ccedil;ek i&ccedil;erikler g&ouml;r&uuml;nt&uuml;lenmeye başlayacaktır.</div>\n		<div style="padding-top: 10px; padding-right: 10px; padding-bottom: 10px; padding-left: 10px; ">\n			Bu yazının bir yanlışlık nedeni ile burada g&ouml;r&uuml;nt&uuml;lendiğini d&uuml;ş&uuml;n&uuml;yorsanız&nbsp;&nbsp;<a href="tr/site/iletisim" style="color: rgb(0, 0, 0); ">iletişim</a>&nbsp;b&ouml;l&uuml;m&uuml;nden bizimle irtibata ge&ccedil;ebilirsiniz. Ekibimiz bu b&ouml;l&uuml;me m&uuml;dahale ederek g&ouml;sterilmekte olan bu yazıyı g&ouml;sterimden kaldıracaktır.</div>\n	</div>\n</div>', 'sevkiyat ve teslimat', 'Sevkiyat ve Teslimat', 'sevkiyat_ve_teslimat'),
(7, 1, 'Gizlilik ve Güvenlik', '<div style="padding: 10px; text-align: justify;">\n	<div>\n		<div style="padding-top: 10px; padding-right: 10px; padding-bottom: 10px; padding-left: 10px; ">\n			<strong>Gizlilik ve G&uuml;venlik</strong></div>\n		<div style="padding-top: 10px; padding-right: 10px; padding-bottom: 10px; padding-left: 10px; ">\n			Bu sayfa gizlilik hakkında genel bir bilgi ihtiva edecektir. G&uuml;venlik ile alakalı bildirilmesi gereken kritik bilgiler bu b&ouml;l&uuml;mde yer alacaktır. Gizlilik ve g&uuml;venlik dahilindeki resmi bilgiler de bu sayfada yer alabilir.</div>\n		<div style="padding-top: 10px; padding-right: 10px; padding-bottom: 10px; padding-left: 10px; ">\n			Şu anda ziyaret ettiğiniz b&ouml;l&uuml;mde d&uuml;zenleme devam etmektedir. Okumakta olduğunuz bu yazı sisteme test i&ccedil;in yerleştirilmiştir. Bu b&ouml;l&uuml;mdeki d&uuml;zenleme işlemi tamamladığında g&ouml;r&uuml;nt&uuml;lemekte olduğunuz bu i&ccedil;erik yerine ger&ccedil;ek i&ccedil;erikler g&ouml;r&uuml;nt&uuml;lenmeye başlayacaktır.</div>\n		<div style="padding-top: 10px; padding-right: 10px; padding-bottom: 10px; padding-left: 10px; ">\n			Bu yazının bir yanlışlık nedeni ile burada g&ouml;r&uuml;nt&uuml;lendiğini d&uuml;ş&uuml;n&uuml;yorsanız&nbsp;&nbsp;<a href="tr/site/iletisim" style="color: rgb(0, 0, 0); ">iletişim</a>&nbsp;b&ouml;l&uuml;m&uuml;nden bizimle irtibata ge&ccedil;ebilirsiniz. Ekibimiz bu b&ouml;l&uuml;me m&uuml;dahale ederek g&ouml;sterilmekte olan bu yazıyı g&ouml;sterimden kaldıracaktır.</div>\n	</div>\n</div>', 'gizlilik ve güvenlik', 'Gizlilik ve Güvenlik', 'gizlilik_ve_guvenlik'),
(2, 1, 'Ssl Sertifikası', '<div style="padding: 10px; text-align: justify;">\n	<div>\n		<div style="padding-top: 10px; padding-right: 10px; padding-bottom: 10px; padding-left: 10px; ">\n			<strong>SSL Sertifikası</strong></div>\n		<div style="padding-top: 10px; padding-right: 10px; padding-bottom: 10px; padding-left: 10px; ">\n			Bu sayfa SSL sertifikası hakkında genel bir bilgi ihtiva edecektir. SSL ile alakalı bildirilmesi gereken kritik bilgiler bu b&ouml;l&uuml;mde yer alacaktır. SSL dahilindeki resmi bilgiler de bu sayfada yer alabilir.</div>\n		<div style="padding-top: 10px; padding-right: 10px; padding-bottom: 10px; padding-left: 10px; ">\n			Şu anda ziyaret ettiğiniz b&ouml;l&uuml;mde d&uuml;zenleme devam etmektedir. Okumakta olduğunuz bu yazı sisteme test i&ccedil;in yerleştirilmiştir. Bu b&ouml;l&uuml;mdeki d&uuml;zenleme işlemi tamamladığında g&ouml;r&uuml;nt&uuml;lemekte olduğunuz bu i&ccedil;erik yerine ger&ccedil;ek i&ccedil;erikler g&ouml;r&uuml;nt&uuml;lenmeye başlayacaktır.</div>\n		<div style="padding-top: 10px; padding-right: 10px; padding-bottom: 10px; padding-left: 10px; ">\n			Bu yazının bir yanlışlık nedeni ile burada g&ouml;r&uuml;nt&uuml;lendiğini d&uuml;ş&uuml;n&uuml;yorsanız&nbsp;&nbsp;<a href="tr/site/iletisim" style="color: rgb(0, 0, 0); ">iletişim</a>&nbsp;b&ouml;l&uuml;m&uuml;nden bizimle irtibata ge&ccedil;ebilirsiniz. Ekibimiz bu b&ouml;l&uuml;me m&uuml;dahale ederek g&ouml;sterilmekte olan bu yazıyı g&ouml;sterimden kaldıracaktır.</div>\n	</div>\n</div>', 'ssl sertifikası', 'SSL Sertifikası', 'ssl_sertifikasi'),
(5, 1, 'Ürünler Hakkında', '<div style="padding: 10px; text-align: justify;">\n	<div>\n		<div style="padding-top: 10px; padding-right: 10px; padding-bottom: 10px; padding-left: 10px; ">\n			<strong>&Uuml;r&uuml;nler Hakkında Bilgi</strong></div>\n		<div style="padding-top: 10px; padding-right: 10px; padding-bottom: 10px; padding-left: 10px; ">\n			Bu sayfa &uuml;r&uuml;nler hakkında genel bir bilgi ihtiva edecektir. &Uuml;r&uuml;nler ile alakalı bildirilmesi gereken kritik bilgiler bu b&ouml;l&uuml;mde yer alacaktır. &Uuml;r&uuml;nler dahilindeki resmi bilgiler de bu sayfada yer alabilir.</div>\n		<div style="padding-top: 10px; padding-right: 10px; padding-bottom: 10px; padding-left: 10px; ">\n			Şu anda ziyaret ettiğiniz b&ouml;l&uuml;mde d&uuml;zenleme devam etmektedir. Okumakta olduğunuz bu yazı sisteme test i&ccedil;in yerleştirilmiştir. Bu b&ouml;l&uuml;mdeki d&uuml;zenleme işlemi tamamladığında g&ouml;r&uuml;nt&uuml;lemekte olduğunuz bu i&ccedil;erik yerine ger&ccedil;ek i&ccedil;erikler g&ouml;r&uuml;nt&uuml;lenmeye başlayacaktır.</div>\n		<div style="padding-top: 10px; padding-right: 10px; padding-bottom: 10px; padding-left: 10px; ">\n			Bu yazının bir yanlışlık nedeni ile burada g&ouml;r&uuml;nt&uuml;lendiğini d&uuml;ş&uuml;n&uuml;yorsanız&nbsp;&nbsp;<a href="tr/site/iletisim" style="color: rgb(0, 0, 0); ">iletişim</a>&nbsp;b&ouml;l&uuml;m&uuml;nden bizimle irtibata ge&ccedil;ebilirsiniz. Ekibimiz bu b&ouml;l&uuml;me m&uuml;dahale ederek g&ouml;sterilmekte olan bu yazıyı g&ouml;sterimden kaldıracaktır.</div>\n	</div>\n</div>', 'ürünler hakkında bilgi', 'Ürünler Hakkında Bilgi', 'urunler_hakkinda_bilgi'),
(1, 1, 'Hakkımızda', '<div style="padding: 10px; text-align: justify;">\n	<div>\n		<div style="padding-top: 10px; padding-right: 10px; padding-bottom: 10px; padding-left: 10px; ">\n			<strong>Hakkımızda</strong></div>\n		<div style="padding-top: 10px; padding-right: 10px; padding-bottom: 10px; padding-left: 10px; ">\n			Bu sayfa şirketimiz hakkında genel bir bilgi ihtiva edecektir. Şirketimiz ile alakalı bildirilmesi gereken kritik bilgiler bu b&ouml;l&uuml;mde yer alacaktır. Firmamız dahilindeki resmi bilgiler de bu sayfada yer alabilir.</div>\n		<div style="padding-top: 10px; padding-right: 10px; padding-bottom: 10px; padding-left: 10px; ">\n			Şu anda ziyaret ettiğiniz b&ouml;l&uuml;mde d&uuml;zenleme devam etmektedir. Okumakta olduğunuz bu yazı sisteme test i&ccedil;in yerleştirilmiştir. Bu b&ouml;l&uuml;mdeki d&uuml;zenleme işlemi tamamladığında g&ouml;r&uuml;nt&uuml;lemekte olduğunuz bu i&ccedil;erik yerine ger&ccedil;ek i&ccedil;erikler g&ouml;r&uuml;nt&uuml;lenmeye başlayacaktır.</div>\n		<div style="padding-top: 10px; padding-right: 10px; padding-bottom: 10px; padding-left: 10px; ">\n			Bu yazının bir yanlışlık nedeni ile burada g&ouml;r&uuml;nt&uuml;lendiğini d&uuml;ş&uuml;n&uuml;yorsanız&nbsp;&nbsp;<a href="tr/site/iletisim" style="color: rgb(0, 0, 0); ">iletişim</a>&nbsp;b&ouml;l&uuml;m&uuml;nden bizimle irtibata ge&ccedil;ebilirsiniz. Ekibimiz bu b&ouml;l&uuml;me m&uuml;dahale ederek g&ouml;sterilmekte olan bu yazıyı g&ouml;sterimden kaldıracaktır.</div>\n	</div>\n</div>', 'hakkımızda', 'Hakkımızda', 'hakkimizda');

-- --------------------------------------------------------

--
-- Tablo için tablo yapısı `e_istatistik`
--

CREATE TABLE IF NOT EXISTS `e_istatistik` (
  `istatistik_id` bigint(20) NOT NULL AUTO_INCREMENT COMMENT 'istatistik_id',
  `istatistik_ip` varchar(20) NOT NULL COMMENT 'ip adresi',
  `istatistik_son_sayfa` varchar(500) DEFAULT NULL COMMENT 'son dolaştığı sayfa',
  `istatistik_tarih` datetime NOT NULL COMMENT 'son geldiği süre',
  `istatistik_uye_id` bigint(20) DEFAULT NULL COMMENT 'üye girmişse üye id''si',
  `istatistik_tarayici_bilgisi` varchar(255) NOT NULL COMMENT 'tarayıcı bilgisi',
  `istatistik_tip` int(2) NOT NULL DEFAULT '2' COMMENT 'ziyaretçi botmu değilmi / 1 bot 2 ziyaretçi',
  PRIMARY KEY (`istatistik_id`),
  KEY `istatistik_tip` (`istatistik_tip`),
  KEY `istatistik_ip` (`istatistik_ip`),
  KEY `istatistik_tarih` (`istatistik_tarih`),
  KEY `istatistik_uye_id` (`istatistik_uye_id`),
  KEY `istatistik_tarayici_bilgisi` (`istatistik_tarayici_bilgisi`)
) ENGINE=MyISAM DEFAULT CHARSET=utf8 AUTO_INCREMENT=1 ;

-- --------------------------------------------------------

--
-- Tablo için tablo yapısı `e_kargo`
--

CREATE TABLE IF NOT EXISTS `e_kargo` (
  `kargo_id` bigint(20) NOT NULL AUTO_INCREMENT,
  `kargo_adi` text,
  `kargo_logo` text,
  `kargo_parca` text,
  `kargo_ucret_tip` int(11) DEFAULT NULL,
  `kargo_sira` int(11) DEFAULT NULL,
  `kargo_flag` int(11) DEFAULT NULL,
  PRIMARY KEY (`kargo_id`),
  KEY `kargo_ucret_tip` (`kargo_ucret_tip`),
  KEY `kargo_sira` (`kargo_sira`),
  KEY `kargo_flag` (`kargo_flag`)
) ENGINE=MyISAM  DEFAULT CHARSET=utf8 AUTO_INCREMENT=8 ;

--
-- Tablo döküm verisi `e_kargo`
--

INSERT INTO `e_kargo` (`kargo_id`, `kargo_adi`, `kargo_logo`, `kargo_parca`, `kargo_ucret_tip`, `kargo_sira`, `kargo_flag`) VALUES
(3, 'Yurtiçi Kargo', 'data/resimler/logo/yurtici_kargo.jpg', '2', 1, 1, 1),
(5, 'UPS Kargo', 'data/resimler/logo/ups_kargo.jpg', '2', 1, 3, 1),
(6, 'MNG Kargo', 'data/resimler/logo/mng_kargo.jpg', '2', 1, 4, 1);

-- --------------------------------------------------------

--
-- Tablo için tablo yapısı `e_kargo_ucret`
--

CREATE TABLE IF NOT EXISTS `e_kargo_ucret` (
  `kargo_ucret_id` bigint(20) NOT NULL AUTO_INCREMENT,
  `kargo_ucret_tip` text,
  `kargo_ucret_ucret` double(10,4) DEFAULT NULL,
  `kargo_ucret_flag` int(11) DEFAULT NULL,
  `kargo_id` bigint(20) DEFAULT NULL,
  PRIMARY KEY (`kargo_ucret_id`),
  KEY `kargo_ucret_ucret` (`kargo_ucret_ucret`),
  KEY `kargo_ucret_flag` (`kargo_ucret_flag`),
  KEY `kargo_id` (`kargo_id`)
) ENGINE=MyISAM  DEFAULT CHARSET=utf8 AUTO_INCREMENT=57 ;

--
-- Tablo döküm verisi `e_kargo_ucret`
--

INSERT INTO `e_kargo_ucret` (`kargo_ucret_id`, `kargo_ucret_tip`, `kargo_ucret_ucret`, `kargo_ucret_flag`, `kargo_id`) VALUES
(17, 'ucret_tip1', 5.0000, 1, 3),
(18, 'ucret_tip2', 5.0000, 1, 3),
(19, 'ucret_tip3', 10.0000, 1, 3),
(20, 'ucret_tip4', 15.0000, 1, 3),
(21, 'ucret_tip5', 20.0000, 1, 3),
(22, 'ucret_tip6', 25.0000, 1, 3),
(23, 'ucret_tip7', 30.0000, 1, 3),
(24, 'ucret_tip8', 35.0000, 1, 3),
(25, 'ucret_tip1', 5.0000, 1, 4),
(26, 'ucret_tip2', NULL, 1, 4),
(27, 'ucret_tip3', NULL, 1, 4),
(28, 'ucret_tip4', NULL, 1, 4),
(29, 'ucret_tip5', NULL, 1, 4),
(30, 'ucret_tip6', NULL, 1, 4),
(31, 'ucret_tip7', NULL, 1, 4),
(32, 'ucret_tip8', NULL, 1, 4),
(33, 'ucret_tip1', 5.0000, 1, 5),
(34, 'ucret_tip2', 5.0000, 1, 5),
(35, 'ucret_tip3', 10.0000, 1, 5),
(36, 'ucret_tip4', 15.0000, 1, 5),
(37, 'ucret_tip5', 20.0000, 1, 5),
(38, 'ucret_tip6', 25.0000, 1, 5),
(39, 'ucret_tip7', 30.0000, 1, 5),
(40, 'ucret_tip8', 35.0000, 1, 5),
(41, 'ucret_tip1', 5.0000, 1, 6),
(42, 'ucret_tip2', 5.0000, 1, 6),
(43, 'ucret_tip3', 10.0000, 1, 6),
(44, 'ucret_tip4', 15.0000, 1, 6),
(45, 'ucret_tip5', 20.0000, 1, 6),
(46, 'ucret_tip6', 25.0000, 1, 6),
(47, 'ucret_tip7', 30.0000, 1, 6),
(48, 'ucret_tip8', 35.0000, 1, 6),
(49, 'ucret_tip1', 1.0000, 1, 7),
(50, 'ucret_tip2', 15.0000, 1, 7),
(51, 'ucret_tip3', 610.0000, 1, 7),
(52, 'ucret_tip4', 1120.0000, 1, 7),
(53, 'ucret_tip5', 2130.0000, 1, 7),
(54, 'ucret_tip6', 3140.0000, 1, 7),
(55, 'ucret_tip7', 4150.0000, 1, 7),
(56, 'ucret_tip8', 5160.0000, 1, 7);

-- --------------------------------------------------------

--
-- Tablo için tablo yapısı `e_kurlar`
--

CREATE TABLE IF NOT EXISTS `e_kurlar` (
  `kur_id` int(11) NOT NULL AUTO_INCREMENT,
  `kur_adi` varchar(25) NOT NULL,
  `kur_alis` double(5,4) NOT NULL,
  `kur_alis_eski` double(5,4) DEFAULT NULL,
  `kur_satis` double(5,4) NOT NULL,
  `kur_satis_eski` double(5,4) DEFAULT NULL,
  `kur_tipi` int(11) NOT NULL,
  `kur_alis_manuel` double(5,4) NOT NULL,
  `kur_satis_manuel` double(5,4) NOT NULL,
  `kur_guncelleme_zamani` datetime NOT NULL,
  PRIMARY KEY (`kur_id`),
  KEY `kur_guncelleme_zamani` (`kur_guncelleme_zamani`),
  KEY `kur_satis_manuel` (`kur_satis_manuel`),
  KEY `kur_alis_manuel` (`kur_alis_manuel`),
  KEY `kur_tipi` (`kur_tipi`),
  KEY `kur_satis_eski` (`kur_satis_eski`),
  KEY `kur_satis` (`kur_satis`),
  KEY `kur_alis_eski` (`kur_alis_eski`),
  KEY `kur_alis` (`kur_alis`),
  KEY `kur_adi` (`kur_adi`)
) ENGINE=MyISAM  DEFAULT CHARSET=utf8 AUTO_INCREMENT=4 ;

--
-- Tablo döküm verisi `e_kurlar`
--

INSERT INTO `e_kurlar` (`kur_id`, `kur_adi`, `kur_alis`, `kur_alis_eski`, `kur_satis`, `kur_satis_eski`, `kur_tipi`, `kur_alis_manuel`, `kur_satis_manuel`, `kur_guncelleme_zamani`) VALUES
(1, 'USD', 2.1909, 2.1909, 2.1949, 2.1949, 2, 0.0000, 0.0000, '2014-01-15 09:22:31'),
(2, 'EUR', 2.9969, 2.9969, 3.0023, 3.0023, 3, 0.0000, 0.0000, '2014-01-15 09:22:31'),
(3, 'GBP', 3.5926, 3.5926, 3.6113, 3.6113, 4, 0.0000, 0.0000, '2014-01-15 09:22:31');

-- --------------------------------------------------------

--
-- Tablo için tablo yapısı `e_language`
--

CREATE TABLE IF NOT EXISTS `e_language` (
  `language_id` int(11) NOT NULL AUTO_INCREMENT,
  `name` varchar(32) NOT NULL DEFAULT '',
  `code` varchar(5) NOT NULL,
  `locale` varchar(255) NOT NULL,
  `image` varchar(64) NOT NULL,
  `directory` varchar(32) NOT NULL DEFAULT '',
  `filename` varchar(64) NOT NULL DEFAULT '',
  `sort_order` int(3) NOT NULL DEFAULT '0',
  `status` int(1) NOT NULL,
  PRIMARY KEY (`language_id`),
  KEY `name` (`name`)
) ENGINE=MyISAM  DEFAULT CHARSET=utf8 AUTO_INCREMENT=3 ;

--
-- Tablo döküm verisi `e_language`
--

INSERT INTO `e_language` (`language_id`, `name`, `code`, `locale`, `image`, `directory`, `filename`, `sort_order`, `status`) VALUES
(1, 'Türkçe', 'tr', 'tr_TR.UTF-8,tr_TR,tr-tr,turkish', 'tr.png', 'turkish', 'turkish', 1, 1),
(2, 'English', 'en', 'en_US.UTF-8,en_US,en-gb,english', 'gb.png', 'english', 'english', 2, 0);

-- --------------------------------------------------------

--
-- Tablo için tablo yapısı `e_login_attempts`
--

CREATE TABLE IF NOT EXISTS `e_login_attempts` (
  `id` int(11) NOT NULL AUTO_INCREMENT,
  `ip_address` varchar(40) NOT NULL,
  `time` timestamp NOT NULL DEFAULT CURRENT_TIMESTAMP ON UPDATE CURRENT_TIMESTAMP,
  PRIMARY KEY (`id`),
  KEY `time` (`time`),
  KEY `ip_address` (`ip_address`)
) ENGINE=MyISAM  DEFAULT CHARSET=utf8 AUTO_INCREMENT=103 ;

--
-- Tablo döküm verisi `e_login_attempts`
--

INSERT INTO `e_login_attempts` (`id`, `ip_address`, `time`) VALUES
(32, '212.253.98.37', '2011-08-18 15:19:39'),
(36, '31.140.24.54', '2011-10-02 16:51:54'),
(38, '178.245.98.169', '2011-10-13 10:07:33'),
(39, '78.189.208.22', '2011-10-17 09:21:30'),
(66, '78.190.89.158', '2011-12-01 14:35:55'),
(76, '85.99.39.213', '2011-12-09 08:29:06'),
(96, '85.101.29.118', '2012-03-14 09:28:08'),
(100, '127.0.0.1', '2012-06-20 21:27:47');

-- --------------------------------------------------------

--
-- Tablo için tablo yapısı `e_mail_reklamlar`
--

CREATE TABLE IF NOT EXISTS `e_mail_reklamlar` (
  `reklam_id` bigint(20) NOT NULL AUTO_INCREMENT,
  `reklam_flag` int(11) NOT NULL DEFAULT '1',
  `reklam_adi` text NOT NULL,
  `reklam_link` text NOT NULL,
  `reklam_icerik` text NOT NULL,
  PRIMARY KEY (`reklam_id`),
  KEY `reklam_flag` (`reklam_flag`)
) ENGINE=MyISAM  DEFAULT CHARSET=utf8 AUTO_INCREMENT=16 ;

--
-- Tablo döküm verisi `e_mail_reklamlar`
--

INSERT INTO `e_mail_reklamlar` (`reklam_id`, `reklam_flag`, `reklam_adi`, `reklam_link`, `reklam_icerik`) VALUES
(15, 1, 'Demo Reklam', '#', 'Online Alışverişin Yüzü');

-- --------------------------------------------------------

--
-- Tablo için tablo yapısı `e_manufacturer`
--

CREATE TABLE IF NOT EXISTS `e_manufacturer` (
  `manufacturer_id` int(11) NOT NULL AUTO_INCREMENT,
  `name` varchar(64) NOT NULL DEFAULT '',
  `image` varchar(255) DEFAULT NULL,
  `seo` varchar(255) NOT NULL,
  `meta_description` varchar(255) NOT NULL,
  `meta_keywords` varchar(255) NOT NULL,
  `description` longtext NOT NULL,
  `status` int(1) NOT NULL DEFAULT '1',
  `sort_order` int(3) NOT NULL,
  `date_added` datetime NOT NULL DEFAULT '0000-00-00 00:00:00',
  `date_modified` datetime NOT NULL DEFAULT '0000-00-00 00:00:00',
  PRIMARY KEY (`manufacturer_id`)
) ENGINE=MyISAM  DEFAULT CHARSET=utf8 AUTO_INCREMENT=70 ;

--
-- Tablo döküm verisi `e_manufacturer`
--

INSERT INTO `e_manufacturer` (`manufacturer_id`, `name`, `image`, `seo`, `meta_description`, `meta_keywords`, `description`, `status`, `sort_order`, `date_added`, `date_modified`) VALUES
(49, 'HP', 'data/resimler/marka/hp_logo.jpg', 'hp', '', '', '', 1, 5, '2011-12-01 12:15:57', '2011-12-01 12:16:03'),
(47, 'HTC', 'data/resimler/marka/htc_logo.jpg', 'htc', '', '', '', 1, 4, '2011-12-01 12:15:29', '2011-12-01 12:15:29'),
(50, 'Chicco', 'data/resimler/marka/logo.jpg', 'chicco', 'Chicco', 'Chicco', '', 1, 1, '2011-12-07 10:09:07', '2011-12-07 10:10:47'),
(44, 'Apple', 'data/resimler/marka/apple_colorfull_logo.jpg', 'apple', '', '', '', 1, 1, '2011-12-01 12:14:23', '2011-12-01 12:14:23'),
(45, 'Converse', 'data/resimler/marka/converse.jpg', 'converse', '', '', '', 1, 2, '2011-12-01 12:14:51', '2011-12-01 12:14:51'),
(46, 'Playstation', 'data/resimler/marka/PlayStation_logo.png', 'playstation', '', '', '', 1, 3, '2011-12-01 12:15:07', '2011-12-01 12:15:07'),
(51, 'Jhonson''s  Baby', 'data/resimler/urunler/bebekurunleri/14becf0f4d48eaebb7cc1bfe6aa14761_1307178530.jpg', 'jhonson-s-baby', 'Jhonson''s  Baby', 'Jhonson''s  Baby', '', 1, 1, '2011-12-07 13:11:57', '2011-12-07 13:11:57'),
(52, 'Damat', 'data/resimler/marka/damat-logo.jpg', 'damat', 'Damat', 'Damat', '<p>\n Damat</p>', 1, 1, '2011-12-07 16:04:32', '2011-12-07 16:04:32'),
(65, 'Braun', 'data/resimler/marka/braun-logo.jpg', 'braun', 'Braun', 'Braun', '<p>\n &nbsp;</p>\n<h1>\n <span id="ctl00_ContentPlaceHolder1_lblStokAd">Braun </span></h1>', 1, 1, '2011-12-09 10:10:36', '2011-12-09 10:10:36'),
(54, 'Samsung', 'data/resimler/marka/SamsungLogo.jpg', 'samsung', 'Samsung', 'Samsung', '<p>\n Samsung</p>', 1, 1, '2011-12-08 11:51:09', '2011-12-08 11:51:09'),
(55, 'Nokia', 'data/resimler/marka/nokia-logo.jpg', 'nokia', 'Nokia', 'Nokia', '<p>\n Nokia</p>', 1, 1, '2011-12-08 11:52:59', '2011-12-08 11:52:59'),
(56, 'Motorola', 'data/resimler/urunler/telefon-tablet/motorola-logo.jpg', 'motorola', 'Motorola', 'Motorola', '<p>\n Motorola</p>', 1, 1, '2011-12-08 13:48:26', '2011-12-08 13:48:26'),
(57, 'Philips', 'data/resimler/marka/Philips_logo.jpg', 'philips', 'Philips', 'Philips', '<p>\n Philips</p>', 1, 1, '2011-12-08 14:31:16', '2011-12-08 14:31:16'),
(58, 'Goodyear', 'data/resimler/marka/2.jpg', 'goodyear', '', '', '', 1, 1, '2011-12-08 14:47:08', '2011-12-08 14:47:08'),
(59, 'Sony', 'data/resimler/marka/sony_logo.jpg', 'sony', 'Sony', 'Sony', '<p>\n Sony</p>', 1, 1, '2011-12-08 14:48:25', '2011-12-08 14:48:25'),
(60, 'Logitech', 'data/resimler/marka/Logitech-logo.jpg', 'logitech', 'Logitech', 'Logitech', '<p>\n Logitech</p>', 1, 1, '2011-12-08 14:57:55', '2011-12-08 14:57:55'),
(61, 'Arçelik', 'data/resimler/marka/arcelik.jpg', 'arcelik', '', '', '', 1, 1, '2011-12-08 17:09:27', '2011-12-08 17:09:27'),
(62, 'Ufo', 'data/resimler/marka/ufo_logo.jpg', 'ufo', 'Ufo', 'Ufo', '<p>\n Ufo</p>', 1, 1, '2011-12-08 17:13:47', '2011-12-08 17:13:47'),
(63, 'Fakir', 'data/resimler/marka/Fakir_Logo1.jpg', 'fakir', 'Fakir', 'Fakir', '<p>\n Fakir</p>', 1, 1, '2011-12-08 17:39:03', '2011-12-08 17:39:03'),
(64, 'Çilingirler', 'data/resimler/marka/cilingirler.png', 'cilingirler', '', '', '', 1, 1, '2011-12-08 22:48:20', '2011-12-08 22:48:20'),
(68, 'Gezer', 'data/resimler/marka/Gezer-Logo.jpg', 'gezer', 'Gezer', 'Gezer', '<p>\n Gezer</p>', 1, 1, '2011-12-09 13:22:49', '2011-12-09 13:22:49'),
(69, 'Swatch', 'data/resimler/urunler/hediyelik/saat/swatch-logo.jpg', 'swatch', '', '', '', 1, 1, '2011-12-10 08:49:19', '2011-12-10 08:49:19');

-- --------------------------------------------------------

--
-- Tablo için tablo yapısı `e_odeme_secenekleri`
--

CREATE TABLE IF NOT EXISTS `e_odeme_secenekleri` (
  `odeme_id` bigint(20) NOT NULL AUTO_INCREMENT,
  `odeme_durum` int(11) NOT NULL DEFAULT '0',
  `odeme_baslik` text NOT NULL,
  `odeme_aciklama` text NOT NULL,
  `odeme_sira` int(11) DEFAULT NULL,
  `odeme_resim` varchar(255) DEFAULT NULL,
  `odeme_model` text NOT NULL,
  `odeme_kurulum` bigint(20) NOT NULL DEFAULT '1',
  `odeme_siparis_durum` int(11) NOT NULL DEFAULT '0',
  `odeme_indirim_orani` char(10) NOT NULL DEFAULT '00' COMMENT 'indirim yada bindirim orani',
  `odeme_indirim_tipi` int(11) NOT NULL DEFAULT '0' COMMENT '0 indirim 1 bindirim',
  PRIMARY KEY (`odeme_id`),
  KEY `odeme_indirim_tipi` (`odeme_indirim_tipi`),
  KEY `odeme_indirim_orani` (`odeme_indirim_orani`),
  KEY `odeme_siparis_durum` (`odeme_siparis_durum`),
  KEY `odeme_kurulum` (`odeme_kurulum`),
  KEY `odeme_resim` (`odeme_resim`),
  KEY `odeme_sira` (`odeme_sira`),
  KEY `odeme_durum` (`odeme_durum`)
) ENGINE=MyISAM  DEFAULT CHARSET=utf8 AUTO_INCREMENT=4 ;

--
-- Tablo döküm verisi `e_odeme_secenekleri`
--

INSERT INTO `e_odeme_secenekleri` (`odeme_id`, `odeme_durum`, `odeme_baslik`, `odeme_aciklama`, `odeme_sira`, `odeme_resim`, `odeme_model`, `odeme_kurulum`, `odeme_siparis_durum`, `odeme_indirim_orani`, `odeme_indirim_tipi`) VALUES
(1, 1, 'a:2:{i:1;s:6:"Havale";i:2;s:13:"Bank Transfer";}', 'a:2:{i:1;s:64:"Ödemelerinizi Havale İle Güvenli Bir Şekilde Yapabilirsiniz.";i:2;s:41:"You Can Safely By Bank Transfer payments.";}', 1, 'ds3_havaleli', 'havale', 1, 0, '00', 0),
(2, 1, 'a:2:{i:1;s:12:"Kredi Kartı";i:2;s:11:"Credit Card";}', 'a:2:{i:1;s:74:"Ödemelerinizi Kredi Kartınız İle Güvenli Bir Şekilde Yapabilirsiniz.";i:2;s:41:"You Can Safely with Credit Card payments.";}', 2, 'ds3_visali', 'kredi_karti', 1, 1, '00', 0),
(3, 1, 'a:2:{i:1;s:14:"Kapıda Ödeme";i:2;s:20:"Payment at the Door.";}', 'a:2:{i:1;s:70:"Ödemelerinizi Ürün Tesliminde Güvenli Bir Şekilde Yapabilirsiniz.";i:2;s:47:"You can repay the loan product delivery Safely.";}', 3, 'ds3_kapida', 'kapida_odeme', 1, 6, '00', 0);

-- --------------------------------------------------------

--
-- Tablo için tablo yapısı `e_odeme_secenek_havale`
--

CREATE TABLE IF NOT EXISTS `e_odeme_secenek_havale` (
  `havale_id` bigint(20) NOT NULL AUTO_INCREMENT,
  `havale_banka_baslik` varchar(255) NOT NULL,
  `havale_banka_ascii` text NOT NULL,
  `havale_durum` int(11) NOT NULL DEFAULT '0',
  `havale_sira` int(11) NOT NULL,
  `havale_banka_resim` varchar(255) NOT NULL,
  PRIMARY KEY (`havale_id`),
  KEY `havale_banka_resim` (`havale_banka_resim`),
  KEY `havale_sira` (`havale_sira`),
  KEY `havale_durum` (`havale_durum`),
  KEY `havale_banka_baslik` (`havale_banka_baslik`)
) ENGINE=MyISAM  DEFAULT CHARSET=utf8 AUTO_INCREMENT=28 ;

--
-- Tablo döküm verisi `e_odeme_secenek_havale`
--

INSERT INTO `e_odeme_secenek_havale` (`havale_id`, `havale_banka_baslik`, `havale_banka_ascii`, `havale_durum`, `havale_sira`, `havale_banka_resim`) VALUES
(1, 'Finansbank', 'finansbank', 1, 1, 'ds3_finans.png'),
(2, 'Yapı Kredi', 'yapi_kredi', 1, 2, 'ds3_yapikredi.png'),
(3, 'Garanti', 'garanti', 1, 3, 'ds3_garanti.png'),
(4, 'Akbank', 'akbank', 0, 4, 'ds3_akbank.png'),
(5, 'İş Bankası', 'isbankasi', 0, 5, 'ds3_isbankasi.png'),
(6, 'Albaraka Türk', 'albaraka', 0, 6, 'ds3_albaraka.png'),
(7, 'Alternatif Bank', 'alternatifbank', 0, 7, 'ds3_alternatifbank.png'),
(8, 'Anadolubank', 'anadolubank', 0, 8, 'ds3_anadolubank.png'),
(9, 'Bank Asya', 'bankasya', 0, 9, 'ds3_bankasya.png'),
(10, 'Citibank', 'citibank', 0, 10, 'ds3_citibank.png'),
(11, 'Denizbank', 'denizbank', 0, 11, 'ds3_denizbank.png'),
(12, 'Eurobank Tekfen', 'eurotekfen', 0, 12, 'ds3_eurotekfen.png'),
(13, 'Fortis', 'fortis', 0, 13, 'ds3_fortis.png'),
(14, 'Halkbank', 'halkbank', 0, 14, 'ds3_halkbank.png'),
(15, 'Hsbc Bank', 'hsbc', 0, 15, 'ds3_hsbc.png'),
(16, 'Ing Bank', 'ing', 0, 16, 'ds3_ing.png'),
(17, 'Kuveyt Türk', 'kuveytturk', 0, 17, 'ds3_kuveytturk.png'),
(18, 'Millennium Bank', 'milenium', 0, 18, 'ds3_milenium.png'),
(19, 'Ptt Bank', 'ptt', 0, 19, 'ds3_ptt.png'),
(20, 'Şeker Bank', 'sekerbank', 0, 20, 'ds3_sekerbank.png'),
(21, 'Tbank', 'tbank', 0, 21, 'ds3_tbank.png'),
(22, 'Teb', 'teb', 0, 22, 'ds3_teb.png'),
(23, 'Tekstilbank', 'tekstilbank', 0, 23, 'ds3_tekstilbank.png'),
(24, 'Turkishbank', 'turkishbank', 0, 24, 'ds3_turkishbank.png'),
(25, 'Türkiye Finans', 'turkiyefinans', 0, 25, 'ds3_turkiyefinans.png'),
(26, 'Vakıfbank', 'vakifbank', 0, 26, 'ds3_vakifbank.png'),
(27, 'Zıraat Bankası', 'ziraat', 0, 27, 'ds3_ziraat.png');

-- --------------------------------------------------------

--
-- Tablo için tablo yapısı `e_odeme_secenek_havale_detay`
--

CREATE TABLE IF NOT EXISTS `e_odeme_secenek_havale_detay` (
  `havale_detay_id` bigint(20) NOT NULL AUTO_INCREMENT,
  `banka_id` bigint(20) NOT NULL,
  `hesap_no` varchar(255) NOT NULL,
  `hesap_sahip` varchar(255) NOT NULL,
  `sube` varchar(255) NOT NULL,
  `iban_no` varchar(255) NOT NULL,
  `tur` int(11) NOT NULL COMMENT '1 - tl 2 - dolar - 3 euro',
  `hesap_durum` int(11) NOT NULL DEFAULT '1',
  PRIMARY KEY (`havale_detay_id`),
  KEY `hesap_durum` (`hesap_durum`),
  KEY `tur` (`tur`),
  KEY `iban_no` (`iban_no`),
  KEY `sube` (`sube`),
  KEY `hesap_no` (`hesap_no`),
  KEY `banka_id` (`banka_id`),
  KEY `hesap_sahip` (`hesap_sahip`)
) ENGINE=MyISAM  DEFAULT CHARSET=utf8 AUTO_INCREMENT=15 ;

--
-- Tablo döküm verisi `e_odeme_secenek_havale_detay`
--

INSERT INTO `e_odeme_secenek_havale_detay` (`havale_detay_id`, `banka_id`, `hesap_no`, `hesap_sahip`, `sube`, `iban_no`, `tur`, `hesap_durum`) VALUES
(8, 1, '1122334455', ' Web Hosting', 'Deneme', 'TR00 0000 0000 0000 0000 0000 00', 1, 1),
(6, 2, '1122334455', 'Web Hosting', 'Deneme', 'TR00 0000 0000 0000 0000 0000 00', 1, 1),
(7, 3, '1122334455', 'Web Hosting', 'Deneme', 'TR00 0000 0000 0000 0000 0000 00', 1, 1),
(9, 1, '1122334456', 'Web Hosting', 'Deneme', 'TR00 0000 0000 0000 0000 0000 01', 2, 1),
(10, 1, '1122334457', 'Web Hosting', 'Deneme', 'TR00 0000 0000 0000 0000 0000 00', 3, 1),
(11, 3, '1122334456', 'Web Hosting', 'Deneme', 'TR00 0000 0000 0000 0000 0000 01', 2, 1),
(12, 3, '1122334457', 'Web Hosting', 'Deneme', 'TR00 0000 0000 0000 0000 0000 02', 3, 1),
(13, 2, '1122334456', 'Web Hosting', 'Deneme', 'TR00 0000 0000 0000 0000 0000 01', 2, 1),
(14, 2, '1122334457', 'Web Hosting', 'Deneme', 'TR00 0000 0000 0000 0000 0000 02', 3, 1);

-- --------------------------------------------------------

--
-- Tablo için tablo yapısı `e_odeme_secenek_kredi_karti`
--

CREATE TABLE IF NOT EXISTS `e_odeme_secenek_kredi_karti` (
  `kk_id` bigint(20) NOT NULL AUTO_INCREMENT,
  `kk_odeme_id` bigint(20) DEFAULT NULL,
  `kk_banka_adi` varchar(255) DEFAULT NULL,
  `kk_banka_adi_ascii` varchar(255) DEFAULT NULL,
  `kk_banka_resim` varchar(100) NOT NULL,
  `kk_banka_durum` bigint(20) DEFAULT '1' COMMENT '1 aktif 0 pasif',
  `kk_banka_pos_tipi` varchar(255) DEFAULT NULL,
  `kk_banka_test_tipi` varchar(255) NOT NULL,
  `kk_banka_standart` bigint(20) DEFAULT '0',
  `kk_banka_taksit` bigint(20) DEFAULT '0' COMMENT '0 peşin ödemedir',
  `kk_pesin_komisyon` varchar(2) DEFAULT '00' COMMENT '00 sıfırdır peşin komisyonu',
  `kk_banka_bilgi` longtext NOT NULL,
  `kk_banka_secilebilir_pos_tipleri` text NOT NULL,
  `kk_banka_secilebilir_test_tipleri` text NOT NULL,
  PRIMARY KEY (`kk_id`),
  KEY `kk_pesin_komisyon` (`kk_pesin_komisyon`),
  KEY `kk_banka_taksit` (`kk_banka_taksit`),
  KEY `kk_banka_standart` (`kk_banka_standart`),
  KEY `kk_banka_pos_tipi` (`kk_banka_pos_tipi`),
  KEY `kk_banka_durum` (`kk_banka_durum`),
  KEY `kk_banka_resim` (`kk_banka_resim`),
  KEY `kk_banka_adi_ascii` (`kk_banka_adi_ascii`),
  KEY `kk_banka_adi` (`kk_banka_adi`),
  KEY `kk_odeme_id` (`kk_odeme_id`),
  FULLTEXT KEY `kk_banka_bilgi` (`kk_banka_bilgi`),
  FULLTEXT KEY `kk_banka_secilebilir_pos_tipleri` (`kk_banka_secilebilir_pos_tipleri`),
  FULLTEXT KEY `kk_banka_secilebilir_test_tipleri` (`kk_banka_secilebilir_test_tipleri`)
) ENGINE=MyISAM  DEFAULT CHARSET=utf8 AUTO_INCREMENT=15 ;

--
-- Tablo döküm verisi `e_odeme_secenek_kredi_karti`
--

INSERT INTO `e_odeme_secenek_kredi_karti` (`kk_id`, `kk_odeme_id`, `kk_banka_adi`, `kk_banka_adi_ascii`, `kk_banka_resim`, `kk_banka_durum`, `kk_banka_pos_tipi`, `kk_banka_test_tipi`, `kk_banka_standart`, `kk_banka_taksit`, `kk_pesin_komisyon`, `kk_banka_bilgi`, `kk_banka_secilebilir_pos_tipleri`, `kk_banka_secilebilir_test_tipleri`) VALUES
(1, 2, 'Akbank', 'akbank', 'ds3_akbank.png', 1, 'ccpay', 'host', 0, 1, '02', 'O:8:"stdClass":4:{s:9:"3dhosting";O:8:"stdClass":2:{s:10:"merchantid";s:9:"213123123";s:8:"storekey";s:8:"33212123";}s:7:"3dmodel";O:8:"stdClass":4:{s:10:"merchantid";s:9:"123123123";s:8:"storekey";s:9:"123123123";s:8:"username";s:9:"123123123";s:8:"password";s:9:"123123123";}s:5:"3dpay";O:8:"stdClass":2:{s:10:"merchantid";s:9:"123123123";s:8:"storekey";s:9:"123123123";}s:5:"ccpay";O:8:"stdClass":3:{s:10:"merchantid";s:9:"123123123";s:8:"username";s:9:"123123123";s:8:"password";s:9:"123123123";}}', 'O:8:"stdClass":4:{s:9:"3dhosting";O:8:"stdClass":1:{s:6:"taksit";s:1:"1";}s:7:"3dmodel";O:8:"stdClass":1:{s:6:"taksit";s:1:"0";}s:5:"3dpay";O:8:"stdClass":1:{s:6:"taksit";s:1:"1";}s:5:"ccpay";O:8:"stdClass":1:{s:6:"taksit";s:1:"1";}}', 'O:8:"stdClass":1:{s:4:"host";s:0:"";}'),
(2, 2, 'Anadolubank', 'anadolubank', 'ds3_anadolubank.png', 0, 'ccpay', 'host', 0, 0, '00', 'O:8:"stdClass":4:{s:9:"3dhosting";O:8:"stdClass":2:{s:10:"merchantid";s:0:"";s:8:"storekey";s:0:"";}s:7:"3dmodel";O:8:"stdClass":4:{s:10:"merchantid";s:0:"";s:8:"storekey";s:0:"";s:8:"username";s:0:"";s:8:"password";s:0:"";}s:5:"3dpay";O:8:"stdClass":2:{s:10:"merchantid";s:0:"";s:8:"storekey";s:0:"";}s:5:"ccpay";O:8:"stdClass":3:{s:10:"merchantid";s:0:"";s:8:"username";s:0:"";s:8:"password";s:0:"";}}', 'O:8:"stdClass":4:{s:9:"3dhosting";O:8:"stdClass":1:{s:6:"taksit";s:1:"1";}s:7:"3dmodel";O:8:"stdClass":1:{s:6:"taksit";s:1:"0";}s:5:"3dpay";O:8:"stdClass":1:{s:6:"taksit";s:1:"1";}s:5:"ccpay";O:8:"stdClass":1:{s:6:"taksit";s:1:"1";}}', 'O:8:"stdClass":1:{s:4:"host";s:0:"";}'),
(3, 2, 'Citibank', 'citibank', 'ds3_citibank.png', 0, 'ccpay', 'host', 0, 0, '00', 'O:8:"stdClass":4:{s:9:"3dhosting";O:8:"stdClass":2:{s:10:"merchantid";s:0:"";s:8:"storekey";s:0:"";}s:7:"3dmodel";O:8:"stdClass":4:{s:10:"merchantid";s:0:"";s:8:"storekey";s:0:"";s:8:"username";s:0:"";s:8:"password";s:0:"";}s:5:"3dpay";O:8:"stdClass":2:{s:10:"merchantid";s:0:"";s:8:"storekey";s:0:"";}s:5:"ccpay";O:8:"stdClass":3:{s:10:"merchantid";s:0:"";s:8:"username";s:0:"";s:8:"password";s:0:"";}}', 'O:8:"stdClass":4:{s:9:"3dhosting";O:8:"stdClass":1:{s:6:"taksit";s:1:"1";}s:7:"3dmodel";O:8:"stdClass":1:{s:6:"taksit";s:1:"0";}s:5:"3dpay";O:8:"stdClass":1:{s:6:"taksit";s:1:"1";}s:5:"ccpay";O:8:"stdClass":1:{s:6:"taksit";s:1:"1";}}', 'O:8:"stdClass":1:{s:4:"host";s:0:"";}'),
(4, 2, 'Denizbank', 'denizbank', 'ds3_denizbank.png', 0, '3dpay', 'host', 0, 1, '00', 'O:8:"stdClass":4:{s:9:"3dhosting";O:8:"stdClass":2:{s:10:"merchantid";s:0:"";s:8:"storekey";s:0:"";}s:7:"3dmodel";O:8:"stdClass":4:{s:10:"merchantid";s:0:"";s:8:"storekey";s:0:"";s:8:"username";s:0:"";s:8:"password";s:0:"";}s:5:"3dpay";O:8:"stdClass":2:{s:10:"merchantid";s:0:"";s:8:"storekey";s:0:"";}s:5:"ccpay";O:8:"stdClass":3:{s:10:"merchantid";s:0:"";s:8:"username";s:0:"";s:8:"password";s:0:"";}}', 'O:8:"stdClass":4:{s:9:"3dhosting";O:8:"stdClass":1:{s:6:"taksit";s:1:"1";}s:7:"3dmodel";O:8:"stdClass":1:{s:6:"taksit";s:1:"0";}s:5:"3dpay";O:8:"stdClass":1:{s:6:"taksit";s:1:"1";}s:5:"ccpay";O:8:"stdClass":1:{s:6:"taksit";s:1:"1";}}', 'O:8:"stdClass":1:{s:4:"host";s:0:"";}'),
(5, 2, 'Finansbank', 'finansbank', 'ds3_finans.png', 1, '3dpay', 'host', 0, 1, '00', 'O:8:"stdClass":4:{s:9:"3dhosting";O:8:"stdClass":2:{s:10:"merchantid";s:0:"";s:8:"storekey";s:0:"";}s:7:"3dmodel";O:8:"stdClass":4:{s:10:"merchantid";s:6:"000000";s:8:"storekey";s:6:"000000";s:8:"username";s:6:"000000";s:8:"password";s:6:"000000";}s:5:"3dpay";O:8:"stdClass":2:{s:10:"merchantid";s:7:"0000000";s:8:"storekey";s:7:"0000000";}s:5:"ccpay";O:8:"stdClass":3:{s:10:"merchantid";s:6:"000000";s:8:"username";s:0:"";s:8:"password";s:0:"";}}', 'O:8:"stdClass":4:{s:9:"3dhosting";O:8:"stdClass":1:{s:6:"taksit";s:1:"1";}s:7:"3dmodel";O:8:"stdClass":1:{s:6:"taksit";s:1:"0";}s:5:"3dpay";O:8:"stdClass":1:{s:6:"taksit";s:1:"1";}s:5:"ccpay";O:8:"stdClass":1:{s:6:"taksit";s:1:"1";}}', 'O:8:"stdClass":1:{s:4:"host";s:0:"";}'),
(6, 2, 'Fortis', 'fortis', 'ds3_fortis.png', 1, 'ccpay', 'host', 0, 0, '00', 'O:8:"stdClass":4:{s:9:"3dhosting";O:8:"stdClass":2:{s:10:"merchantid";s:0:"";s:8:"storekey";s:0:"";}s:7:"3dmodel";O:8:"stdClass":4:{s:10:"merchantid";s:0:"";s:8:"storekey";s:0:"";s:8:"username";s:0:"";s:8:"password";s:0:"";}s:5:"3dpay";O:8:"stdClass":2:{s:10:"merchantid";s:0:"";s:8:"storekey";s:0:"";}s:5:"ccpay";O:8:"stdClass":3:{s:10:"merchantid";s:6:"000000";s:8:"username";s:6:"000000";s:8:"password";s:6:"000000";}}', 'O:8:"stdClass":4:{s:9:"3dhosting";O:8:"stdClass":1:{s:6:"taksit";s:1:"1";}s:7:"3dmodel";O:8:"stdClass":1:{s:6:"taksit";s:1:"0";}s:5:"3dpay";O:8:"stdClass":1:{s:6:"taksit";s:1:"1";}s:5:"ccpay";O:8:"stdClass":1:{s:6:"taksit";s:1:"1";}}', 'O:8:"stdClass":1:{s:4:"host";s:0:"";}'),
(7, 2, 'Garanti', 'garanti', 'ds3_garanti.png', 1, '3dpay', 'host', 0, 1, '00', 'O:8:"stdClass":9:{s:6:"3dfull";O:8:"stdClass":5:{s:10:"merchantid";s:9:"000000000";s:10:"terminalid";s:9:"000000000";s:8:"storekey";s:9:"000000000";s:8:"username";s:9:"000000000";s:8:"password";s:9:"000000000";}s:6:"3dhalf";O:8:"stdClass":5:{s:10:"merchantid";s:0:"";s:10:"terminalid";s:0:"";s:8:"storekey";s:0:"";s:8:"username";s:0:"";s:8:"password";s:0:"";}s:7:"3dmodel";O:8:"stdClass":5:{s:10:"merchantid";s:0:"";s:10:"terminalid";s:0:"";s:8:"storekey";s:0:"";s:8:"username";s:0:"";s:8:"password";s:0:"";}s:9:"3doosfull";O:8:"stdClass":5:{s:10:"merchantid";s:0:"";s:10:"terminalid";s:0:"";s:8:"storekey";s:0:"";s:8:"username";s:0:"";s:8:"password";s:0:"";}s:9:"3dooshalf";O:8:"stdClass":5:{s:10:"merchantid";s:0:"";s:10:"terminalid";s:0:"";s:8:"storekey";s:0:"";s:8:"username";s:0:"";s:8:"password";s:0:"";}s:8:"3doospay";O:8:"stdClass":5:{s:10:"merchantid";s:0:"";s:10:"terminalid";s:0:"";s:8:"storekey";s:0:"";s:8:"username";s:0:"";s:8:"password";s:0:"";}s:5:"3dpay";O:8:"stdClass":5:{s:10:"merchantid";s:0:"";s:10:"terminalid";s:0:"";s:8:"storekey";s:0:"";s:8:"username";s:0:"";s:8:"password";s:0:"";}s:5:"ccpay";O:8:"stdClass":4:{s:10:"merchantid";s:0:"";s:10:"terminalid";s:0:"";s:8:"username";s:0:"";s:8:"password";s:0:"";}s:6:"oospay";O:8:"stdClass":5:{s:10:"merchantid";s:0:"";s:10:"terminalid";s:0:"";s:8:"storekey";s:0:"";s:8:"username";s:0:"";s:8:"password";s:0:"";}}', 'O:8:"stdClass":9:{s:6:"3dfull";O:8:"stdClass":1:{s:6:"taksit";s:1:"1";}s:6:"3dhalf";O:8:"stdClass":1:{s:6:"taksit";s:1:"1";}s:7:"3dmodel";O:8:"stdClass":1:{s:6:"taksit";s:1:"0";}s:9:"3doosfull";O:8:"stdClass":1:{s:6:"taksit";s:1:"1";}s:9:"3dooshalf";O:8:"stdClass":1:{s:6:"taksit";s:1:"1";}s:8:"3doospay";O:8:"stdClass":1:{s:6:"taksit";s:1:"1";}s:5:"3dpay";O:8:"stdClass":1:{s:6:"taksit";s:1:"1";}s:5:"ccpay";O:8:"stdClass":1:{s:6:"taksit";s:1:"1";}s:6:"oospay";O:8:"stdClass":1:{s:6:"taksit";s:1:"1";}}', 'O:8:"stdClass":1:{s:4:"host";s:0:"";}'),
(8, 2, 'Halkbank', 'halkbank', 'ds3_halkbank.png', 0, 'ccpay', 'host', 0, 0, '00', 'O:8:"stdClass":4:{s:9:"3dhosting";O:8:"stdClass":2:{s:10:"merchantid";s:0:"";s:8:"storekey";s:0:"";}s:7:"3dmodel";O:8:"stdClass":4:{s:10:"merchantid";s:0:"";s:8:"storekey";s:0:"";s:8:"username";s:0:"";s:8:"password";s:0:"";}s:5:"3dpay";O:8:"stdClass":2:{s:10:"merchantid";s:0:"";s:8:"storekey";s:0:"";}s:5:"ccpay";O:8:"stdClass":3:{s:10:"merchantid";s:0:"";s:8:"username";s:0:"";s:8:"password";s:0:"";}}', 'O:8:"stdClass":4:{s:9:"3dhosting";O:8:"stdClass":1:{s:6:"taksit";s:1:"1";}s:7:"3dmodel";O:8:"stdClass":1:{s:6:"taksit";s:1:"0";}s:5:"3dpay";O:8:"stdClass":1:{s:6:"taksit";s:1:"1";}s:5:"ccpay";O:8:"stdClass":1:{s:6:"taksit";s:1:"1";}}', 'O:8:"stdClass":1:{s:4:"host";s:0:"";}'),
(9, 2, 'İngbank', 'ingbank', 'ds3_ing.png', 0, 'ccpay', 'host', 0, 0, '00', 'O:8:"stdClass":4:{s:9:"3dhosting";O:8:"stdClass":2:{s:10:"merchantid";s:0:"";s:8:"storekey";s:0:"";}s:7:"3dmodel";O:8:"stdClass":4:{s:10:"merchantid";s:0:"";s:8:"storekey";s:0:"";s:8:"username";s:0:"";s:8:"password";s:0:"";}s:5:"3dpay";O:8:"stdClass":2:{s:10:"merchantid";s:0:"";s:8:"storekey";s:0:"";}s:5:"ccpay";O:8:"stdClass":3:{s:10:"merchantid";s:0:"";s:8:"username";s:0:"";s:8:"password";s:0:"";}}', 'O:8:"stdClass":4:{s:9:"3dhosting";O:8:"stdClass":1:{s:6:"taksit";s:1:"1";}s:7:"3dmodel";O:8:"stdClass":1:{s:6:"taksit";s:1:"0";}s:5:"3dpay";O:8:"stdClass":1:{s:6:"taksit";s:1:"1";}s:5:"ccpay";O:8:"stdClass":1:{s:6:"taksit";s:1:"1";}}', 'O:8:"stdClass":1:{s:4:"host";s:0:"";}'),
(10, 2, 'İş Bankası', 'isbank', 'ds3_isbankasi.png', 1, 'ccpay', 'host', 1, 0, '00', 'O:8:"stdClass":4:{s:9:"3dhosting";O:8:"stdClass":2:{s:10:"merchantid";s:0:"";s:8:"storekey";s:0:"";}s:7:"3dmodel";O:8:"stdClass":4:{s:10:"merchantid";s:0:"";s:8:"storekey";s:0:"";s:8:"username";s:0:"";s:8:"password";s:0:"";}s:5:"3dpay";O:8:"stdClass":2:{s:10:"merchantid";s:0:"";s:8:"storekey";s:0:"";}s:5:"ccpay";O:8:"stdClass":3:{s:10:"merchantid";s:0:"";s:8:"username";s:0:"";s:8:"password";s:0:"";}}', 'O:8:"stdClass":4:{s:9:"3dhosting";O:8:"stdClass":1:{s:6:"taksit";s:1:"1";}s:7:"3dmodel";O:8:"stdClass":1:{s:6:"taksit";s:1:"0";}s:5:"3dpay";O:8:"stdClass":1:{s:6:"taksit";s:1:"1";}s:5:"ccpay";O:8:"stdClass":1:{s:6:"taksit";s:1:"1";}}', 'O:8:"stdClass":1:{s:4:"host";s:0:"";}'),
(11, 2, 'Kuveyttürk', 'kuveytturk', 'ds3_kuveytturk.png', 0, 'ccpay', 'host', 0, 0, '00', 'O:8:"stdClass":4:{s:9:"3dhosting";O:8:"stdClass":2:{s:10:"merchantid";s:0:"";s:8:"storekey";s:0:"";}s:7:"3dmodel";O:8:"stdClass":4:{s:10:"merchantid";s:0:"";s:8:"storekey";s:0:"";s:8:"username";s:0:"";s:8:"password";s:0:"";}s:5:"3dpay";O:8:"stdClass":2:{s:10:"merchantid";s:0:"";s:8:"storekey";s:0:"";}s:5:"ccpay";O:8:"stdClass":3:{s:10:"merchantid";s:0:"";s:8:"username";s:0:"";s:8:"password";s:0:"";}}', 'O:8:"stdClass":4:{s:9:"3dhosting";O:8:"stdClass":1:{s:6:"taksit";s:1:"1";}s:7:"3dmodel";O:8:"stdClass":1:{s:6:"taksit";s:1:"0";}s:5:"3dpay";O:8:"stdClass":1:{s:6:"taksit";s:1:"1";}s:5:"ccpay";O:8:"stdClass":1:{s:6:"taksit";s:1:"1";}}', 'O:8:"stdClass":1:{s:4:"host";s:0:"";}'),
(12, 2, 'Türk Ekonomi Bankası', 'teb', 'ds3_teb.png', 0, 'ccpay', 'host', 0, 1, '00', 'O:8:"stdClass":4:{s:9:"3dhosting";O:8:"stdClass":2:{s:10:"merchantid";s:0:"";s:8:"storekey";s:0:"";}s:7:"3dmodel";O:8:"stdClass":4:{s:10:"merchantid";s:0:"";s:8:"storekey";s:0:"";s:8:"username";s:0:"";s:8:"password";s:0:"";}s:5:"3dpay";O:8:"stdClass":2:{s:10:"merchantid";s:0:"";s:8:"storekey";s:0:"";}s:5:"ccpay";O:8:"stdClass":3:{s:10:"merchantid";s:0:"";s:8:"username";s:0:"";s:8:"password";s:0:"";}}', 'O:8:"stdClass":4:{s:9:"3dhosting";O:8:"stdClass":1:{s:6:"taksit";s:1:"1";}s:7:"3dmodel";O:8:"stdClass":1:{s:6:"taksit";s:1:"0";}s:5:"3dpay";O:8:"stdClass":1:{s:6:"taksit";s:1:"1";}s:5:"ccpay";O:8:"stdClass":1:{s:6:"taksit";s:1:"1";}}', 'O:8:"stdClass":1:{s:4:"host";s:0:"";}'),
(13, 2, 'Yapı Kredi', 'yapikredi', 'ds3_yapikredi.png', 1, '3ds', 'host', 0, 0, '01', 'O:8:"stdClass":1:{s:3:"3ds";O:8:"stdClass":3:{s:10:"merchantid";s:0:"";s:10:"terminalid";s:0:"";s:8:"posnetid";s:0:"";}}', 'O:8:"stdClass":1:{s:3:"3ds";O:8:"stdClass":1:{s:6:"taksit";s:1:"1";}}', 'O:8:"stdClass":2:{s:4:"host";s:0:"";s:4:"test";s:0:"";}'),
(14, 2, 'Ziraat Bankası', 'ziraat', 'ds3_ziraat.png', 0, 'oospay', 'host', 0, 0, '00', 'O:8:"stdClass":2:{s:5:"ccpay";O:8:"stdClass":2:{s:10:"merchantid";s:0:"";s:8:"password";s:0:"";}s:6:"oospay";O:8:"stdClass":3:{s:10:"merchantid";s:0:"";s:8:"username";s:0:"";s:8:"password";s:0:"";}}', 'O:8:"stdClass":2:{s:5:"ccpay";O:8:"stdClass":1:{s:6:"taksit";s:1:"1";}s:6:"oospay";O:8:"stdClass":1:{s:6:"taksit";s:1:"1";}}', 'O:8:"stdClass":2:{s:4:"host";s:0:"";s:4:"test";s:0:"";}');

-- --------------------------------------------------------

--
-- Tablo için tablo yapısı `e_odeme_secenek_kredi_karti_bin_numaralari`
--

CREATE TABLE IF NOT EXISTS `e_odeme_secenek_kredi_karti_bin_numaralari` (
  `kkbn_id` bigint(20) NOT NULL AUTO_INCREMENT,
  `kkbn_kk_id` bigint(20) DEFAULT NULL,
  `kkbn_bin_no` bigint(20) NOT NULL,
  `kkbn_aciklama` varchar(255) NOT NULL,
  `kkbn_durum` bigint(20) NOT NULL DEFAULT '1',
  PRIMARY KEY (`kkbn_id`),
  KEY `kkbn_durum` (`kkbn_durum`),
  KEY `kkbn_bin_no` (`kkbn_bin_no`),
  KEY `kkbn_kk_id` (`kkbn_kk_id`),
  KEY `kkbn_aciklama` (`kkbn_aciklama`)
) ENGINE=MyISAM  DEFAULT CHARSET=utf8 AUTO_INCREMENT=272 ;

--
-- Tablo döküm verisi `e_odeme_secenek_kredi_karti_bin_numaralari`
--

INSERT INTO `e_odeme_secenek_kredi_karti_bin_numaralari` (`kkbn_id`, `kkbn_kk_id`, `kkbn_bin_no`, `kkbn_aciklama`, `kkbn_durum`) VALUES
(1, 7, 605036, 'MAGAZA Garanti', 1),
(2, 7, 540669, 'MASTER BONUS Garanti', 1),
(3, 7, 520922, 'MASTER BONUS Garanti', 1),
(4, 7, 544294, 'MASTER GBKK Garanti', 1),
(5, 7, 540709, 'MASTER BONUS Garanti', 1),
(6, 7, 474151, 'VISA SM Garanti', 1),
(7, 7, 487074, 'VISA BONUS Garanti', 1),
(8, 7, 487075, 'VISA BONUS Garanti', 1),
(9, 7, 426889, 'VISA KONTOR Garanti', 1),
(10, 7, 426886, 'VISA BONUS Garanti', 1),
(11, 7, 426887, 'VISA BONUS Garanti', 1),
(12, 7, 426888, 'VISA BONUS', 1),
(13, 7, 420557, 'VISA KONTOR Garanti', 1),
(14, 7, 420556, 'VISA KONTOR Garanti', 1),
(15, 7, 404308, 'VISA BONUS Garanti', 1),
(16, 7, 528939, 'MASTER SM Garanti', 1),
(17, 7, 520988, 'MASTER SM Garanti', 1),
(18, 7, 520940, 'MASTER SM Garanti', 1),
(19, 7, 534261, 'MASTER SM Garanti', 1),
(20, 7, 401738, 'VISA KONTOR Garanti', 1),
(21, 7, 403666, 'VISA GBKK Garanti', 1),
(22, 7, 403280, 'VISA SANAL Garanti', 1),
(23, 7, 427315, 'VISA GBKK Garanti', 1),
(24, 7, 427314, 'VISA BNSTK Garanti', 1),
(25, 7, 448472, 'VISA GBKK Garanti', 1),
(26, 7, 428968, 'VISA GBKK Garanti', 1),
(27, 7, 428967, 'VISA GBKK Garanti', 1),
(28, 7, 490175, 'VISA GBKK Garanti', 1),
(29, 7, 467295, 'VISA SMTK Garanti', 1),
(30, 7, 467294, 'VISA SM Garanti', 1),
(31, 7, 467293, 'VISA SM Garanti', 1),
(32, 7, 461668, 'VISA SM Garanti', 1),
(33, 7, 493845, 'VISA GBKK Garanti', 1),
(34, 7, 492193, 'VISA GBKK Garanti', 1),
(35, 7, 492187, 'VISA GBKK Garanti', 1),
(36, 7, 492186, 'VISA GBKK Garanti', 1),
(37, 7, 540037, 'MASTER BNSTK Garanti', 1),
(38, 7, 540036, 'MASTER GBKK Garanti', 1),
(39, 7, 540227, 'MASTER GBKK Garanti', 1),
(40, 7, 540226, 'MASTER GBKK Garanti', 1),
(41, 7, 542030, 'MASTER GBKK Garanti', 1),
(42, 7, 545102, 'MASTER GBKK Garanti', 1),
(43, 7, 544078, 'MASTER BONUS Garanti', 1),
(44, 7, 552095, 'MASTER GBKK Garanti', 1),
(45, 7, 558699, 'MASTER ORTAK Garanti', 1),
(46, 7, 554796, 'MASTER GBKK Garanti', 1),
(47, 7, 557023, 'MASTER SANAL Garanti', 1),
(48, 7, 554960, 'MASTER BONUS Garanti', 1),
(49, 7, 589318, 'MASTER KONTOR Garanti', 1),
(50, 7, 541858, 'MASTER GBKK Garanti', 1),
(51, 7, 479324, 'VISA GBKK Garanti', 1),
(52, 7, 479323, 'VISA GBKK Garanti', 1),
(53, 7, 603614, 'MASTER  PG Garanti', 1),
(54, 7, 603492, 'GARANTI GECICI Garanti', 1),
(55, 7, 603480, 'GARANTI YKM Garanti', 1),
(56, 7, 642010, 'GARANTI MAXI Garanti', 1),
(57, 7, 642011, 'GARANTI LCW Garanti', 1),
(58, 7, 676283, 'MASTER KONTOR Garanti', 1),
(59, 7, 676255, 'MASTER KONTOR Garanti', 1),
(60, 7, 676827, 'MASTER GBDK Garanti', 1),
(61, 7, 375622, 'AMEX AMEXE Garanti', 1),
(62, 7, 375623, 'AMEX AMEXG Garanti', 1),
(63, 7, 375624, 'AMEX AMEXP Garanti', 1),
(64, 7, 375625, 'AMEX AMXBE Garanti', 1),
(65, 7, 375626, 'AMEX AMXBG Garanti', 1),
(66, 7, 375627, 'AMEX BONUS Garanti', 1),
(67, 7, 375628, 'AMEX AMEX Blue Gold Garanti', 1),
(68, 7, 375629, 'AMEX AMEX Blue Platinium Garanti', 1),
(69, 7, 374422, 'AMEX SMAXPLTN Garanti', 1),
(70, 7, 374424, 'AMEX AMEX Blue Prive Garanti', 1),
(71, 7, 462274, 'VISA EKINBNS Garanti', 1),
(72, 7, 602970, 'GARANTI HEDIYE Garanti', 1),
(73, 7, 405051, 'VISA KONTOR Garanti', 1),
(74, 7, 724365, 'VISA MINI Garanti', 1),
(75, 7, 514915, 'MASTER SM Garanti', 1),
(76, 7, 521824, 'MASTER SMCLUB Garanti', 1),
(77, 7, 521825, 'MASTER SMCLUB Garanti', 1),
(78, 7, 521832, 'MASTER SM Garanti', 1),
(79, 7, 410141, 'VISA KONTOR Garanti', 1),
(80, 7, 413836, 'VISA SMCLUB Garanti', 1),
(81, 7, 405090, 'VISA KONTOR Garanti', 1),
(82, 7, 553130, 'MASTER BNSTK Garanti', 1),
(83, 7, 428220, 'VISA FLEXI Garanti', 1),
(84, 7, 428221, 'VISA FLEXI Garanti  ', 1),
(85, 7, 482489, 'VISA MONEYCARD Garanti', 1),
(86, 7, 482490, 'VISA MONEYCARD Garanti', 1),
(87, 7, 482491, 'VISA MONEYCARD Garanti', 1),
(88, 7, 489478, 'VISA ALTIN BONUS Garanti', 1),
(89, 4, 520303, 'MasterCard Bonus Sanal Denizbank', 1),
(90, 4, 520019, 'MasterCard Bonus Denizbank', 1),
(91, 4, 409070, 'Visa Bonus Denizbank', 1),
(92, 4, 510118, 'MasterCard Bonus Business Denizbank', 1),
(93, 4, 424360, 'Visa Bonus Plus Denizbank', 1),
(94, 4, 424361, 'Visa Bonus Premium Denizbank', 1),
(95, 12, 440293, 'Visa Bonus TEB', 1),
(96, 12, 402458, 'Visa Bonus Plus TEB', 1),
(97, 12, 402459, 'Visa Bonus Premium TEB', 1),
(98, 12, 406015, 'Visa Bonus Plus TEB', 1),
(99, 12, 512803, 'MasterCard Bonus TEB', 1),
(100, 12, 524839, 'MasterCard Bonus Plus TEB', 1),
(101, 12, 524840, 'MasterCard Bonus Premium TEB', 1),
(102, 12, 528920, 'MasterCard Bonus Platinum TEB', 1),
(103, 12, 510221, 'MasterCard Bonus Sanal TEB', 1),
(104, 12, 553090, 'MasterCard Bonus Business TEB', 1),
(105, 12, 545124, 'MasterCard-World Signia TEB', 1),
(113, 9, 547311, 'MasterCard Bonus Business Şekerbank', 1),
(114, 9, 420322, 'VISA ING', 1),
(115, 9, 420323, 'VISA ING', 1),
(116, 9, 420324, 'VISA ING', 1),
(117, 9, 408579, 'VISA ING', 1),
(118, 9, 480296, 'VISA ING', 1),
(119, 9, 400684, 'VISA ING', 1),
(120, 9, 510151, 'MASTER ING', 1),
(121, 9, 532443, 'MASTER ING', 1),
(122, 9, 542967, 'MASTER ING', 1),
(123, 9, 542965, 'MASTER ING', 1),
(124, 9, 554570, 'MASTER ING', 1),
(125, 9, 547765, 'MASTER ING', 1),
(128, 7, 520097, 'Mastercard Garanti GS Bonus', 1),
(129, 7, 522204, 'Mastercard Garanti GS Bonus', 1),
(130, 7, 528956, 'Mastercard Garanti GS Bonus', 1),
(131, 7, 520019, 'Mastercard DenizBank GS Bonus', 1),
(132, 4, 512017, 'Mastercard Denizbank', 1),
(133, 4, 512117, 'Mastercard Denizbank', 1),
(134, 1, 413252, 'Axess Visa Platin Akbank', 1),
(135, 1, 435508, 'Axess Visa Klasik Akbank', 1),
(136, 1, 435509, 'Axess Visa Gold Akbank', 1),
(137, 1, 432071, 'Axess Visa Wings Akbank', 1),
(138, 1, 432072, 'Axess Visa Wings (Black) Akbank', 1),
(139, 1, 425669, 'Wings Bussiness Akbank', 1),
(140, 1, 557113, 'Axess Master Klasik Akbank', 1),
(141, 1, 520932, 'Axess Master Akbank', 1),
(142, 1, 512754, 'Axess Master Wings Akbank', 1),
(143, 1, 524347, 'Axess Master Wings (Black) Akbank', 1),
(144, 1, 557829, 'Axess Master Gold Akbank', 1),
(145, 1, 521807, 'Axess Master Platin Akbank', 1),
(146, 1, 552608, 'Biz Card Master Yurtiçi Akbank', 1),
(147, 1, 552609, 'Biz Card Master Enternasyonel Akbank', 1),
(148, 1, 553056, 'Wings Bussiness Akbank', 1),
(149, 1, 450050, 'Visa Classic Akbank', 1),
(150, 1, 450051, 'Visa Gold Akbank', 1),
(151, 1, 450052, 'Visa Platinum Akbank', 1),
(152, 1, 544127, 'Mc Classic Akbank', 1),
(153, 1, 549220, 'Mc Gold Akbank', 1),
(154, 2, 521376, 'Mc Platinum Akbank', 1),
(168, 9, 450803, 'İş Bankası', 1),
(167, 9, 418345, 'İş Bankası', 1),
(166, 9, 418344, 'İş Bankası', 1),
(165, 9, 418343, 'İş Bankası', 1),
(164, 9, 418342, 'İş Bankası', 1),
(169, 9, 454318, 'İş Bankası', 1),
(170, 9, 454358, 'İş Bankası', 1),
(171, 9, 454359, 'İş Bankası', 1),
(172, 9, 454360, 'İş Bankası', 1),
(173, 9, 510152, 'İş Bankası', 1),
(174, 9, 540667, 'İş Bankası', 1),
(175, 9, 540668, 'İş Bankası', 1),
(176, 9, 543771, 'İş Bankası', 1),
(177, 9, 552096, 'İş Bankası', 1),
(178, 9, 553058, 'İş Bankası', 1),
(179, 7, 489457, 'Visa IDO BONUS GOLD Denizbank -> Garanti', 1),
(180, 7, 489458, 'Visa BONUS PLATINUM Denizbank -> Garanti', 1),
(182, 12, 404809, 'Yapı Kredi', 1),
(183, 12, 450634, 'Yapı Kredi', 1),
(184, 12, 455359, 'Yapı Kredi', 1),
(185, 12, 479794, 'Yapı Kredi', 1),
(186, 12, 479795, 'Yapı Kredi', 1),
(187, 12, 491205, 'Yapı Kredi', 1),
(188, 12, 491206, 'Yapı Kredi', 1),
(189, 12, 492128, 'Yapı Kredi', 1),
(190, 12, 492130, 'Yapı Kredi', 1),
(191, 12, 492131, 'Yapı Kredi', 1),
(192, 12, 540061, 'Yapı Kredi', 1),
(193, 12, 540062, 'Yapı Kredi', 1),
(194, 12, 540063, 'Yapı Kredi', 1),
(195, 12, 540122, 'Yapı Kredi', 1),
(196, 12, 540129, 'Yapı Kredi', 1),
(197, 12, 542117, 'Yapı Kredi', 1),
(198, 12, 545103, 'Yapı Kredi', 1),
(199, 12, 552645, 'Yapı Kredi', 1),
(200, 12, 552659, 'Yapı Kredi', 1),
(202, 5, 402277, 'Visa Electron Finansbank', 1),
(203, 5, 402278, 'Visa Electron Finansbank', 1),
(204, 5, 413583, 'Visa Electron Finansbank', 1),
(205, 5, 415565, 'Visa Electron Finansbank', 1),
(206, 5, 423398, 'Visa Electron Finansbank', 1),
(207, 5, 423277, 'Visa Electron Finansbank', 1),
(208, 5, 414388, 'Visa Electron Finansbank', 1),
(209, 5, 422376, 'Visa Electron Finansbank', 1),
(210, 5, 427311, 'Visa Electron Finansbank', 1),
(211, 5, 435653, 'Visa Electron Finansbank', 1),
(212, 5, 402563, 'Visa Electron Finansbank', 1),
(213, 5, 409364, 'Visa Electron Finansbank', 1),
(214, 5, 410147, 'Visa Electron Finansbank', 1),
(215, 5, 444029, 'Visa Electron Finansbank', 1),
(216, 5, 441007, 'Visa Electron Finansbank', 1),
(217, 5, 403082, 'Visa Electron Finansbank', 1),
(218, 5, 499850, 'Visa Electron Finansbank', 1),
(219, 5, 499851, 'Visa Electron Finansbank', 1),
(220, 5, 499852, 'Visa Electron Finansbank', 1),
(221, 5, 442395, 'Visa Electron Finansbank', 1),
(244, 5, 530818, 'Mastercard Maestro Finansbank', 1),
(243, 5, 529572, 'Mastercard Maestro Finansbank', 1),
(242, 5, 531157, 'Mastercard Maestro Finansbank', 1),
(241, 5, 547567, 'Mastercard Maestro Finansbank', 1),
(240, 5, 519324, 'Mastercard Maestro Finansbank', 1),
(239, 5, 521836, 'Mastercard Maestro Finansbank', 1),
(238, 5, 521022, 'Mastercard Maestro Finansbank', 1),
(237, 5, 545120, 'Mastercard Maestro Finansbank', 1),
(234, 5, 545616, 'Mastercard Maestro Finansbank', 1),
(235, 5, 545847, 'Mastercard Maestro Finansbank', 1),
(236, 5, 547800, 'Mastercard Maestro Finansbank', 1),
(245, 5, 542404, 'Mastercard Maestro Finansbank', 1),
(246, 5, 406386, 'Debit Card Visa Electron Finansbank', 1),
(247, 5, 415956, 'Debit Card Visa Electron Finansbank', 1),
(248, 5, 420092, 'Debit Card Visa Electron Finansbank', 1),
(249, 5, 431379, 'Debit Card Visa Electron Finansbank', 1),
(250, 5, 499853, 'Debit Card Visa Electron Finansbank', 1),
(251, 5, 601050, 'Debit Card Mastercard Maestro Finansbank', 1),
(252, 5, 677238, 'Debit Card Mastercard Maestro Finansbank', 1),
(201, 14, 413226, 'VISA BIN Ziraat Bankası', 1),
(253, 14, 413226, 'VISA BIN Ziraat Bankası', 1),
(254, 14, 444676, 'VISA BIN Ziraat Bankası', 1),
(255, 14, 444677, 'VISA BIN Ziraat Bankası', 1),
(256, 14, 444678, 'VISA BIN Ziraat Bankası', 1),
(257, 14, 453955, 'VISA BIN Ziraat Bankası', 1),
(258, 14, 453956, 'VISA BIN Ziraat Bankası', 1),
(259, 14, 454671, 'VISA BIN Ziraat Bankası', 1),
(260, 14, 454672, 'VISA BIN Ziraat Bankası', 1),
(261, 14, 454673, 'VISA BIN Ziraat Bankası', 1),
(262, 14, 454674, 'VISA BIN Ziraat Bankası', 1),
(263, 14, 454894, 'VISA BIN Ziraat Bankası', 1),
(264, 14, 547287, 'EC/MC PREFIX Ziraat Bankası', 1),
(265, 14, 542374, 'EC/MC PREFIX Ziraat Bankası', 1),
(266, 14, 541033, 'EC/MC PREFIX Ziraat Bankası', 1),
(267, 14, 541001, 'EC/MC PREFIX Ziraat Bankası', 1),
(268, 14, 540134, 'EC/MC PREFIX Ziraat Bankası', 1),
(269, 14, 540130, 'EC/MC PREFIX Ziraat Bankası', 1),
(270, 1, 450151, 'Citi Axess visa platinum Akbank', 1),
(271, 1, 521376, 'Axess MC platinum Akbank', 1);

-- --------------------------------------------------------

--
-- Tablo için tablo yapısı `e_odeme_secenek_kredi_karti_hata_kodlari`
--

CREATE TABLE IF NOT EXISTS `e_odeme_secenek_kredi_karti_hata_kodlari` (
  `kkhk_id` bigint(20) NOT NULL AUTO_INCREMENT,
  `kkhk_hata_kodu` bigint(20) DEFAULT NULL,
  `kkhk_hata_mesaj` text,
  `kkhk_hata_aciklama` text,
  `kkhk_hata_durum` bigint(20) DEFAULT '1',
  PRIMARY KEY (`kkhk_id`),
  KEY `kkhk_hata_durum` (`kkhk_hata_durum`),
  KEY `kkhk_hata_kodu` (`kkhk_hata_kodu`)
) ENGINE=MyISAM  DEFAULT CHARSET=utf8 AUTO_INCREMENT=16 ;

--
-- Tablo döküm verisi `e_odeme_secenek_kredi_karti_hata_kodlari`
--

INSERT INTO `e_odeme_secenek_kredi_karti_hata_kodlari` (`kkhk_id`, `kkhk_hata_kodu`, `kkhk_hata_mesaj`, `kkhk_hata_aciklama`, `kkhk_hata_durum`) VALUES
(1, 99, 'The card failed compliancy checks.', 'Kredi kart numarası geçerli değil.', 1),
(2, 99, 'The card has expired', 'Kart son kullanım tarihi mantıksız.', 1),
(3, 99, 'Insufficient permissions to perform requested operation', 'Kullanıcı hatası (belirli bir işlem yaparken o işleme yetkisi olmayan bir kullanıcı kullanılmış. Mağaza kodunu, kullanıcı adını ve şifresini gözden geçiriniz.).', 1),
(4, 99, 'Value for element ''Total'' is not valid.', 'Para birim kodu hatalı.', 1),
(5, 93, 'Transaction cannot be completed (violation of law)', 'İşleyiş kurallarından biri çiğnendi. Büyük ihtimalle Bonus kullanımı / kazanımı ile ilgili.', 1),
(6, 54, 'Expired Card', 'Kart son kullanım tarihi hatalı.', 1),
(7, 51, 'Not sufficient funds', 'Yetersiz bakiye.', 1),
(8, 82, 'Incorrect CVV', 'CVV kodu kart sahibi banka tarafından reddedildi.', 1),
(9, 10, 'Reserved', 'Yetkisiz işlem (büyük ihtimalle tanımsız taksit adedi).', 1),
(10, 12, 'Invalid transaction', 'Geçersiz işlem (büyük ihtimalle Bonus yetkisi olmadan Bonus kullanılmaya çalışıldı).', 1),
(11, 99, 'Unable to determine card type. (''length'' is ''16'')', 'Geçerli bir kredi kart numarası giriniz.', 1),
(12, 58, 'Isyerinin bu isleme yetkisi yok', 'İş yerinin bu işlemi yapması için yetkisi yoktur.', 1),
(13, 99, 'Unable to locate ''Number'' in ''CcaVariantMap01''.', 'Geçerli bir kredi kart numarası giriniz.', 1),
(14, 99, 'Unable to locate card number.', 'Girilen kredi kart numarasının hangi bankaya ait olduğu bulunamıyor.', 1),
(15, 99, 'Islam Iptal Edildi.', 'İşleminiz İptal Edildi.', 1);

-- --------------------------------------------------------

--
-- Tablo için tablo yapısı `e_odeme_secenek_kredi_karti_taksit_secenekleri`
--

CREATE TABLE IF NOT EXISTS `e_odeme_secenek_kredi_karti_taksit_secenekleri` (
  `kkts_id` bigint(20) NOT NULL AUTO_INCREMENT,
  `kk_id` bigint(20) NOT NULL COMMENT 'odeme_secenek_kredi_karti.kk_id ile eşleşme',
  `kkts_taksit_sayisi` bigint(20) NOT NULL COMMENT 'taksit sayısı',
  `kkts_durum` bigint(20) NOT NULL DEFAULT '1' COMMENT '0 pasifdir 1 aktifdir',
  `kkts_komisyon` varchar(2) NOT NULL DEFAULT '00' COMMENT '00 sıfırdır',
  PRIMARY KEY (`kkts_id`),
  KEY `kkts_durum` (`kkts_durum`),
  KEY `kkts_taksit_sayisi` (`kkts_taksit_sayisi`),
  KEY `kk_id` (`kk_id`),
  KEY `kkts_komisyon` (`kkts_komisyon`)
) ENGINE=MyISAM  DEFAULT CHARSET=utf8 AUTO_INCREMENT=60 ;

--
-- Tablo döküm verisi `e_odeme_secenek_kredi_karti_taksit_secenekleri`
--

INSERT INTO `e_odeme_secenek_kredi_karti_taksit_secenekleri` (`kkts_id`, `kk_id`, `kkts_taksit_sayisi`, `kkts_durum`, `kkts_komisyon`) VALUES
(6, 1, 3, 1, '04'),
(5, 1, 2, 1, '02'),
(8, 7, 3, 1, '03'),
(4, 7, 2, 1, '02'),
(7, 1, 4, 1, '08'),
(9, 7, 4, 1, '04'),
(10, 7, 5, 1, '05'),
(11, 7, 6, 1, '06'),
(12, 7, 7, 1, '07'),
(13, 7, 8, 1, '08'),
(14, 7, 9, 1, '09'),
(15, 7, 12, 1, '12'),
(16, 7, 10, 1, '10'),
(17, 7, 11, 1, '11'),
(18, 1, 5, 1, '05'),
(19, 1, 6, 1, '06'),
(20, 1, 7, 1, '07'),
(21, 1, 8, 1, '08'),
(22, 1, 9, 1, '09'),
(23, 1, 10, 1, '10'),
(24, 1, 11, 1, '11'),
(25, 1, 12, 1, '12'),
(26, 5, 2, 1, '02'),
(28, 5, 3, 1, '03'),
(29, 5, 4, 1, '04'),
(30, 5, 5, 1, '05'),
(31, 5, 6, 1, '06'),
(32, 5, 7, 1, '07'),
(33, 5, 8, 1, '08'),
(34, 5, 9, 1, '09'),
(35, 5, 10, 1, '10'),
(36, 5, 11, 1, '11'),
(37, 5, 12, 1, '12'),
(38, 13, 2, 1, '02'),
(39, 13, 3, 1, '03'),
(40, 13, 4, 1, '04'),
(41, 13, 5, 1, '05'),
(42, 13, 6, 1, '06'),
(43, 13, 7, 1, '07'),
(44, 13, 8, 1, '08'),
(45, 13, 9, 1, '09'),
(46, 13, 10, 1, '10'),
(47, 13, 11, 1, '11'),
(48, 13, 12, 1, '12'),
(49, 6, 2, 1, '02'),
(50, 6, 3, 1, '03'),
(51, 6, 4, 1, '04'),
(52, 6, 5, 1, '05'),
(53, 6, 6, 1, '06'),
(54, 6, 7, 1, '07'),
(55, 6, 8, 1, '08'),
(56, 6, 9, 1, '09'),
(57, 6, 10, 1, '10'),
(58, 6, 11, 1, '11'),
(59, 6, 12, 1, '12');

-- --------------------------------------------------------

--
-- Tablo için tablo yapısı `e_option`
--

CREATE TABLE IF NOT EXISTS `e_option` (
  `option_id` int(11) NOT NULL AUTO_INCREMENT,
  `type` varchar(32) NOT NULL,
  `sort_order` int(3) NOT NULL,
  PRIMARY KEY (`option_id`)
) ENGINE=MyISAM  DEFAULT CHARSET=utf8 AUTO_INCREMENT=33 ;

--
-- Tablo döküm verisi `e_option`
--

INSERT INTO `e_option` (`option_id`, `type`, `sort_order`) VALUES
(1, 'select', 2),
(2, 'checkbox', 4),
(23, 'file', 3),
(28, 'radio', 1),
(17, 'select', 1),
(7, 'file', 5),
(16, 'select', 1),
(22, 'textarea', 1),
(30, 'select', 1),
(29, 'radio', 2),
(31, 'select', 1),
(32, 'select', 1);

-- --------------------------------------------------------

--
-- Tablo için tablo yapısı `e_option_description`
--

CREATE TABLE IF NOT EXISTS `e_option_description` (
  `option_id` int(11) NOT NULL,
  `language_id` int(11) NOT NULL,
  `name` varchar(128) NOT NULL,
  PRIMARY KEY (`option_id`,`language_id`)
) ENGINE=MyISAM DEFAULT CHARSET=utf8;

--
-- Tablo döküm verisi `e_option_description`
--

INSERT INTO `e_option_description` (`option_id`, `language_id`, `name`) VALUES
(1, 1, 'Seçim Kutusu'),
(2, 1, 'İşaret Kutusu'),
(31, 1, 'Numara'),
(28, 1, 'Renk'),
(7, 1, 'Dosya'),
(23, 1, 'Resim Ekle'),
(22, 1, 'Yazılacak Metin'),
(29, 1, 'Beden'),
(30, 1, 'Koltuk Sayısı'),
(32, 1, 'Seçenek Testi');

-- --------------------------------------------------------

--
-- Tablo için tablo yapısı `e_option_value`
--

CREATE TABLE IF NOT EXISTS `e_option_value` (
  `option_value_id` int(11) NOT NULL AUTO_INCREMENT,
  `option_id` int(11) NOT NULL,
  `sort_order` int(3) NOT NULL,
  PRIMARY KEY (`option_value_id`)
) ENGINE=MyISAM  DEFAULT CHARSET=utf8 AUTO_INCREMENT=437 ;

--
-- Tablo döküm verisi `e_option_value`
--

INSERT INTO `e_option_value` (`option_value_id`, `option_id`, `sort_order`) VALUES
(1, 1, 3),
(5, 1, 2),
(3, 2, 4),
(4, 2, 3),
(92, 30, 9),
(91, 30, 8),
(83, 28, 5),
(82, 29, 4),
(2, 1, 1),
(11, 2, 2),
(10, 2, 1),
(12, 11, 1),
(13, 11, 2),
(14, 11, 3),
(56, 16, 2),
(55, 16, 1),
(60, 17, 1),
(81, 29, 3),
(80, 29, 2),
(79, 29, 1),
(78, 28, 4),
(77, 28, 3),
(76, 28, 2),
(75, 28, 1),
(90, 30, 7),
(89, 30, 6),
(88, 30, 5),
(87, 30, 4),
(86, 30, 3),
(85, 30, 2),
(84, 30, 1),
(93, 28, 6),
(94, 28, 7),
(95, 28, 8),
(104, 31, 9),
(103, 31, 8),
(102, 31, 7),
(101, 31, 6),
(100, 31, 5),
(99, 31, 4),
(98, 31, 3),
(97, 31, 2),
(96, 31, 1),
(436, 32, 333),
(435, 32, 332),
(434, 32, 331),
(433, 32, 330),
(432, 32, 329),
(431, 32, 328),
(430, 32, 327),
(429, 32, 326),
(428, 32, 325),
(427, 32, 324),
(426, 32, 323),
(425, 32, 322),
(424, 32, 321),
(423, 32, 320),
(422, 32, 319),
(421, 32, 318),
(420, 32, 317),
(419, 32, 316),
(418, 32, 315),
(417, 32, 314),
(416, 32, 313),
(415, 32, 312),
(414, 32, 311),
(413, 32, 310),
(412, 32, 309),
(411, 32, 308),
(410, 32, 307),
(409, 32, 306),
(408, 32, 305),
(407, 32, 304),
(406, 32, 303),
(405, 32, 302),
(404, 32, 301),
(403, 32, 300),
(402, 32, 299),
(401, 32, 298),
(400, 32, 297),
(399, 32, 296),
(398, 32, 295),
(397, 32, 294),
(396, 32, 293),
(395, 32, 292),
(394, 32, 291),
(393, 32, 290),
(392, 32, 289),
(391, 32, 288),
(390, 32, 287),
(389, 32, 286),
(388, 32, 285),
(387, 32, 284),
(386, 32, 283),
(385, 32, 282),
(384, 32, 281),
(383, 32, 280),
(382, 32, 279),
(381, 32, 278),
(380, 32, 277),
(379, 32, 276),
(378, 32, 275),
(377, 32, 274),
(376, 32, 273),
(375, 32, 272),
(374, 32, 271),
(373, 32, 270),
(372, 32, 269),
(371, 32, 268),
(370, 32, 267),
(369, 32, 266),
(368, 32, 265),
(367, 32, 264),
(366, 32, 263),
(365, 32, 262),
(364, 32, 261),
(363, 32, 260),
(362, 32, 259),
(361, 32, 258),
(360, 32, 257),
(359, 32, 256),
(358, 32, 255),
(357, 32, 254),
(356, 32, 253),
(355, 32, 252),
(354, 32, 251),
(353, 32, 250),
(352, 32, 249),
(351, 32, 248),
(350, 32, 247),
(349, 32, 246),
(348, 32, 245),
(347, 32, 244),
(346, 32, 243),
(345, 32, 242),
(344, 32, 241),
(343, 32, 240),
(342, 32, 239),
(341, 32, 238),
(340, 32, 237),
(339, 32, 236),
(338, 32, 235),
(337, 32, 234),
(336, 32, 233),
(335, 32, 232),
(334, 32, 231),
(333, 32, 230),
(332, 32, 229),
(331, 32, 228),
(330, 32, 227),
(329, 32, 226),
(328, 32, 225),
(327, 32, 224),
(326, 32, 223),
(325, 32, 222),
(324, 32, 221),
(323, 32, 220),
(322, 32, 219),
(321, 32, 218),
(320, 32, 217),
(319, 32, 216),
(318, 32, 215),
(317, 32, 214),
(316, 32, 213),
(315, 32, 212),
(314, 32, 211),
(313, 32, 210),
(312, 32, 209),
(311, 32, 208),
(310, 32, 207),
(309, 32, 206),
(308, 32, 205),
(307, 32, 204),
(306, 32, 203),
(305, 32, 202),
(304, 32, 201),
(303, 32, 200),
(302, 32, 199),
(301, 32, 198),
(300, 32, 197),
(299, 32, 196),
(298, 32, 195),
(297, 32, 194),
(296, 32, 193),
(295, 32, 192),
(294, 32, 191),
(293, 32, 190),
(292, 32, 189),
(291, 32, 188),
(290, 32, 187),
(289, 32, 186),
(288, 32, 185),
(287, 32, 184),
(286, 32, 183),
(285, 32, 182),
(284, 32, 181),
(283, 32, 180),
(282, 32, 179),
(281, 32, 178),
(280, 32, 177),
(279, 32, 176),
(278, 32, 175),
(277, 32, 174),
(276, 32, 173),
(275, 32, 172),
(274, 32, 171),
(273, 32, 170),
(272, 32, 169),
(271, 32, 168),
(270, 32, 167),
(269, 32, 166),
(268, 32, 165),
(267, 32, 164),
(266, 32, 162),
(265, 32, 161),
(264, 32, 160),
(263, 32, 159),
(262, 32, 158),
(261, 32, 157),
(260, 32, 156),
(259, 32, 155),
(258, 32, 154),
(257, 32, 153),
(256, 32, 152),
(255, 32, 151),
(254, 32, 150),
(253, 32, 149),
(252, 32, 148),
(251, 32, 147),
(250, 32, 146),
(249, 32, 145),
(248, 32, 144),
(247, 32, 143),
(246, 32, 142),
(245, 32, 141),
(244, 32, 140),
(243, 32, 139),
(242, 32, 138),
(241, 32, 137),
(240, 32, 136),
(239, 32, 135),
(238, 32, 134),
(237, 32, 133),
(236, 32, 132),
(235, 32, 131),
(234, 32, 130),
(233, 32, 129),
(232, 32, 128),
(231, 32, 127),
(230, 32, 126),
(229, 32, 125),
(228, 32, 124),
(227, 32, 123),
(226, 32, 122),
(225, 32, 121),
(224, 32, 120),
(223, 32, 119),
(222, 32, 118),
(221, 32, 117),
(220, 32, 116),
(219, 32, 115),
(218, 32, 114),
(217, 32, 113),
(216, 32, 112),
(215, 32, 111),
(214, 32, 110),
(213, 32, 109),
(212, 32, 108),
(211, 32, 107),
(210, 32, 106),
(209, 32, 105),
(208, 32, 104),
(207, 32, 103),
(206, 32, 102),
(205, 32, 101),
(204, 32, 100),
(203, 32, 99),
(202, 32, 98),
(201, 32, 97),
(200, 32, 96),
(199, 32, 95),
(198, 32, 94),
(197, 32, 93),
(196, 32, 92),
(195, 32, 91),
(194, 32, 90),
(193, 32, 89),
(192, 32, 88),
(191, 32, 87),
(190, 32, 86),
(189, 32, 85),
(188, 32, 84),
(187, 32, 83),
(186, 32, 82),
(185, 32, 81),
(184, 32, 80),
(183, 32, 79),
(182, 32, 78),
(181, 32, 77),
(180, 32, 76),
(179, 32, 75),
(178, 32, 74),
(177, 32, 73),
(176, 32, 72),
(175, 32, 71),
(174, 32, 70),
(173, 32, 69),
(172, 32, 68),
(171, 32, 67),
(170, 32, 66),
(169, 32, 65),
(168, 32, 64),
(167, 32, 63),
(166, 32, 62),
(165, 32, 61),
(164, 32, 60),
(163, 32, 59),
(162, 32, 58),
(161, 32, 57),
(160, 32, 56),
(159, 32, 55),
(158, 32, 54),
(157, 32, 53),
(156, 32, 52),
(155, 32, 51),
(154, 32, 50),
(153, 32, 49),
(152, 32, 48),
(151, 32, 47),
(150, 32, 46),
(149, 32, 45),
(148, 32, 44),
(147, 32, 43),
(146, 32, 42),
(145, 32, 41),
(144, 32, 40),
(143, 32, 39),
(142, 32, 38),
(141, 32, 37),
(140, 32, 36),
(139, 32, 35),
(138, 32, 34),
(137, 32, 33),
(136, 32, 32),
(135, 32, 31),
(134, 32, 30),
(133, 32, 29),
(132, 32, 28),
(131, 32, 27),
(130, 32, 26),
(129, 32, 25),
(128, 32, 24),
(127, 32, 23),
(126, 32, 22),
(125, 32, 21),
(124, 32, 20),
(123, 32, 19),
(122, 32, 18),
(121, 32, 17),
(120, 32, 16),
(119, 32, 15),
(118, 32, 14),
(117, 32, 13),
(116, 32, 12),
(115, 32, 11),
(114, 32, 10),
(113, 32, 9),
(112, 32, 8),
(111, 32, 7),
(110, 32, 6),
(109, 32, 5),
(108, 32, 4),
(107, 32, 3),
(106, 32, 2),
(105, 32, 1);

-- --------------------------------------------------------

--
-- Tablo için tablo yapısı `e_option_value_description`
--

CREATE TABLE IF NOT EXISTS `e_option_value_description` (
  `option_value_id` int(11) NOT NULL,
  `language_id` int(11) NOT NULL,
  `option_id` int(11) NOT NULL,
  `name` varchar(128) NOT NULL,
  PRIMARY KEY (`option_value_id`,`language_id`)
) ENGINE=MyISAM DEFAULT CHARSET=utf8;

--
-- Tablo döküm verisi `e_option_value_description`
--

INSERT INTO `e_option_value_description` (`option_value_id`, `language_id`, `option_id`, `name`) VALUES
(92, 1, 30, '9'),
(91, 1, 30, '8'),
(83, 1, 28, 'İptal Bordo'),
(78, 1, 28, 'Ekru'),
(77, 1, 28, 'Antrasit'),
(76, 1, 28, 'Lacivert'),
(75, 1, 28, 'Siyah'),
(3, 1, 2, 'İşaret Kutusu 4'),
(4, 1, 2, 'İşaret Kutusu 3'),
(12, 1, 11, 'Büyük'),
(13, 1, 11, 'Orta'),
(14, 1, 11, 'Küçük'),
(1, 1, 1, 'Büyük'),
(5, 1, 1, 'Orta'),
(11, 1, 2, 'İşaret Kutusu 2'),
(2, 1, 1, 'Küçük'),
(90, 1, 30, '7'),
(89, 1, 30, '6'),
(10, 1, 2, 'İşaret Kutusu 1'),
(12, 2, 11, 'Large'),
(13, 2, 11, 'Medium'),
(14, 2, 11, 'Small'),
(56, 1, 16, 'dsa'),
(55, 1, 16, 'asd'),
(60, 1, 17, 'deneme'),
(88, 1, 30, '5'),
(87, 1, 30, '4'),
(82, 1, 29, 'XL'),
(79, 1, 29, 'S'),
(80, 1, 29, 'M'),
(81, 1, 29, 'L'),
(86, 1, 30, '3'),
(85, 1, 30, '2'),
(84, 1, 30, '1'),
(93, 1, 28, 'Beyaz'),
(94, 1, 28, 'Mavi'),
(95, 1, 28, 'Altın'),
(104, 1, 31, '44'),
(103, 1, 31, '43'),
(102, 1, 31, '42'),
(101, 1, 31, '41'),
(100, 1, 31, '40'),
(99, 1, 31, '39'),
(98, 1, 31, '38'),
(97, 1, 31, '37'),
(96, 1, 31, '36'),
(436, 1, 32, '333'),
(435, 1, 32, '332'),
(434, 1, 32, '331'),
(433, 1, 32, '330'),
(432, 1, 32, '329'),
(431, 1, 32, '328'),
(430, 1, 32, '327'),
(429, 1, 32, '326'),
(428, 1, 32, '325'),
(427, 1, 32, '324'),
(426, 1, 32, '323'),
(425, 1, 32, '322'),
(424, 1, 32, '321'),
(423, 1, 32, '320'),
(422, 1, 32, '319'),
(421, 1, 32, '318'),
(420, 1, 32, '317'),
(419, 1, 32, '316'),
(418, 1, 32, '315'),
(417, 1, 32, '314'),
(416, 1, 32, '313'),
(415, 1, 32, '312'),
(414, 1, 32, '311'),
(413, 1, 32, '310'),
(412, 1, 32, '309'),
(411, 1, 32, '308'),
(410, 1, 32, '307'),
(409, 1, 32, '306'),
(408, 1, 32, '305'),
(407, 1, 32, '304'),
(406, 1, 32, '303'),
(405, 1, 32, '302'),
(404, 1, 32, '301'),
(403, 1, 32, '300'),
(402, 1, 32, '299'),
(401, 1, 32, '298'),
(400, 1, 32, '297'),
(399, 1, 32, '296'),
(398, 1, 32, '295'),
(397, 1, 32, '294'),
(396, 1, 32, '293'),
(395, 1, 32, '292'),
(394, 1, 32, '291'),
(393, 1, 32, '290'),
(392, 1, 32, '289'),
(391, 1, 32, '288'),
(390, 1, 32, '287'),
(389, 1, 32, '286'),
(388, 1, 32, '285'),
(387, 1, 32, '284'),
(386, 1, 32, '283'),
(385, 1, 32, '282'),
(384, 1, 32, '281'),
(383, 1, 32, '280'),
(382, 1, 32, '279'),
(381, 1, 32, '278'),
(380, 1, 32, '277'),
(379, 1, 32, '276'),
(378, 1, 32, '275'),
(377, 1, 32, '274'),
(376, 1, 32, '273'),
(375, 1, 32, '272'),
(374, 1, 32, '271'),
(373, 1, 32, '270'),
(372, 1, 32, '269'),
(371, 1, 32, '268'),
(370, 1, 32, '267'),
(369, 1, 32, '266'),
(368, 1, 32, '265'),
(367, 1, 32, '264'),
(366, 1, 32, '263'),
(365, 1, 32, '262'),
(364, 1, 32, '261'),
(363, 1, 32, '260'),
(362, 1, 32, '259'),
(361, 1, 32, '258'),
(360, 1, 32, '257'),
(359, 1, 32, '256'),
(358, 1, 32, '255'),
(357, 1, 32, '254'),
(356, 1, 32, '253'),
(355, 1, 32, '252'),
(354, 1, 32, '251'),
(353, 1, 32, '250'),
(352, 1, 32, '249'),
(351, 1, 32, '248'),
(350, 1, 32, '247'),
(349, 1, 32, '246'),
(348, 1, 32, '245'),
(347, 1, 32, '244'),
(346, 1, 32, '243'),
(345, 1, 32, '242'),
(344, 1, 32, '241'),
(343, 1, 32, '240'),
(342, 1, 32, '239'),
(341, 1, 32, '238'),
(340, 1, 32, '237'),
(339, 1, 32, '236'),
(338, 1, 32, '235'),
(337, 1, 32, '234'),
(336, 1, 32, '233'),
(335, 1, 32, '232'),
(334, 1, 32, '231'),
(333, 1, 32, '230'),
(332, 1, 32, '229'),
(331, 1, 32, '228'),
(330, 1, 32, '227'),
(329, 1, 32, '226'),
(328, 1, 32, '225'),
(327, 1, 32, '224'),
(326, 1, 32, '223'),
(325, 1, 32, '222'),
(324, 1, 32, '221'),
(323, 1, 32, '220'),
(322, 1, 32, '219'),
(321, 1, 32, '218'),
(320, 1, 32, '217'),
(319, 1, 32, '216'),
(318, 1, 32, '215'),
(317, 1, 32, '214'),
(316, 1, 32, '213'),
(315, 1, 32, '212'),
(314, 1, 32, '211'),
(313, 1, 32, '210'),
(312, 1, 32, '209'),
(311, 1, 32, '208'),
(310, 1, 32, '207'),
(309, 1, 32, '206'),
(308, 1, 32, '205'),
(307, 1, 32, '204'),
(306, 1, 32, '203'),
(305, 1, 32, '202'),
(304, 1, 32, '201'),
(303, 1, 32, '200'),
(302, 1, 32, '199'),
(301, 1, 32, '198'),
(300, 1, 32, '197'),
(299, 1, 32, '196'),
(298, 1, 32, '195'),
(297, 1, 32, '194'),
(296, 1, 32, '193'),
(295, 1, 32, '192'),
(294, 1, 32, '191'),
(293, 1, 32, '190'),
(292, 1, 32, '189'),
(291, 1, 32, '188'),
(290, 1, 32, '187'),
(289, 1, 32, '186'),
(288, 1, 32, '185'),
(287, 1, 32, '184'),
(286, 1, 32, '183'),
(285, 1, 32, '182'),
(284, 1, 32, '181'),
(283, 1, 32, '180'),
(282, 1, 32, '179'),
(281, 1, 32, '178'),
(280, 1, 32, '177'),
(279, 1, 32, '176'),
(278, 1, 32, '175'),
(277, 1, 32, '174'),
(276, 1, 32, '173'),
(275, 1, 32, '172'),
(274, 1, 32, '171'),
(273, 1, 32, '170'),
(272, 1, 32, '169'),
(271, 1, 32, '168'),
(270, 1, 32, '167'),
(269, 1, 32, '166'),
(268, 1, 32, '165'),
(267, 1, 32, '163'),
(266, 1, 32, '162'),
(265, 1, 32, '161'),
(264, 1, 32, '160'),
(263, 1, 32, '159'),
(262, 1, 32, '158'),
(261, 1, 32, '157'),
(260, 1, 32, '156'),
(259, 1, 32, '155'),
(258, 1, 32, '154'),
(257, 1, 32, '153'),
(256, 1, 32, '152'),
(255, 1, 32, '151'),
(254, 1, 32, '150'),
(253, 1, 32, '149'),
(252, 1, 32, '148'),
(251, 1, 32, '147'),
(250, 1, 32, '146'),
(249, 1, 32, '145'),
(248, 1, 32, '144'),
(247, 1, 32, '143'),
(246, 1, 32, '142'),
(245, 1, 32, '141'),
(244, 1, 32, '140'),
(243, 1, 32, '139'),
(242, 1, 32, '138'),
(241, 1, 32, '137'),
(240, 1, 32, '136'),
(239, 1, 32, '135'),
(238, 1, 32, '134'),
(237, 1, 32, '133'),
(236, 1, 32, '132'),
(235, 1, 32, '131'),
(234, 1, 32, '130'),
(233, 1, 32, '129'),
(232, 1, 32, '128'),
(231, 1, 32, '127'),
(230, 1, 32, '126'),
(229, 1, 32, '125'),
(228, 1, 32, '124'),
(227, 1, 32, '123'),
(226, 1, 32, '122'),
(225, 1, 32, '121'),
(224, 1, 32, '120'),
(223, 1, 32, '119'),
(222, 1, 32, '118'),
(221, 1, 32, '117'),
(220, 1, 32, '116'),
(219, 1, 32, '115'),
(218, 1, 32, '114'),
(217, 1, 32, '113'),
(216, 1, 32, '112'),
(215, 1, 32, '111'),
(214, 1, 32, '110'),
(213, 1, 32, '109'),
(212, 1, 32, '108'),
(211, 1, 32, '107'),
(210, 1, 32, '106'),
(209, 1, 32, '105'),
(208, 1, 32, '104'),
(207, 1, 32, '103'),
(206, 1, 32, '102'),
(205, 1, 32, '101'),
(204, 1, 32, '100'),
(203, 1, 32, '99'),
(202, 1, 32, '98'),
(201, 1, 32, '97'),
(200, 1, 32, '96'),
(199, 1, 32, '95'),
(198, 1, 32, '94'),
(197, 1, 32, '93'),
(196, 1, 32, '92'),
(195, 1, 32, '91'),
(194, 1, 32, '90'),
(193, 1, 32, '89'),
(192, 1, 32, '88'),
(191, 1, 32, '87'),
(190, 1, 32, '86'),
(189, 1, 32, '85'),
(188, 1, 32, '84'),
(187, 1, 32, '83'),
(186, 1, 32, '82'),
(185, 1, 32, '81'),
(184, 1, 32, '80'),
(183, 1, 32, '79'),
(182, 1, 32, '78'),
(181, 1, 32, '77'),
(180, 1, 32, '76'),
(179, 1, 32, '75'),
(178, 1, 32, '74'),
(177, 1, 32, '73'),
(176, 1, 32, '72'),
(175, 1, 32, '71'),
(174, 1, 32, '70'),
(173, 1, 32, '69'),
(172, 1, 32, '68'),
(171, 1, 32, '67'),
(170, 1, 32, '66'),
(169, 1, 32, '65'),
(168, 1, 32, '64'),
(167, 1, 32, '63'),
(166, 1, 32, '62'),
(165, 1, 32, '61'),
(164, 1, 32, '60'),
(163, 1, 32, '59'),
(162, 1, 32, '58'),
(161, 1, 32, '57'),
(160, 1, 32, '56'),
(159, 1, 32, '55'),
(158, 1, 32, '54'),
(157, 1, 32, '53'),
(156, 1, 32, '52'),
(155, 1, 32, '51'),
(154, 1, 32, '50'),
(153, 1, 32, '49'),
(152, 1, 32, '48'),
(151, 1, 32, '47'),
(150, 1, 32, '46'),
(149, 1, 32, '45'),
(148, 1, 32, '44'),
(147, 1, 32, '43'),
(146, 1, 32, '42'),
(145, 1, 32, '41'),
(144, 1, 32, '40'),
(143, 1, 32, '39'),
(142, 1, 32, '38'),
(141, 1, 32, '37'),
(140, 1, 32, '36'),
(139, 1, 32, '35'),
(138, 1, 32, '34'),
(137, 1, 32, '33'),
(136, 1, 32, '32'),
(135, 1, 32, '31'),
(134, 1, 32, '30'),
(133, 1, 32, '29'),
(132, 1, 32, '28'),
(131, 1, 32, '27'),
(130, 1, 32, '26'),
(129, 1, 32, '25'),
(128, 1, 32, '24'),
(127, 1, 32, '23'),
(126, 1, 32, '22'),
(125, 1, 32, '21'),
(124, 1, 32, '20'),
(123, 1, 32, '19'),
(122, 1, 32, '18'),
(121, 1, 32, '17'),
(120, 1, 32, '16'),
(119, 1, 32, '15'),
(118, 1, 32, '14'),
(117, 1, 32, '13'),
(116, 1, 32, '12'),
(115, 1, 32, '11'),
(114, 1, 32, '10'),
(113, 1, 32, '9'),
(112, 1, 32, '8'),
(111, 1, 32, '7'),
(110, 1, 32, '6'),
(109, 1, 32, '5'),
(108, 1, 32, '4'),
(107, 1, 32, '3'),
(106, 1, 32, '2'),
(105, 1, 32, '1');

-- --------------------------------------------------------

--
-- Tablo için tablo yapısı `e_permissions`
--

CREATE TABLE IF NOT EXISTS `e_permissions` (
  `id` int(11) NOT NULL AUTO_INCREMENT,
  `role_id` int(11) NOT NULL,
  `data` text,
  PRIMARY KEY (`id`),
  KEY `role_id` (`role_id`)
) ENGINE=MyISAM DEFAULT CHARSET=utf8 AUTO_INCREMENT=1 ;

-- --------------------------------------------------------

--
-- Tablo için tablo yapısı `e_product`
--

CREATE TABLE IF NOT EXISTS `e_product` (
  `product_id` int(11) NOT NULL AUTO_INCREMENT,
  `model` varchar(255) NOT NULL,
  `quantity` int(4) NOT NULL DEFAULT '0',
  `stock_status_id` int(11) NOT NULL,
  `image` varchar(255) DEFAULT NULL,
  `manufacturer_id` int(11) NOT NULL,
  `price` decimal(15,4) NOT NULL DEFAULT '0.0000',
  `price_type` int(11) NOT NULL DEFAULT '1' COMMENT '1 tl 2 $ 3 €',
  `stock_type` int(11) NOT NULL,
  `tax` char(2) NOT NULL DEFAULT '00',
  `date_available` int(11) NOT NULL,
  `status` int(1) NOT NULL DEFAULT '0',
  `show_homepage` int(11) NOT NULL DEFAULT '0',
  `new_product` int(1) NOT NULL DEFAULT '1',
  `feature_status` int(1) NOT NULL DEFAULT '1',
  `cargo_required` int(1) NOT NULL DEFAULT '0',
  `cargo_multiply_required` int(1) NOT NULL DEFAULT '0',
  `date_added` int(11) NOT NULL,
  `date_modified` int(11) NOT NULL,
  `viewed` int(5) NOT NULL DEFAULT '0',
  `sort_order` int(11) NOT NULL DEFAULT '0',
  `minimum` int(11) NOT NULL DEFAULT '1',
  `cost` decimal(15,4) NOT NULL DEFAULT '0.0000',
  `length` decimal(5,2) NOT NULL DEFAULT '0.00',
  `width` decimal(5,2) NOT NULL DEFAULT '0.00',
  `height` decimal(5,2) NOT NULL DEFAULT '0.00',
  `length_class_id` int(11) NOT NULL DEFAULT '0',
  `weight` decimal(5,2) NOT NULL DEFAULT '0.00',
  `weight_class_id` int(11) NOT NULL DEFAULT '0',
  `subtract` int(1) NOT NULL DEFAULT '1',
  `hizli_gonder` tinyint(3) unsigned NOT NULL DEFAULT '0',
  PRIMARY KEY (`product_id`)
) ENGINE=MyISAM  DEFAULT CHARSET=utf8 AUTO_INCREMENT=168 ;

--
-- Tablo döküm verisi `e_product`
--

INSERT INTO `e_product` (`product_id`, `model`, `quantity`, `stock_status_id`, `image`, `manufacturer_id`, `price`, `price_type`, `stock_type`, `tax`, `date_available`, `status`, `show_homepage`, `new_product`, `feature_status`, `cargo_required`, `cargo_multiply_required`, `date_added`, `date_modified`, `viewed`, `sort_order`, `minimum`, `cost`, `length`, `width`, `height`, `length_class_id`, `weight`, `weight_class_id`, `subtract`, `hizli_gonder`) VALUES
(49, 'chicco-006', 1, 0, 'data/resimler/urunler/bebekurunleri/buhar-makinesi.jpg', 50, '120.0000', 1, 12, '18', 1481061600, 1, 0, 1, 0, 1, 0, 1323249551, 1323249892, 14, 0, 1, '0.0000', '0.00', '0.00', '0.00', 1, '0.00', 4, 0, 0),
(51, 'chicco-008', 1, 0, 'data/resimler/urunler/bebekurunleri/060062000100519020zoom.jpg', 50, '19.0000', 1, 12, '18', 1481061600, 1, 2, 1, 0, 1, 0, 1323257530, 1335739022, 119, 0, 1, '0.0000', '0.00', '0.00', '0.00', 1, '0.00', 4, 0, 0),
(68, 'ipad2-001', 1, 0, 'data/resimler/urunler/telefon-tablet/ipad_2_1.jpg', 44, '2500.0000', 1, 12, '18', 1481148000, 1, 1, 1, 1, 1, 0, 1323328449, 1323337203, 48, 0, 1, '0.0000', '0.00', '0.00', '0.00', 1, '0.00', 4, 0, 0),
(69, 'iphone-001', 1, 0, 'data/resimler/urunler/telefon-tablet/Biphonefrontsidefull.jpg', 44, '2300.0000', 1, 12, '18', 1481148000, 1, 1, 1, 1, 1, 0, 1323331453, 1323439502, 26, 0, 1, '0.0000', '0.00', '0.00', '0.00', 1, '0.00', 4, 0, 0),
(72, 'samsung-002', 1, 0, 'data/resimler/urunler/telefon-tablet/w_image01.jpg', 54, '1500.0000', 1, 12, '18', 1481148000, 1, 0, 1, 0, 1, 0, 1323342940, 1323342940, 11, 0, 1, '0.0000', '0.00', '0.00', '0.00', 1, '0.00', 4, 0, 0),
(76, 'sony-001', 50, 0, 'data/resimler/urunler/elektrik-elektronik/05.016_.4140_.016901t4_.jpg', 59, '99.0000', 1, 12, '18', 1481148000, 1, 0, 1, 0, 1, 0, 1323348439, 1389770059, 30, 0, 1, '0.0000', '0.00', '0.00', '0.00', 1, '0.00', 4, 0, 1),
(84, 'sony-003', 1, 0, 'data/resimler/urunler/elektrik-elektronik/ses4.jpg', 59, '210.0000', 1, 12, '18', 1481148000, 1, 0, 1, 1, 1, 0, 1323352735, 1389769710, 13, 0, 1, '0.0000', '0.00', '0.00', '0.00', 1, '0.00', 4, 0, 0),
(98, 'ufo-001', 1, 0, 'data/resimler/urunler/evaletleri/ufo1.jpg', 0, '250.0000', 1, 12, '18', 1395266400, 1, 1, 1, 0, 1, 0, 1323357577, 1388732734, 45, 0, 1, '0.0000', '0.00', '0.00', '0.00', 1, '0.00', 4, 0, 0),
(133, 'tatli-buket-meyve-cicek-002', 1, 0, 'data/resimler/urunler/cicek-meyvecicek/tatli-buket.jpeg', 0, '30.0000', 1, 12, '18', 1481234400, 1, 2, 1, 0, 1, 0, 1323425134, 1388498108, 65, 0, 1, '0.0000', '0.00', '0.00', '0.00', 1, '0.00', 4, 1, 1),
(161, 'd3372c03-4cfe-60d6-daf0-b2e90f65183f', 10, 0, 'data/resimler/urunler/hediyelik/saat/saat2.jpg', 69, '349.0000', 1, 12, '18', 1481320800, 1, 0, 1, 1, 1, 0, 1323501754, 1388498301, 22, 1, 1, '0.0000', '0.00', '0.00', '0.00', 1, '0.00', 4, 1, 0),
(162, 'asus-i7-0222', 1, 0, 'data/resimler/urunler/elektrik-elektronik/ASUS-i7-2630-4GB-640GB11.jpg', 0, '899.0000', 2, 12, '18', 1481493600, 1, 0, 1, 0, 1, 0, 1323673942, 1389770003, 96, 0, 1, '0.0000', '0.00', '0.00', '0.00', 1, '0.00', 4, 1, 0);

-- --------------------------------------------------------

--
-- Tablo için tablo yapısı `e_product_description`
--

CREATE TABLE IF NOT EXISTS `e_product_description` (
  `product_id` int(11) NOT NULL AUTO_INCREMENT,
  `language_id` int(11) NOT NULL,
  `seo` varchar(255) NOT NULL,
  `name` varchar(255) NOT NULL,
  `info` text NOT NULL,
  `meta_keywords` varchar(255) NOT NULL,
  `meta_description` varchar(255) NOT NULL,
  `description` longtext NOT NULL,
  `video` text NOT NULL,
  PRIMARY KEY (`product_id`,`language_id`),
  KEY `name` (`name`)
) ENGINE=MyISAM  DEFAULT CHARSET=utf8 AUTO_INCREMENT=168 ;

--
-- Tablo döküm verisi `e_product_description`
--

INSERT INTO `e_product_description` (`product_id`, `language_id`, `seo`, `name`, `info`, `meta_keywords`, `meta_description`, `description`, `video`) VALUES
(49, 1, '-chicco-easy-neb-soguk-buhar-makinesi-0ay', ' Chicco Easy Neb Soğuk Buhar Makinesi 0Ay+', '', 'Chicco Soğuk buhar makinesi', 'Easy Neb Soğuk Buhar Makinesi insan kulağının duyamayacağı yüksek frekansta titreşimler oluşturarak soğuk su buharı püskürtür.', '<p>\n	<img alt="" height="237" src="http://eticaret.serkankoch.com/upload/editor/data/resimler/urunler/bebekurunleri/banner3.jpg" width="700" /></p>\n<p>\n	<br />\n	Easy Neb Soğuk Buhar Makinesi insan kulağının duyamayacağı y&uuml;ksek frekansta titreşimler oluşturarak soğuk su buharı p&uuml;sk&uuml;rt&uuml;r.<br />\n	<br />\n	Bu nedenle sessizdir, &ccedil;ocuğunuza rahatsızlık vermeden gece g&uuml;nd&uuml;z a&ccedil;ık bırakabilirsiniz. Soğuk p&uuml;sk&uuml;rtme yaptığıi&ccedil;in yanık tehlikesi yaratmaz.<br />\n	<br />\n	Buhar p&uuml;sk&uuml;rten alIzlIk.<br />\n	<br />\n	Su haznesi.<br />\n	<br />\n	Aletin g&ouml;vdesi.<br />\n	<br />\n	Su haznesi kapalI.<br />\n	<br />\n	Aletin a&ccedil;ma / kapama veIa su seviIesi Ietersiz uIarI d&uuml;lmesi<br />\n	<br />\n	AkIm aIar d&uuml;lmesi<br />\n	<br />\n	Iletici<br />\n	<br />\n	Buharlatma kabI<br />\n	<br />\n	Besleme elektrik kablosu...<br />\n	<br />\n	Temizleme sırasında dikkat edilmesi gerekenler<br />\n	<br />\n	Nemlendirme aletini asla haznesinde veIa buharlatma kabInda su ile haznenin kapalI kapalI olarak bIrakIlmamalIdIr.</p>\n<center>\n	<embed allowscriptaccess="always" base="." height="400" pluginspage="http://www.macromedia.com/go/getflashplayer" quality="high" src="http://www.chicco.com.tr/DesktopModules/ProductDetail/MagicMagnify/magicmagnifyplus.swf?smallImageUrl=http%253A%252F%252Fwww.chicco.com.tr%252FPortals%252F3%252FProducts%252FImages%252F071737_000_080508_01_normal.jpg&amp;stageWidth=400&amp;bigImageUrl=http%253A%252F%252Fwww.chicco.com.tr%252FPortals%252F3%252FProducts%252FImages%252F071737_000_080508_01_zoom.jpg&amp;lenseUrl=&amp;linkUrl=javascript%253Aif%2520%28MagicThumb.thumbs%255B0%255D.loaded%29%2520MagicThumb.expand%28null%252C0%29%253B&amp;linkWindow=_self&amp;lineThickness=1&amp;lineThicknessBorder=0&amp;lineColor=0x9b9b9b&amp;borderColor=0x9b9b9b&amp;magnifierSize=300&amp;magnifierSizeX=&amp;magnifierSizeY=&amp;lenseOffsetX=0&amp;lenseOffsetY=0&amp;lensePosition=top&amp;pauseOnClick=false&amp;type=circle&amp;init_x=NaN&amp;init_y=NaN&amp;thumbOpt=true&amp;showmagnifier=0" type="application/x-shockwave-flash" width="400" wmode="transparent"></embed></center>', '<iframe width="480" height="360" src="http://www.youtube.com/embed/lZK0whjLgFM" frameborder="0" allowfullscreen></iframe>'),
(51, 1, 'tatli-ayicik-puset-oyuncagi', 'Tatlı Ayıcık Puset Oyuncağı', '', 'Tatlı Ayıcık Oyuncakğı,Puset Oyuncağı,Ayıcık,Tatılı Ayıcık', ' Yumuşak plastikten diş kaşıyıcıları bulunan hayvan şeklindeki peluş puset oyuncakları. ', '<p>\r\n	<span class="ProductDescription" id="dnn_ctr1642_ViewProductDetail_lblDescription">&nbsp;Yumuşak plastikten diş kaşıyıcıları bulunan hayvan şeklindeki peluş puset oyuncakları. <br />\r\n	<br />\r\n	Makinada yıkanabilir</span><br />\r\n	<br />\r\n	&nbsp;</p>\r\n<center>\r\n	<embed allowscriptaccess="always" base="." height="400" pluginspage="http://www.macromedia.com/go/getflashplayer" quality="high" src="http://www.chicco.com.tr/DesktopModules/ProductDetail/MagicMagnify/magicmagnifyplus.swf?smallImageUrl=http%253A%252F%252Fwww.chicco.com.tr%252FPortals%252F3%252FProducts%252FImages%252F060062000100519020normal.jpg&amp;stageWidth=400&amp;bigImageUrl=http%253A%252F%252Fwww.chicco.com.tr%252FPortals%252F3%252FProducts%252FImages%252F060062000100519020zoom.jpg&amp;lenseUrl=&amp;linkUrl=javascript%253Aif%2520%28MagicThumb.thumbs%255B0%255D.loaded%29%2520MagicThumb.expand%28null%252C0%29%253B&amp;linkWindow=_self&amp;lineThickness=1&amp;lineThicknessBorder=0&amp;lineColor=0x9b9b9b&amp;borderColor=0x9b9b9b&amp;magnifierSize=300&amp;magnifierSizeX=&amp;magnifierSizeY=&amp;lenseOffsetX=0&amp;lenseOffsetY=0&amp;lensePosition=top&amp;pauseOnClick=false&amp;type=circle&amp;init_x=NaN&amp;init_y=NaN&amp;thumbOpt=true&amp;showmagnifier=0" type="application/x-shockwave-flash" width="400" wmode="transparent"></embed></center>', '<iframe width="480" height="360" src="http://www.youtube.com/embed/lZK0whjLgFM" frameborder="0" allowfullscreen></iframe>'),
(51, 2, 'sweet-bear-toy', 'Sweet Bear Toy', '<p>\r\n	Sweet Bear</p>', 'sweet', 'sweet', '<p>\r\n	sb</p>', ''),
(69, 1, 'apple-iphone-4', 'Apple iPhone 4', '', 'Apple iPhone 4,iPhone 4,iPhone,Apple', 'Apple iPhone 4', '<h1>\n	<img alt="iPhone 4. Pek çok yönden bir ilk." src="http://www.apple.com/tr/iphone/images/overview-hero-title-20100607.png" style="width: 517px; height: 33px;" /></h1>\n<h2>\n	<span style="font-size: 14px;"><span style="font-family: arial,helvetica,sans-serif;">Herkes iPhone&#39;a yetişmeye &ccedil;alışırken, biz iPhone&#39;u her zamankinden daha g&uuml;&ccedil;l&uuml;, daha kolay kullanılır ve daha vazge&ccedil;ilmez yapacak yeni &ouml;zellikler bulmakla meşguld&uuml;k. Sonu&ccedil; iPhone 4 oldu. iPhone&#39;dan bu yana, iPhone&#39;da olan en b&uuml;y&uuml;k gelişme.<br />\n	<br />\n	</span></span></h2>\n<div id="watch-video">\n	<a class="block video-swap-trigger" href="http://www.apple.com/tr/iphone/features/#design-video"> <br />\n	</a></div>\n<div class="feature" id="iphone-facetime">\n	<p>\n		<img alt="" class="flushleft" src="http://www.apple.com/euro/cemea/iphone/features/images/overview-multitasking-20100607.jpg" style="width: 320px; height: 417px;" /><img alt="" class="flushleft" src="http://www.apple.com/euro/cemea/iphone/images/overview-facetime-20100607.png" style="width: 275px; height: 399px;" /> &nbsp; &nbsp;</p>\n	<div class="feature" id="iphone-camera">\n		<h3 class="icon_title">\n			<img alt="LED Flaşlı 5 Megapiksel Kamera" height="63" src="http://www.apple.com/tr/iphone/images/overview-title-camera-20100607.png" width="400" /></h3>\n		<p>\n			Dahili LED flaşlı 5 megapiksel kamera ile ayrıntılı, g&uuml;zel fotoğraflar &ccedil;ekin. Geliştirilmiş arka y&uuml;z aydınlatma sens&ouml;r&uuml; az ışıkta dahi m&uuml;kemmel fotoğraflar yakalar. &Ouml;n kısımda bulunan kamera kendi portrenizi &ccedil;ekmeyi kolaylaştırır.</p>\n	</div>\n	<div class="feature" id="iphone-multitasking">\n		<h3 class="icon_title">\n			<img alt="Çoklu Görev Yürütme" height="63" src="http://www.apple.com/tr/iphone/images/overview-title-multitasking-20100607.png" width="350" /></h3>\n		<p>\n			iPhone 4 &ccedil;oklu g&ouml;rev y&uuml;r&uuml;tmenin tamamen yeni bir şeklini sunuyor. Artık &ouml;n plandaki uygulamanın performansını d&uuml;ş&uuml;rmeden veya pili gereksiz yere t&uuml;ketmeden sevdiğiniz &uuml;&ccedil;&uuml;nc&uuml; parti uygulamaları &ccedil;alıştırabilir ve aralarında anında ge&ccedil;iş yapabilirsiniz.<sup>1</sup> Bu &ccedil;oklu g&ouml;rev y&uuml;r&uuml;tme yaklaşımı yalnızca iPhone&#39;da bulunur.</p>\n	</div>\n	<h3 class="icon_title">\n		<img alt="Facetime" height="61" src="http://www.apple.com/tr/iphone/images/overview-title-facetime-20100607.png" width="167" /></h3>\n	<p>\n		İnsanlar uzun yıllardır g&ouml;r&uuml;nt&uuml;l&uuml; g&ouml;r&uuml;şme yapmayı hayal ediyordu. iPhone 4 bunu ger&ccedil;eğe d&ouml;n&uuml;şt&uuml;r&uuml;yor. iPhone 4&#39;ten iPhone 4&#39;e Wi-Fi &uuml;zerinden, tek bir dokunuşla d&uuml;nyanın bir ucundan &ccedil;ocuklarınıza el sallayıp g&uuml;l&uuml;msemelerini g&ouml;rebilir veya en yakın arkadaşınızın hikayelerinize g&uuml;lmesini izleyebilirsiniz. Kutusundan &ccedil;ıkar &ccedil;ıkmaz &ccedil;alışır. Başka hi&ccedil;bir telefon iletişimi bu denli eğlenceli hale getiremez.</p>\n</div>\n<h2 style="text-align: center;">\n	<img alt="" class="left" src="http://www.apple.com/euro/cemea/iphone/features/images/overview-camera-20100607.jpg" style="width: 228px; height: 353px;" /></h2>', '<iframe width="560" height="315" src="http://www.youtube.com/embed/grTCDFbhKMU" frameborder="0" allowfullscreen></iframe>'),
(72, 1, 'samsung-galaxy-tablet', 'Samsung Galaxy Tablet', '', 'Samsung Galaxy Tablet,Samsung Galaxy,Samsung Tablet,Tablet,Samsung ', 'Samsung Galaxy Tablet', '<p>\n	<img alt="" src="http://eticaret.serkankoch.com/upload/editor/data/resimler/urunler/telefon-tablet/banner.jpg" style="width: 647px; height: 295px;" /></p>\n<h2>\n	<img alt="Better Design" height="34" src="http://www.samsung.com/tr/galaxytab/101/images/tt_feature03.png" width="189" /></h2>\n<p>\n	<img alt="The new GALAXY Tab 10.1 offers a superlative experience with the thinnest and lightest large screen tablet available! Enjoy unmatched mobility thanks to the amazingly thin and light body. At just 565 grams and 8.6mm slim, this tablet is a breeze to handle." height="54" src="http://www.samsung.com/tr/galaxytab/101/images/txt_feature03.png" width="442" /><br />\n	&nbsp;</p>\n<div class="feature_con03">\n	<h2>\n		<img alt="Better Screen" height="36" src="http://www.samsung.com/tr/galaxytab/101/images/tt_feature04.png" width="162" /></h2>\n	<p>\n		<img alt="High definition 10.1” display delivers excellent screen sharpness. With 1280 x 800 WXGA display boasting a pixel density of 149ppi (pixel per inch), you can enjoy better details. Movies, photos and programs with rich graphics will pop to life on the tablet’s screen." height="92" src="http://www.samsung.com/tr/galaxytab/101/images/txt_feature04.png" width="426" /><br />\n		&nbsp;</p>\n	<div class="feature_con04">\n		<h2>\n			<img alt="Better Home screen" height="35" src="http://www.samsung.com/tr/galaxytab/101/images/tt_feature05.png" width="214" /></h2>\n		<p>\n			<img alt="Live panel : Live Panel is a customizable home screen experience, so content can be instantly accessed from the home screen including e-mail, image galleries, favorite Web sites and social network feeds. The beauty of Live Panel is that real-time data updates, arranged as you like, are constantly refreshed to be accessed by you at any time." height="130" src="http://www.samsung.com/tr/galaxytab/101/images/txt_feature05.png" width="401" /><br />\n			&nbsp;</p>\n		<div class="feature_con05">\n			<h2>\n				<img alt="Better Multi-tasking" height="39" src="http://www.samsung.com/tr/galaxytab/101/images/tt_feature06.png" width="367" /></h2>\n			<p>\n				<img alt="Mini Apps : You can be more efficient and productive by utilizing the Mini Apps, which is true multitasking feature. Mini Apps allows you to easily access commonly-used features such as calendar, PenMemo, World Clock, Calculator or Task Manager close at hand - to be launched as a pop up over full screen applications." height="130" src="http://www.samsung.com/tr/galaxytab/101/images/txt_feature06.png" width="431" /><br />\n				<br />\n				<img alt="Better Web browsing" height="39" src="http://www.samsung.com/tr/galaxytab/101/images/tt_feature07.png" width="275" /></p>\n			<div class="feature_con06">\n				<img alt="Browse without limitations! Thousands of top websites use rich Flash applications, so whether you''re browsing the web or viewing online multimedia content, you''ll be able to see it all with your GALAXY Tab 10.1 and Adobe® Flash® player support." height="75" src="http://www.samsung.com/tr/galaxytab/101/images/txt_feature07.png" width="427" /><br />\n				<p>\n					<br />\n					&nbsp;</p>\n			</div>\n			<p>\n				&nbsp;</p>\n		</div>\n		<p>\n			&nbsp;</p>\n	</div>\n	<p>\n		&nbsp;</p>\n</div>', '<iframe width="560" height="315" src="http://www.youtube.com/embed/KQs6kBFx1g8" frameborder="0" allowfullscreen></iframe>'),
(68, 1, 'apple-ipad-2', 'Apple iPad 2', '', 'Apple iPad 2,iPad 2,Apple', 'Apple iPad 2 ', '<div class="video-outgoing" id="video-outgoing-hero">\n	<header> <hgroup>\n	<h1>\n		<img alt="Daha azıyla daha fazlasını yapabilirsiniz." src="http://images.apple.com/tr/ipad/features/images/overview_title_20110302.png" style="width: 607px; height: 31px;" /></h1>\n	<p class="intro">\n		FaceTime ve HD video kayıt i&ccedil;in iki kamera. İki &ccedil;ekirdekli Apple A5 &ccedil;ip. 10 saat pil &ouml;mr&uuml;.<sup>1</sup> T&uuml;m bunlar daha ince ve daha hafif bir tasarımda. iPad şimdi daha b&uuml;y&uuml;leyici. Ve daha da benzersiz.</p>\n	</hgroup> </header> <section class="grid2col row" id="design"> </section></div>\n<div class="video-outgoing" style="text-align: right;">\n	<img alt="" class="right flushright" src="http://images.apple.com/euro/ipad/features/images/overview_design_20110302.jpg" style="width: 672px; height: 534px;" /></div>\n<div class="video-outgoing">\n	<section class="grid2col row">\n	<div class="column first">\n		<h1>\n			Daha ince, daha hafif ve harika fikirlerle dolu.</h1>\n		<p>\n			iPad 2 y&uuml;zde 33 daha ince ve y&uuml;zde 15 daha hafif olduğu i&ccedil;in onu daha rahat tutabilirsiniz.<sup>2</sup> Ve elinize bir kez alınca, bir daha bırakamazsınız. İnternette s&ouml;rf yapmayı, epostalara bakmayı, film izlemeyi ve kitap okumayı o kadar doğal bir hale getirir ki, parmaklarınızın ucunda inanılmaz bir teknoloji olduğunu unutursunuz. Yeni tasarımının amacı da budur.<br />\n			&nbsp;</p>\n	</div>\n	</section></div>\n<p>\n	<img alt="" height="110" src="http://images.apple.com/euro/ipad/features/images/overview_performance_a5_20110302.jpg" width="82" /></p>\n<h1>\n	İki &ccedil;ekirdekli A5 &ccedil;ip. <br />\n	İki kere hızlı.</h1>\n<p>\n	Tek A5 &ccedil;ipte bulunan iki g&uuml;&ccedil;l&uuml; &ccedil;ekirdekle, iPad aynı anda iki kat iş yapar.3 İnternette s&ouml;rf yaparken, film izlerken, FaceTime g&ouml;r&uuml;nt&uuml;l&uuml; arama yaparken, oyun oynarken ve uygulamalar arasında dolaşırken farkı g&ouml;r&uuml;rs&uuml;n&uuml;z. &Ccedil;oklu g&ouml;rev daha sorunsuz, uygulamalar daha hızlı ve her şey daha iyi &ccedil;alışır.</p>\n<p>\n	<img alt="" height="121" src="http://images.apple.com/tr/ipad/features/images/overview_performance_faster_20110302.png" width="103" /></p>\n<h1>\n	S&uuml;per hızlı grafikler.<br />\n	Hazır... Başla.</h1>\n<p>\n	Dokuz kata varan daha &uuml;st&uuml;n grafik performansıyla, iPad&#39;de oyun oynamak artık daha rahat ve ger&ccedil;ek&ccedil;i. &Uuml;stelik grafik hızındaki artış, video i&ccedil;erenler başta olmak &uuml;zere t&uuml;m uygulamaların daha iyi performans g&ouml;stermesine yardımcı olur. Fotoğraf arşivinizde dolaşırken, iMovie&#39;yle video d&uuml;zenlerken ve Keynote&#39;taki animasyonları g&ouml;r&uuml;nt&uuml;lerken bunu hissedersiniz.</p>\n<p>\n	<img alt="" height="110" src="http://images.apple.com/euro/ipad/features/images/overview_battery_20110302.png" width="83" /></p>\n<h1>\n	Sizin piliniz bitmedik&ccedil;e onunki bitmez.</h1>\n<p>\n	Daha ince ve daha hafif yeni tasarımıyla bile, iPad hala 10 saatlik bir pil &ouml;mr&uuml;ne sahiptir.1 Bu, kıtalararası bir u&ccedil;uş, b&uuml;t&uuml;n gece film izlemek veya bir hafta boyunca ev ve iş arasında gidip gelmek i&ccedil;in yeterlidir. G&uuml;&ccedil; a&ccedil;ısından verimli A5 &ccedil;ip ve iOS, pil &ouml;mr&uuml;n&uuml;n kısalmasını engellediğinden, kendinizi rahatlıkla akışa bırakabilirsiniz.<br />\n	<br />\n	<img alt="" class="icon" height="58" src="http://images.apple.com/euro/ipad/features/images/overview_facetime_switch_20110302.jpg" width="111" /></p>\n<h1>\n	İki kamera. iPad&#39;de FaceTime&#39;a b&uuml;y&uuml;k bir merhaba.</h1>\n<p>\n	iPad&#39;de biri &ouml;nde, biri arkada olmak &uuml;zere iki kamera g&ouml;r&uuml;rs&uuml;n&uuml;z. Bunlar k&uuml;&ccedil;&uuml;k olabilir, ama olduk&ccedil;a yeteneklidir. FaceTime g&ouml;r&uuml;nt&uuml;l&uuml; arama i&ccedil;in tasarlanmışlardır ve birlikte &ccedil;alışırlar. &Ouml;ndeki kamera arkadaşlarınızla y&uuml;z y&uuml;ze gelmenizi sağlar. B&ouml;ylece sevdiğiniz kişilerle konuşurken onların g&uuml;l&uuml;msemelerini ve kahkahalarını g&ouml;rebilirsiniz.<sup>3</sup> G&ouml;r&uuml;nt&uuml;l&uuml; arama sırasında bulunduğunuz yeri, kiminle birlikte olduğunuzu veya &ccedil;evrenizde olup bitenleri paylaşmak i&ccedil;in arkadaki kameraya ge&ccedil;in. Filme almaya değer bir şeyse, bırakın iPad kaydetsin. Kaydettiğiniz filmler HD kalitesindedir. Yani &ccedil;ektiğiniz her film k&uuml;&ccedil;&uuml;k bir başyapıta d&ouml;n&uuml;ş&uuml;r. İsterseniz Photo Booth&#39;u kullanarak tuhaf ve eğlenceli fotoğraflar da &ccedil;ekebilirsiniz.<br />\n	&nbsp;</p>\n<div class="imagecontent swapView" id="gallery-images">\n	<figure class="swapview-content" id="MASKED-gallery-default"> <img alt="" class="screen" src="http://images.apple.com/euro/ipad/features/images/overview_smartcover_gallery1_20110302_alt.jpg" style="width: 728px; height: 423px;" />&nbsp;<section class="column first" id="instant-on"> <img alt="" height="59" src="http://images.apple.com/euro/ipad/features/images/overview_instanton_20110302.jpg" width="53" />\n	<h1>\n		Anında a&ccedil;ılma &ouml;zelliği.<br />\n		Eğlence hızlı başlar.</h1>\n	<p>\n		Başlangı&ccedil; d&uuml;ğmesine basar basmaz, iPad&#39;iniz uykudan uyanır. iPad&#39;in hızlı, verimli ve g&uuml;venilir flash depolamaya sahip olması, verilerinize kolayca ve &ccedil;abuk bir şekilde ulaşmanızı sağlar.</p>\n	<p>\n		&nbsp;</p>\n	</section></figure></div>', '<iframe width="560" height="315" src="http://www.youtube.com/embed/Z_I9OEV6_Ak" frameborder="0" allowfullscreen></iframe>'),
(76, 1, 'sony-nwz-b162r-2-gb-kirmizi-usb-walkman®-mp3-calar', 'Sony NWZ-B162/R 2 GB Kırmızı USB Walkman® MP3 çalar', '', 'Sony 2 GB Kırmızı USB Walkman® MP3 çalar,MP3 çalar,Sony 2 GB Kırmızı USB  MP3 çalar,', 'Sony 2 GB Kırmızı USB Walkman® MP3 çalar', '', '<iframe width="420" height="315" src="http://www.youtube.com/embed/lZK0whjLgFM" frameborder="0" allowfullscreen></iframe>'),
(84, 1, 'sony-icd-ux512b-2-gb-stereo-muzik-calar-usb-siyah-ses-kayit-cihazi', 'Sony ICD-UX512B 2 GB Stereo Müzik Çalar USB Siyah Ses Kayıt Cihazı', '', 'Sony Müzik Çalar USB Siyah Ses Kayıt Cihazı,Sony Müzik Çalar,Sony Kayıt Cihazı,Kayıt Cihazı', 'Sony ICD-UX512B 2 GB Stereo Müzik Çalar USB Siyah Ses Kayıt Cihazı', '', '<iframe width="420" height="315" src="http://www.youtube.com/embed/lZK0whjLgFM" frameborder="0" allowfullscreen></iframe>'),
(98, 1, 'ufo-ats-fi-01-buharli-nemlendiricili-kumandali-vantilator', 'Ufo ATS FI-01 Buharlı Nemlendiricili Kumandalı Vantilatör', '', 'Ufo ATS FI-01 Buharlı Nemlendiricili Kumandalı Vantilatör,Ufo Kumandalı Vantilatör,Ufo Vantilatör', 'Ufo ATS FI-01 Buharlı Nemlendiricili Kumandalı Vantilatör ', '<h2 style="font-weight:bold;font-size:12px;">\n	Ufo ATS FI-01 Buharlı Nemlendiricili Kumandalı Vantilat&ouml;r</h2>\n<p>\n	Soğuk buhar ile serinleten portatif vantilat&ouml;r<br />\n	16&quot; portatif vantilat&ouml;r <br />\n	Serin su buharı &uuml;fleyen rahatlatıcı &ccedil;alışma mekanizması <br />\n	Hava temizliğini ve ferahlığını sağlamak &uuml;zere negatif iyon &ouml;zelliği <br />\n	Hoş g&ouml;r&uuml;n&uuml;ml&uuml; estetik tasarım <br />\n	Soğutma alanının tamamına erişimi sağlayan salınım başlığı <br />\n	Sessiz, g&uuml;&ccedil;l&uuml; hava akımı <br />\n	Şeffaf pervane <br />\n	LED ekran <br />\n	Kızıl&ouml;tesi uzaktan kumanda <br />\n	Cihaz &uuml;zerinde kontrol paneli <br />\n	Ayarlanabilir g&ouml;vde y&uuml;ksekliği <br />\n	3 ayrı hızda &ccedil;alışma se&ccedil;eneği ( Yavaş - Orta - Hızlı ) <br />\n	3 ayrı &uuml;fleme modu se&ccedil;eneği ( Normal - Doğal - Uyku ) <br />\n	75 derece salınım se&ccedil;eneği ( sağa - sola ) <br />\n	Aşırı ısınmaya karşı koruma</p>', ''),
(133, 1, 'tatli-buket-meyve-cicek', 'Tatlı Buket Meyve Çiçek', '', 'Tatlı Buket Meyve Çiçek', 'Tatlı Buket Meyve Çiçek', '<p>\n	<strong>Tatlı Buket Meyve &Ccedil;i&ccedil;ek</strong></p>\n<p>\n	&nbsp;</p>\n<p>\n	Ananas, kivi, &ccedil;ilek ve leziz bitter veya fildişi &ccedil;ikolataya batırılmış muzlar...meyvelerle bezeli bir g&uuml;l bah&ccedil;esi g&ouml;r&uuml;n&uuml;m&uuml;nde....</p>\n<p>\n	&nbsp;</p>\n<p style="text-align: center; ">\n	<blink><span style="font-size:14px;"><span style="color:#f00;"><strong>&Ouml;ZENLE HAZIRLANMIŞ MEYVE &Ccedil;İ&Ccedil;EKLERDEN SİZDE SEVDİKLERİNİZE BİRKA&Ccedil; TIKLAMA İLE EN LEZZETLİ &Ccedil;İ&Ccedil;EKLERİ HEMEN G&Ouml;NDERİN</strong></span></span></blink></p>', '<iframe width="560" height="315" src="//www.youtube.com/embed/FNh1YUCjS-s" frameborder="0" allowfullscreen></iframe>'),
(161, 1, 'swatch-svck4048ag', 'Swatch SVCK4048AG', '', '', '', '<p>\n	<strong>Swatch Saat - Bayan Saati</strong><br />\n	<br />\n	2010 Spring Summer Collection<br />\n	<br />\n	Analog Chrono 30MT. Su ge&ccedil;irmez Transparan Plastik kasa, ve Al&uuml;minyum kordon Swarovski taşlı kadran Tarih g&ouml;stergeli Quartz makine 2 yıl swatch garantisi.<br />\n	<strong><br />\n	KRONOGRAF NEDİR?</strong><br />\n	Saat , dakika ve saniyeleri g&ouml;stermesinin yanı sıra ,istenildiğinde başlatılıp durdurulabilen ve tekrar sıfıra d&ouml;nen kollu mekanizması ile saniyenin beşte birini de g&ouml;sterir.</p>\n<p>\n	Dakika ve saatleri g&ouml;steren alt saya&ccedil;lar ise (60 dakikalık ve 60 saliselik) kronograf kolunun toplam d&ouml;n&uuml;ş sayısını belirtir.</p>', ''),
(162, 1, 'asus-laptop-i7-islemci-4gb-ram-640gb-w7hp', 'ASUS Laptop  i7 İşlemci 4GB Ram 640GB W7HP', '', 'ASUS Laptop  i7 İşlemci 4GB Ram 640GB W7HP', 'ASUS Laptop  i7 İşlemci 4GB Ram 640GB W7HP', '', '');

-- --------------------------------------------------------

--
-- Tablo için tablo yapısı `e_product_discount`
--

CREATE TABLE IF NOT EXISTS `e_product_discount` (
  `product_discount_id` int(11) NOT NULL AUTO_INCREMENT,
  `product_id` int(11) NOT NULL,
  `user_group_id` int(11) NOT NULL,
  `quantity` int(4) NOT NULL DEFAULT '0',
  `priority` int(5) NOT NULL DEFAULT '1',
  `price` decimal(15,4) NOT NULL DEFAULT '0.0000',
  `date_start` int(11) NOT NULL,
  `date_end` int(11) NOT NULL,
  PRIMARY KEY (`product_discount_id`),
  KEY `product_id` (`product_id`)
) ENGINE=MyISAM  DEFAULT CHARSET=utf8 AUTO_INCREMENT=122 ;

-- --------------------------------------------------------

--
-- Tablo için tablo yapısı `e_product_featured`
--

CREATE TABLE IF NOT EXISTS `e_product_featured` (
  `product_id` int(11) NOT NULL DEFAULT '0',
  `feature_id` int(11) NOT NULL,
  `language_id` int(11) NOT NULL,
  `value` varchar(128) NOT NULL,
  PRIMARY KEY (`product_id`,`feature_id`,`language_id`)
) ENGINE=MyISAM DEFAULT CHARSET=utf8;

--
-- Tablo döküm verisi `e_product_featured`
--

INSERT INTO `e_product_featured` (`product_id`, `feature_id`, `language_id`, `value`) VALUES
(42, 7, 1, ''),
(42, 6, 1, ''),
(40, 5, 1, ''),
(34, 2, 1, 'Var'),
(34, 3, 1, 'Yok'),
(40, 4, 1, ''),
(44, 9, 1, '87,5cm x 46,5cm x 103cm '),
(44, 8, 1, '29 cm x 25cm x 105 cm '),
(46, 9, 1, 'E117cm x D59cm x Y102cm'),
(46, 8, 1, 'E112 cm x D59cm x 52cm'),
(53, 10, 1, 'AAA 1.5V L 2'),
(54, 10, 1, '2xAA 1.5V pille çalışır. Piller içeriğe dahildir.'),
(56, 11, 1, '79x66x47cm'),
(56, 13, 1, '4,5 kg'),
(56, 12, 1, '79x66x24 cm'),
(57, 11, 1, '124x64x79cms'),
(57, 13, 1, '11,5 kgs'),
(57, 12, 1, '25x26x79 cms'),
(58, 9, 1, '55x93x105 cm'),
(58, 8, 1, '41x34x96 cm'),
(62, 15, 1, '46-48-50-52-54-56-58'),
(62, 14, 1, 'Lacivert,Kahve,Antrasit'),
(63, 15, 1, ''),
(64, 15, 1, ''),
(63, 14, 1, ''),
(64, 14, 1, ''),
(68, 19, 1, '601 g (1,33 pound)'),
(68, 18, 1, '8,8 mm (0,34 inç)'),
(68, 17, 1, '185,7 mm (7,31 inç)'),
(68, 16, 1, '241,2 mm (9,50 inç)'),
(68, 20, 1, 'Wifi+3G'),
(68, 21, 1, 'Dahili 25 vat-saat şarj edilebilir lityum-polimer pil'),
(68, 22, 1, 'Frekans yanıtı: 20 Hz - 20.000 Hz'),
(68, 23, 1, 'Çalışma sıcaklığı: 0° - 35° C (32° - 95° F)'),
(72, 16, 1, ''),
(72, 17, 1, ''),
(72, 18, 1, ''),
(72, 19, 1, ''),
(72, 20, 1, ''),
(72, 21, 1, ''),
(72, 22, 1, ''),
(72, 23, 1, ''),
(73, 16, 1, ''),
(73, 17, 1, ''),
(73, 18, 1, ''),
(73, 19, 1, ''),
(73, 20, 1, ''),
(73, 21, 1, ''),
(73, 22, 1, ''),
(73, 23, 1, ''),
(77, 28, 1, 'Kış'),
(77, 27, 1, 'H [210km/h]'),
(77, 26, 1, '15'),
(77, 25, 1, '65'),
(77, 24, 1, '185'),
(81, 29, 1, 'AAA/LR03 Alkalin'),
(81, 30, 1, '1'),
(81, 31, 1, 'hayır'),
(81, 32, 1, 'SLP kayıt modunda 22 saate kadar'),
(81, 33, 1, '(G x Y x D): 3,8 x 10,5 x 1,64 cm'),
(81, 34, 1, '0,044 kg'),
(82, 33, 1, ''),
(82, 32, 1, ''),
(82, 31, 1, ''),
(82, 30, 1, ''),
(82, 29, 1, 'AAA x2'),
(82, 34, 1, ''),
(82, 35, 1, '2GB'),
(82, 36, 1, 'Var'),
(82, 37, 1, 'Mono'),
(82, 38, 1, 'Mp3'),
(82, 39, 1, 'Mp3'),
(82, 40, 1, '400'),
(82, 41, 1, 'Var'),
(82, 42, 1, 'Var'),
(83, 27, 1, 'H [210km/h]'),
(83, 26, 1, '14'),
(83, 24, 1, '165'),
(83, 25, 1, '70'),
(84, 38, 1, 'Doğrusal PCM/MP3'),
(84, 37, 1, 'Stereo'),
(84, 36, 1, 'Var'),
(84, 35, 1, ''),
(84, 34, 1, ''),
(84, 33, 1, ''),
(84, 32, 1, ''),
(84, 31, 1, ''),
(84, 30, 1, ''),
(84, 29, 1, 'AAA x1'),
(83, 28, 1, 'Kış'),
(85, 24, 1, '265'),
(85, 25, 1, '65'),
(85, 26, 1, '15'),
(85, 27, 1, 'H [210km/h]'),
(85, 28, 1, 'Kış'),
(86, 43, 1, '1800 IEC/2000 Maks. W'),
(86, 44, 1, '350 W'),
(86, 45, 1, '37 l./sn.'),
(86, 46, 1, '28,5 (kPa)'),
(86, 47, 1, '47 x 32 x 34 cm. cm.'),
(86, 48, 1, '7.2 kg.'),
(86, 49, 1, '76 dB (A)'),
(87, 43, 1, '2000 Watt'),
(87, 44, 1, '400 watt '),
(87, 45, 1, ''),
(87, 46, 1, ''),
(87, 47, 1, ''),
(87, 48, 1, ''),
(87, 49, 1, ''),
(88, 50, 1, '225'),
(88, 51, 1, '35'),
(88, 52, 1, '19'),
(89, 43, 1, '2000 Watt'),
(89, 44, 1, '400 W'),
(89, 45, 1, ''),
(89, 46, 1, ''),
(89, 47, 1, ''),
(89, 48, 1, ''),
(89, 49, 1, ''),
(90, 55, 1, '600'),
(90, 54, 1, '620'),
(90, 53, 1, 'Yaz'),
(90, 52, 1, '17'),
(90, 51, 1, '40'),
(90, 50, 1, '235'),
(92, 50, 1, '285'),
(92, 51, 1, '25'),
(92, 52, 1, '20'),
(92, 53, 1, 'Yaz'),
(92, 54, 1, '650'),
(92, 55, 1, '650'),
(94, 67, 1, ''),
(94, 68, 1, ''),
(93, 59, 1, '360 derece kablo özgürlüğü, Yumuşak sap'),
(93, 60, 1, 'Çift Etkili Kireç Önleme Sistemi'),
(93, 61, 1, 'Damlama durdurma sistemi'),
(93, 62, 1, '350 ml'),
(94, 69, 1, ''),
(94, 70, 1, ''),
(95, 67, 1, '225'),
(95, 68, 1, '50'),
(95, 69, 1, '17'),
(95, 70, 1, '4 Mevsim'),
(96, 67, 1, '155'),
(96, 68, 1, '70'),
(96, 69, 1, '13'),
(96, 70, 1, '4 Mevsim'),
(97, 63, 1, 'SteamGlide taban'),
(97, 62, 1, '350 ml'),
(97, 61, 1, ''),
(97, 60, 1, 'Kireçlenmeyi önler ve kireç parçacıklarını ütüden dışarı atar'),
(97, 59, 1, ''),
(97, 58, 1, ''),
(97, 57, 1, '3 m'),
(97, 56, 1, ''),
(99, 71, 1, 'Max.3000 '),
(99, 72, 1, '1,7'),
(99, 73, 1, 'Yok'),
(99, 74, 1, 'Var'),
(99, 75, 1, 'Var'),
(99, 76, 1, 'Gizli'),
(102, 71, 1, '2000'),
(102, 72, 1, '1,7'),
(102, 73, 1, 'Var'),
(104, 72, 1, '1,5 '),
(104, 73, 1, 'Yok'),
(104, 74, 1, 'Var'),
(104, 75, 1, 'Var'),
(104, 76, 1, 'Gizli'),
(107, 80, 1, 'A+'),
(107, 81, 1, 'ELEKTRONİK'),
(107, 82, 1, 'EVET'),
(107, 83, 1, 'EVET'),
(107, 84, 1, 'EVET'),
(115, 84, 1, ''),
(115, 83, 1, ''),
(115, 82, 1, ''),
(115, 81, 1, ''),
(115, 80, 1, 'A'),
(115, 79, 1, 'Yıkama A - Devir C '),
(115, 78, 1, '1000'),
(115, 77, 1, '7 kg '),
(107, 78, 1, '1000'),
(107, 79, 1, 'A+'),
(115, 85, 1, ''),
(115, 86, 1, ''),
(115, 87, 1, ''),
(115, 88, 1, '598 x 600 x 844 mm '),
(116, 77, 1, '12kg '),
(116, 78, 1, '1200'),
(116, 79, 1, ''),
(116, 80, 1, ''),
(116, 81, 1, ''),
(116, 82, 1, ''),
(116, 83, 1, ''),
(116, 84, 1, ''),
(116, 85, 1, ''),
(116, 86, 1, ''),
(116, 87, 1, 'Var'),
(116, 88, 1, ''),
(117, 89, 1, 'Var'),
(117, 90, 1, 'Var'),
(117, 91, 1, 'Var'),
(117, 92, 1, '2'),
(118, 89, 1, ''),
(118, 90, 1, ''),
(118, 91, 1, ''),
(118, 92, 1, ''),
(119, 89, 1, 'Var'),
(119, 90, 1, 'Var'),
(119, 91, 1, 'Yıkanabilir epilasyon başlığı'),
(119, 92, 1, '2'),
(119, 93, 1, ''),
(119, 94, 1, ''),
(119, 95, 1, 'Philips'),
(121, 102, 1, '1 Saat'),
(121, 101, 1, 'Var'),
(121, 100, 1, 'LED Gösterge'),
(121, 99, 1, 'Var'),
(121, 98, 1, 'Traş Makineleri'),
(121, 97, 1, 'Braun'),
(121, 96, 1, '2 Yıl'),
(121, 103, 1, 'Kuru Tıraş'),
(121, 104, 1, '30 Dk.'),
(122, 96, 1, ''),
(122, 97, 1, ''),
(122, 98, 1, ''),
(122, 99, 1, ''),
(122, 100, 1, ''),
(122, 101, 1, ''),
(122, 102, 1, ''),
(122, 103, 1, ''),
(122, 104, 1, ''),
(123, 96, 1, '2 Yıl '),
(123, 97, 1, 'Philips'),
(123, 98, 1, 'Traş Makineleri '),
(123, 99, 1, 'Yok'),
(123, 100, 1, 'LCD Gösterge '),
(123, 101, 1, 'Var'),
(123, 102, 1, '8 Saat '),
(123, 103, 1, 'Kuru Tıraş '),
(123, 104, 1, '30 Dk. '),
(102, 74, 1, 'Var'),
(102, 75, 1, 'Var'),
(102, 76, 1, 'Gizli'),
(104, 71, 1, '2000 - 2400 '),
(141, 109, 1, 'Var'),
(141, 108, 1, '50'),
(141, 107, 1, '3'),
(141, 106, 1, '2000'),
(141, 105, 1, '220-240 '),
(142, 105, 1, '230'),
(142, 106, 1, '700'),
(142, 107, 1, '3'),
(142, 108, 1, '50'),
(142, 109, 1, 'Var'),
(143, 108, 1, '50 Hz '),
(143, 107, 1, '3'),
(143, 106, 1, '2000'),
(97, 64, 1, '220-240 V'),
(97, 65, 1, ''),
(97, 66, 1, '50-60'),
(91, 66, 1, ''),
(91, 65, 1, ''),
(91, 64, 1, ''),
(144, 121, 1, 'Beyaz'),
(144, 120, 1, 'Var'),
(144, 119, 1, 'Spatula '),
(144, 118, 1, 'Var'),
(144, 117, 1, 'Var'),
(144, 116, 1, 'Var'),
(144, 114, 1, 'Var'),
(144, 115, 1, 'Var'),
(144, 113, 1, 'Var'),
(144, 112, 1, 'Var'),
(144, 111, 1, '10'),
(144, 110, 1, '700'),
(143, 105, 1, '220-240 '),
(145, 112, 1, 'Var'),
(145, 113, 1, 'Var'),
(145, 114, 1, 'Var'),
(145, 115, 1, 'Var'),
(145, 116, 1, 'Var'),
(145, 117, 1, 'Var'),
(145, 118, 1, 'Var'),
(145, 119, 1, 'Altlık, Spatula '),
(145, 111, 1, '10'),
(145, 110, 1, '1000 '),
(146, 120, 1, 'Lila'),
(146, 119, 1, 'Altlık, Spatula '),
(146, 118, 1, 'Yok'),
(146, 117, 1, 'Yok'),
(146, 116, 1, 'Var'),
(146, 115, 1, 'Yok'),
(146, 114, 1, 'Var'),
(146, 113, 1, 'Var'),
(146, 112, 1, 'Var'),
(146, 111, 1, '7'),
(146, 110, 1, '450'),
(146, 121, 1, '2,2'),
(146, 122, 1, 'Var'),
(145, 120, 1, 'Beyaz'),
(145, 121, 1, '3,7'),
(145, 122, 1, 'Var'),
(144, 122, 1, 'Var'),
(143, 109, 1, 'Var'),
(149, 126, 1, 'Var'),
(149, 125, 1, 'Var'),
(149, 124, 1, 'Var'),
(149, 123, 1, '1200 - 1470 '),
(155, 127, 1, 'Var'),
(155, 126, 1, 'Var'),
(155, 125, 1, 'Var'),
(155, 124, 1, 'Yok'),
(155, 123, 1, '670'),
(157, 125, 1, 'Var'),
(157, 124, 1, 'Var'),
(159, 128, 1, 'Body And Soul Flip EU - Automatic'),
(159, 129, 1, 'ANALOG / Otomatik'),
(159, 130, 1, 'Çelik'),
(159, 131, 1, 'Çelik'),
(159, 132, 1, 'Otomatik'),
(159, 133, 1, '37 mm'),
(160, 130, 1, 'Çelik / Swarovski taşlı '),
(160, 129, 1, 'Analog Chrono'),
(160, 128, 1, 'Dreamnight - Irony Chrono '),
(160, 131, 1, 'Çelik'),
(160, 132, 1, 'Quartz'),
(160, 133, 1, '39 mm'),
(161, 129, 1, 'Analog Chrono '),
(162, 23, 1, ''),
(162, 22, 1, ''),
(162, 21, 1, ''),
(162, 20, 1, ''),
(162, 19, 1, ''),
(161, 128, 1, 'SVCK4048AG'),
(107, 77, 1, '6.0 (KG)'),
(93, 58, 1, 'Uluslararası düşme testi standartlarını aşmaktadır, Ütü gözetimsiz bırakıldığında devreye giren otomatik kapanma sistemi'),
(93, 57, 1, '2,5 m'),
(93, 56, 1, 'Evet'),
(157, 123, 1, '1200 - 1470 '),
(55, 13, 1, ''),
(55, 11, 1, ''),
(51, 10, 1, ''),
(91, 63, 1, ''),
(91, 62, 1, ''),
(91, 61, 1, ''),
(164, 14, 1, ''),
(164, 15, 1, ''),
(165, 14, 1, ''),
(165, 15, 1, ''),
(117, 93, 1, 'Var'),
(117, 94, 1, 'Var'),
(117, 95, 1, 'Philips'),
(118, 93, 1, ''),
(118, 94, 1, ''),
(118, 95, 1, ''),
(55, 12, 1, ''),
(157, 126, 1, 'Var'),
(157, 127, 1, 'Plastik'),
(93, 63, 1, 'Steamglide Plus taban'),
(93, 64, 1, '220 - 240'),
(93, 65, 1, '2600W'),
(93, 66, 1, '50-60 '),
(161, 130, 1, 'Plastik'),
(149, 127, 1, 'Alüminyum'),
(88, 53, 1, 'Yaz'),
(88, 54, 1, '641'),
(88, 55, 1, '560'),
(91, 60, 1, ''),
(91, 59, 1, ''),
(91, 58, 1, ''),
(91, 57, 1, ''),
(91, 56, 1, ''),
(107, 85, 1, 'LED'),
(107, 86, 1, 'DİJİTAL'),
(107, 87, 1, 'EVET'),
(107, 88, 1, 'STANDART 60 CM'),
(162, 18, 1, ''),
(162, 17, 1, ''),
(162, 16, 1, ''),
(161, 131, 1, 'Alüminyum'),
(161, 132, 1, 'Quartz'),
(161, 133, 1, '42.00 mm'),
(84, 39, 1, 'MP3/ACC/WAW/WMA'),
(84, 40, 1, '400'),
(84, 41, 1, 'Var'),
(84, 42, 1, 'Var');

-- --------------------------------------------------------

--
-- Tablo için tablo yapısı `e_product_follow`
--

CREATE TABLE IF NOT EXISTS `e_product_follow` (
  `follow_id` int(11) NOT NULL AUTO_INCREMENT,
  `product_id` int(11) NOT NULL,
  `user_id` int(11) NOT NULL,
  PRIMARY KEY (`follow_id`)
) ENGINE=MyISAM  DEFAULT CHARSET=utf8 AUTO_INCREMENT=3 ;

-- --------------------------------------------------------

--
-- Tablo için tablo yapısı `e_product_image`
--

CREATE TABLE IF NOT EXISTS `e_product_image` (
  `product_image_id` int(11) NOT NULL AUTO_INCREMENT,
  `product_id` int(11) NOT NULL,
  `image` varchar(255) DEFAULT NULL,
  PRIMARY KEY (`product_image_id`)
) ENGINE=MyISAM  DEFAULT CHARSET=utf8 AUTO_INCREMENT=404 ;

--
-- Tablo döküm verisi `e_product_image`
--

INSERT INTO `e_product_image` (`product_image_id`, `product_id`, `image`) VALUES
(24, 49, 'data/resimler/urunler/bebekurunleri/Chicco-Soguk-Buhar-Makinesi-Easy-Neb.jpg'),
(384, 51, 'data/resimler/urunler/bebekurunleri/060062000100519030zoom.jpg'),
(385, 51, 'data/resimler/urunler/bebekurunleri/06006200010051901zoom.jpg'),
(123, 68, 'data/resimler/urunler/telefon-tablet/ipad2b.jpg'),
(122, 68, 'data/resimler/urunler/telefon-tablet/ipad2_768.jpg'),
(292, 69, 'data/resimler/urunler/telefon-tablet/iphone4-latest.jpg'),
(130, 72, 'data/resimler/urunler/telefon-tablet/w_image09.jpg'),
(131, 72, 'data/resimler/urunler/telefon-tablet/b_image06.jpg'),
(132, 72, 'data/resimler/urunler/telefon-tablet/b_image09.jpg'),
(403, 76, 'data/resimler/urunler/elektrik-elektronik/05.016_.4140_.016902t4_.jpg'),
(402, 76, 'data/resimler/urunler/elektrik-elektronik/05.016_.4140_.016903t4_.jpg'),
(398, 84, 'data/resimler/urunler/elektrik-elektronik/ses6.jpg'),
(397, 84, 'data/resimler/urunler/elektrik-elektronik/ses5.jpg'),
(396, 98, ''),
(291, 69, 'data/resimler/urunler/telefon-tablet/iphone.jpg'),
(401, 162, 'data/resimler/urunler/elektrik-elektronik/ASUS-i7-2630-4GB-640GB2.jpg'),
(400, 162, 'data/resimler/urunler/elektrik-elektronik/ASUS-i7-2630-4GB-640GB-W7HP.jpg'),
(399, 162, 'data/resimler/urunler/elektrik-elektronik/ASUS-i7-2630-4GB-640GB3.jpg');

-- --------------------------------------------------------

--
-- Tablo için tablo yapısı `e_product_option`
--

CREATE TABLE IF NOT EXISTS `e_product_option` (
  `product_option_id` int(11) NOT NULL AUTO_INCREMENT,
  `product_id` int(11) NOT NULL,
  `option_id` int(11) NOT NULL,
  `option_value` text NOT NULL,
  `required` int(1) NOT NULL,
  `character_limit` int(11) NOT NULL,
  PRIMARY KEY (`product_option_id`)
) ENGINE=MyISAM  DEFAULT CHARSET=utf8 AUTO_INCREMENT=97 ;

-- --------------------------------------------------------

--
-- Tablo için tablo yapısı `e_product_option_value`
--

CREATE TABLE IF NOT EXISTS `e_product_option_value` (
  `product_option_value_id` int(11) NOT NULL AUTO_INCREMENT,
  `product_option_id` int(11) NOT NULL,
  `product_id` int(11) NOT NULL,
  `option_id` int(11) NOT NULL,
  `option_value_id` int(11) NOT NULL,
  `quantity` int(3) NOT NULL,
  `subtract` int(1) NOT NULL,
  `price` decimal(15,4) NOT NULL,
  `price_prefix` varchar(1) NOT NULL,
  PRIMARY KEY (`product_option_value_id`)
) ENGINE=MyISAM  DEFAULT CHARSET=utf8 AUTO_INCREMENT=311 ;

-- --------------------------------------------------------

--
-- Tablo için tablo yapısı `e_product_related`
--

CREATE TABLE IF NOT EXISTS `e_product_related` (
  `product_id` int(11) NOT NULL,
  `related_id` int(11) NOT NULL,
  PRIMARY KEY (`product_id`,`related_id`),
  KEY `product_id` (`product_id`)
) ENGINE=MyISAM DEFAULT CHARSET=utf8;

--
-- Tablo döküm verisi `e_product_related`
--

INSERT INTO `e_product_related` (`product_id`, `related_id`) VALUES
(49, 48),
(72, 68),
(76, 74),
(76, 75),
(84, 81),
(84, 82),
(98, 60),
(98, 61),
(162, 68),
(162, 72),
(162, 73);

-- --------------------------------------------------------

--
-- Tablo için tablo yapısı `e_product_special`
--

CREATE TABLE IF NOT EXISTS `e_product_special` (
  `product_special_id` int(11) NOT NULL AUTO_INCREMENT,
  `product_id` int(11) NOT NULL,
  `user_group_id` int(11) NOT NULL,
  `quantity` int(4) NOT NULL DEFAULT '0',
  `priority` int(5) NOT NULL DEFAULT '1',
  `price` decimal(15,4) NOT NULL DEFAULT '0.0000',
  `date_start` int(11) NOT NULL,
  `date_end` int(11) NOT NULL,
  PRIMARY KEY (`product_special_id`),
  KEY `product_id` (`product_id`)
) ENGINE=MyISAM  DEFAULT CHARSET=utf8 AUTO_INCREMENT=83 ;

-- --------------------------------------------------------

--
-- Tablo için tablo yapısı `e_product_to_category`
--

CREATE TABLE IF NOT EXISTS `e_product_to_category` (
  `product_id` int(11) NOT NULL,
  `category_id` int(11) NOT NULL,
  PRIMARY KEY (`product_id`,`category_id`)
) ENGINE=MyISAM DEFAULT CHARSET=utf8;

--
-- Tablo döküm verisi `e_product_to_category`
--

INSERT INTO `e_product_to_category` (`product_id`, `category_id`) VALUES
(49, 85),
(51, 88),
(68, 149),
(69, 151),
(72, 149),
(76, 97),
(84, 101),
(98, 97),
(98, 107),
(98, 159),
(133, 131),
(133, 132),
(161, 133),
(162, 149);

-- --------------------------------------------------------

--
-- Tablo için tablo yapısı `e_review`
--

CREATE TABLE IF NOT EXISTS `e_review` (
  `review_id` int(11) NOT NULL AUTO_INCREMENT,
  `product_id` int(11) NOT NULL,
  `user_id` int(11) NOT NULL,
  `email` varchar(64) NOT NULL,
  `author` varchar(64) NOT NULL DEFAULT '',
  `text` text NOT NULL,
  `rating` int(1) NOT NULL,
  `status` int(1) NOT NULL DEFAULT '0',
  `date_added` datetime NOT NULL DEFAULT '0000-00-00 00:00:00',
  `date_modified` datetime NOT NULL DEFAULT '0000-00-00 00:00:00',
  PRIMARY KEY (`review_id`),
  KEY `product_id` (`product_id`)
) ENGINE=MyISAM  DEFAULT CHARSET=utf8 AUTO_INCREMENT=47 ;

-- --------------------------------------------------------

--
-- Tablo için tablo yapısı `e_roles`
--

CREATE TABLE IF NOT EXISTS `e_roles` (
  `id` int(11) NOT NULL AUTO_INCREMENT,
  `parent_id` int(11) NOT NULL DEFAULT '0',
  `name` varchar(30) NOT NULL,
  `fiyat_orani` char(2) NOT NULL DEFAULT '00' COMMENT 'Müşteriye Özel Fiyat',
  `flag` int(11) NOT NULL COMMENT '1 silinemez',
  `fiyat_tip` bigint(20) NOT NULL COMMENT '0 ürün fiyatından fiyat oranı kadar azalış 1 ürün fiyatından fiyat oranı kadar artış',
  `yetki` text,
  PRIMARY KEY (`id`)
) ENGINE=MyISAM  DEFAULT CHARSET=utf8 AUTO_INCREMENT=33 ;

--
-- Tablo döküm verisi `e_roles`
--

INSERT INTO `e_roles` (`id`, `parent_id`, `name`, `fiyat_orani`, `flag`, `fiyat_tip`, `yetki`) VALUES
(1, 0, 'Musteri-Gruplari', '00', 0, 0, NULL),
(2, 0, 'Admin-Gruplari', '00', 0, 0, NULL),
(4, 1, 'Musteri', '00', 1, 1, NULL),
(5, 2, 'Yonetici', '00', 1, 0, 'a:24:{s:17:"customer/customer";a:1:{s:4:"izin";s:1:"1";}s:25:"uye_yonetimi/musteri_grup";a:1:{s:4:"izin";s:1:"1";}s:24:"uye_yonetimi/yoneticiler";a:1:{s:4:"izin";s:1:"1";}s:26:"uye_yonetimi/yonetici_grup";a:1:{s:4:"izin";s:1:"1";}s:15:"product/product";a:1:{s:4:"izin";s:1:"1";}s:16:"product/category";a:1:{s:4:"izin";s:1:"1";}s:22:"product/product_import";a:1:{s:4:"izin";s:1:"1";}s:20:"product/manufacturer";a:1:{s:4:"izin";s:1:"1";}s:14:"product/review";a:1:{s:4:"izin";s:1:"1";}s:14:"product/option";a:1:{s:4:"izin";s:1:"1";}s:16:"satis/siparisler";a:1:{s:4:"izin";s:1:"1";}s:13:"satis/e_posta";a:1:{s:4:"izin";s:1:"1";}s:12:"satis/coupon";a:1:{s:4:"izin";s:1:"1";}s:18:"content_management";a:1:{s:4:"izin";s:1:"1";}s:17:"cagri/cevaplanmis";a:1:{s:4:"izin";s:1:"1";}s:19:"cagri/cevapbekleyen";a:1:{s:4:"izin";s:1:"1";}s:15:"cagri/arsivdeki";a:1:{s:4:"izin";s:1:"1";}s:15:"cagri/cevap_yaz";a:1:{s:4:"izin";s:1:"1";}s:14:"moduller/modul";a:1:{s:4:"izin";s:1:"1";}s:15:"moduller/slider";a:1:{s:4:"izin";s:1:"1";}s:20:"sistem/genel_ayarlar";a:1:{s:4:"izin";s:1:"1";}s:14:"sistem/bayiler";a:1:{s:4:"izin";s:1:"1";}s:12:"sistem/kargo";a:1:{s:4:"izin";s:1:"1";}s:24:"sistem/odeme_secenekleri";a:1:{s:4:"izin";s:1:"1";}}'),
(20, 1, 'Toptanci', '05', 0, 0, NULL);

-- --------------------------------------------------------

--
-- Tablo için tablo yapısı `e_sessions`
--

CREATE TABLE IF NOT EXISTS `e_sessions` (
  `session_auto_id` bigint(20) NOT NULL AUTO_INCREMENT,
  `session_id` varchar(40) NOT NULL DEFAULT '0',
  `ip_address` varchar(16) NOT NULL DEFAULT '0',
  `user_agent` varchar(150) NOT NULL,
  `last_activity` int(10) unsigned NOT NULL DEFAULT '0',
  `user_data` longtext NOT NULL,
  PRIMARY KEY (`session_auto_id`),
  KEY `last_activity` (`last_activity`),
  KEY `user_agent` (`user_agent`),
  KEY `ip_address` (`ip_address`),
  FULLTEXT KEY `user_data` (`user_data`)
) ENGINE=MyISAM  DEFAULT CHARSET=utf8 AUTO_INCREMENT=4304 ;

--
-- Tablo döküm verisi `e_sessions`
--

INSERT INTO `e_sessions` (`session_auto_id`, `session_id`, `ip_address`, `user_agent`, `last_activity`, `user_data`) VALUES
(4303, '92685658568bcdf1c06366299a373a27', '91.199.73.2', 'Mozilla/5.0 (Windows NT 6.1; WOW64) AppleWebKit/53', 1389770550, 'a:9:{s:10:"DX_user_id";s:2:"23";s:11:"DX_username";s:20:"kochserkan@gmail.com";s:10:"DX_role_id";s:1:"5";s:12:"DX_role_name";s:8:"Yonetici";s:18:"DX_parent_roles_id";a:1:{i:0;s:1:"2";}s:20:"DX_parent_roles_name";a:1:{i:0;s:14:"Admin-Gruplari";}s:13:"DX_permission";a:0:{}s:21:"DX_parent_permissions";a:0:{}s:12:"DX_logged_in";b:1;}'),
(4300, 'd6d41b588beeb877cce4799c973f0019', '31.13.99.117', 'facebookexternalhit/1.1 (+http://www.facebook.com/', 1389082631, ''),
(4301, '561c5537615433373f94a2fe600d010c', '31.13.99.113', 'facebookexternalhit/1.1 (+http://www.facebook.com/', 1389082632, ''),
(4302, '2346d44408729a3b12beef0da55e10be', '173.252.102.115', 'facebookexternalhit/1.1 (+http://www.facebook.com/', 1389082633, ''),
(4298, '3a3ac5e1dcb47166096776b29f1b9a8c', '91.199.73.2', 'Mozilla/5.0 (Windows NT 6.1; WOW64) AppleWebKit/53', 1389082815, 'a:10:{s:14:"urun_yorum_yaz";s:6:"bvm2xe";s:10:"DX_user_id";s:2:"23";s:11:"DX_username";s:20:"kochserkan@gmail.com";s:10:"DX_role_id";s:1:"5";s:12:"DX_role_name";s:8:"Yonetici";s:18:"DX_parent_roles_id";a:1:{i:0;s:1:"2";}s:20:"DX_parent_roles_name";a:1:{i:0;s:14:"Admin-Gruplari";}s:13:"DX_permission";a:0:{}s:21:"DX_parent_permissions";a:0:{}s:12:"DX_logged_in";b:1;}'),
(4299, '34c203421a54dbcbcba32e8ebc2c4be2', '31.13.99.114', 'facebookexternalhit/1.1 (+http://www.facebook.com/', 1389082629, '');

-- --------------------------------------------------------

--
-- Tablo için tablo yapısı `e_siparis`
--

CREATE TABLE IF NOT EXISTS `e_siparis` (
  `siparis_id` bigint(20) NOT NULL AUTO_INCREMENT,
  `siparis_tar` bigint(20) DEFAULT NULL,
  `irsaliye_tar` bigint(20) DEFAULT NULL,
  `irsaliye_no` text,
  `usr_inv_id` bigint(20) DEFAULT NULL,
  `odeme_tip` int(11) DEFAULT NULL,
  `kayit_tar` bigint(20) NOT NULL,
  `siparis_flag` int(11) NOT NULL DEFAULT '1' COMMENT '0 - ödeme bekliyor / 1 onay bekliyor / 2 sipariş tamamlandı / 3 sipariş iptal edildi',
  `siparis_flag_data` text COMMENT 'İptan nedeni eklenebilir',
  `user_id` bigint(20) NOT NULL,
  `siparis_data` longtext,
  `siparis_islem_tarihi` bigint(20) NOT NULL DEFAULT '0',
  PRIMARY KEY (`siparis_id`),
  KEY `siparis_islem_tarihi` (`siparis_islem_tarihi`),
  KEY `user_id` (`user_id`),
  KEY `kayit_tar` (`kayit_tar`),
  KEY `siparis_flag` (`siparis_flag`),
  KEY `odeme_tip` (`odeme_tip`),
  KEY `usr_inv_id` (`usr_inv_id`),
  KEY `irsaliye_tar` (`irsaliye_tar`),
  KEY `siparis_tar` (`siparis_tar`),
  FULLTEXT KEY `siparis_flag_data` (`siparis_flag_data`)
) ENGINE=MyISAM  DEFAULT CHARSET=utf8 AUTO_INCREMENT=168 ;

--
-- Tablo döküm verisi `e_siparis`
--

INSERT INTO `e_siparis` (`siparis_id`, `siparis_tar`, `irsaliye_tar`, `irsaliye_no`, `usr_inv_id`, `odeme_tip`, `kayit_tar`, `siparis_flag`, `siparis_flag_data`, `user_id`, `siparis_data`, `siparis_islem_tarihi`) VALUES
(144, NULL, NULL, NULL, 290, 1, 1337123323, 0, NULL, 15, 'a:4:{s:10:"odeme_tipi";s:6:"havale";s:14:"odeme_secenegi";s:1:"1";s:20:"odeme_secenegi_detay";s:1:"8";s:18:"teslimat_bilgileri";a:8:{s:8:"teslimat";a:7:{s:8:"ad_soyad";s:16:"Demo Kullanıcı";s:7:"telefon";s:14:"0543 123 12 31";s:5:"adres";s:6:"taksim";s:4:"ulke";s:3:"215";s:5:"sehir";s:4:"3354";s:4:"ilce";s:6:"taksim";s:10:"posta_kodu";s:5:"12321";}s:13:"kupon_indirim";a:3:{s:5:"mesaj";s:0:"";s:5:"fiyat";i:0;s:5:"kupon";s:0:"";}s:10:"siparis_id";i:144;s:10:"odeme_adim";s:7:"siparis";s:8:"kargo_id";s:1:"3";s:11:"kargo_ucret";s:6:"5.0000";s:18:"kapida_odeme_ucret";s:6:"0.0000";s:13:"indirim_orani";s:2:"00";}}', 0),
(143, NULL, NULL, NULL, 289, 1, 1337123009, 0, NULL, 15, 'a:4:{s:10:"odeme_tipi";s:6:"havale";s:14:"odeme_secenegi";s:1:"1";s:20:"odeme_secenegi_detay";s:1:"8";s:18:"teslimat_bilgileri";a:8:{s:8:"teslimat";a:7:{s:8:"ad_soyad";s:16:"Demo Kullanıcı";s:7:"telefon";s:14:"0543 123 12 31";s:5:"adres";s:6:"taksim";s:4:"ulke";s:3:"215";s:5:"sehir";s:4:"3354";s:4:"ilce";s:6:"taksim";s:10:"posta_kodu";s:5:"12321";}s:13:"kupon_indirim";a:3:{s:5:"mesaj";s:0:"";s:5:"fiyat";i:0;s:5:"kupon";s:0:"";}s:10:"siparis_id";i:143;s:10:"odeme_adim";s:7:"siparis";s:8:"kargo_id";s:1:"3";s:11:"kargo_ucret";s:6:"5.0000";s:18:"kapida_odeme_ucret";s:6:"0.0000";s:13:"indirim_orani";s:2:"00";}}', 0),
(138, NULL, NULL, NULL, 284, 3, 1335920377, 6, NULL, 15, 'a:4:{s:10:"odeme_tipi";s:12:"kapida_odeme";s:14:"odeme_secenegi";s:1:"1";s:20:"odeme_secenegi_detay";s:1:"1";s:18:"teslimat_bilgileri";a:8:{s:8:"teslimat";a:7:{s:8:"ad_soyad";s:16:"Demo Kullanıcı";s:7:"telefon";s:14:"0543 123 12 31";s:5:"adres";s:6:"taksim";s:4:"ulke";s:3:"215";s:5:"sehir";s:4:"3354";s:4:"ilce";s:6:"taksim";s:10:"posta_kodu";s:5:"12321";}s:13:"kupon_indirim";a:3:{s:5:"mesaj";s:0:"";s:5:"fiyat";i:0;s:5:"kupon";s:0:"";}s:10:"siparis_id";i:138;s:10:"odeme_adim";s:5:"detay";s:8:"kargo_id";s:1:"6";s:11:"kargo_ucret";s:6:"5.0000";s:18:"kapida_odeme_ucret";s:4:"5.00";s:13:"indirim_orani";s:2:"00";}}', 0),
(119, NULL, NULL, NULL, 280, 3, 1335826863, 6, NULL, 15, 'a:4:{s:10:"odeme_tipi";s:12:"kapida_odeme";s:14:"odeme_secenegi";s:1:"1";s:20:"odeme_secenegi_detay";s:1:"1";s:18:"teslimat_bilgileri";a:8:{s:8:"teslimat";a:7:{s:8:"ad_soyad";s:16:"Demo Kullanıcı";s:7:"telefon";s:14:"0543 123 12 31";s:5:"adres";s:6:"taksim";s:4:"ulke";s:3:"215";s:5:"sehir";s:4:"3354";s:4:"ilce";s:6:"taksim";s:10:"posta_kodu";s:5:"12321";}s:13:"kupon_indirim";a:3:{s:5:"mesaj";s:0:"";s:5:"fiyat";i:0;s:5:"kupon";s:0:"";}s:10:"siparis_id";i:119;s:10:"odeme_adim";s:5:"detay";s:8:"kargo_id";s:1:"3";s:11:"kargo_ucret";s:6:"5.0000";s:18:"kapida_odeme_ucret";s:4:"5.00";s:13:"indirim_orani";s:2:"00";}}', 0),
(113, NULL, NULL, NULL, 276, 3, 1335743154, 6, NULL, 15, 'a:4:{s:10:"odeme_tipi";s:12:"kapida_odeme";s:14:"odeme_secenegi";s:1:"1";s:20:"odeme_secenegi_detay";s:1:"1";s:18:"teslimat_bilgileri";a:8:{s:8:"teslimat";a:7:{s:8:"ad_soyad";s:16:"Demo Kullanıcı";s:7:"telefon";s:14:"0543 123 12 31";s:5:"adres";s:6:"taksim";s:4:"ulke";s:3:"215";s:5:"sehir";s:4:"3354";s:4:"ilce";s:6:"taksim";s:10:"posta_kodu";s:5:"12321";}s:13:"kupon_indirim";a:3:{s:5:"mesaj";s:0:"";s:5:"fiyat";i:0;s:5:"kupon";s:0:"";}s:10:"siparis_id";i:113;s:10:"odeme_adim";s:5:"detay";s:8:"kargo_id";s:1:"3";s:11:"kargo_ucret";s:6:"5.0000";s:18:"kapida_odeme_ucret";s:4:"5.00";s:13:"indirim_orani";s:2:"00";}}', 0),
(110, NULL, NULL, NULL, 275, 3, 1335737655, 6, NULL, 15, 'a:4:{s:10:"odeme_tipi";s:12:"kapida_odeme";s:14:"odeme_secenegi";s:1:"1";s:20:"odeme_secenegi_detay";s:1:"1";s:18:"teslimat_bilgileri";a:8:{s:8:"teslimat";a:7:{s:8:"ad_soyad";s:16:"Demo Kullanıcı";s:7:"telefon";s:14:"0543 123 12 31";s:5:"adres";s:6:"taksim";s:4:"ulke";s:3:"215";s:5:"sehir";s:4:"3354";s:4:"ilce";s:6:"taksim";s:10:"posta_kodu";s:5:"12321";}s:13:"kupon_indirim";a:3:{s:5:"mesaj";s:0:"";s:5:"fiyat";i:0;s:5:"kupon";s:0:"";}s:10:"siparis_id";i:110;s:10:"odeme_adim";s:5:"detay";s:8:"kargo_id";s:1:"3";s:11:"kargo_ucret";s:6:"5.0000";s:18:"kapida_odeme_ucret";s:4:"5.00";s:13:"indirim_orani";s:2:"00";}}', 0),
(107, NULL, NULL, NULL, 272, 3, 1335737406, 6, NULL, 15, 'a:4:{s:10:"odeme_tipi";s:12:"kapida_odeme";s:14:"odeme_secenegi";s:1:"1";s:20:"odeme_secenegi_detay";s:1:"1";s:18:"teslimat_bilgileri";a:8:{s:8:"teslimat";a:7:{s:8:"ad_soyad";s:16:"Demo Kullanıcı";s:7:"telefon";s:14:"0543 123 12 31";s:5:"adres";s:6:"taksim";s:4:"ulke";s:3:"215";s:5:"sehir";s:4:"3354";s:4:"ilce";s:6:"taksim";s:10:"posta_kodu";s:5:"12321";}s:13:"kupon_indirim";a:3:{s:5:"mesaj";s:0:"";s:5:"fiyat";i:0;s:5:"kupon";s:0:"";}s:10:"siparis_id";i:107;s:10:"odeme_adim";s:5:"detay";s:8:"kargo_id";s:1:"3";s:11:"kargo_ucret";s:6:"5.0000";s:18:"kapida_odeme_ucret";s:4:"5.00";s:13:"indirim_orani";s:2:"00";}}', 0),
(108, NULL, NULL, NULL, 273, 3, 1335737463, 6, NULL, 15, 'a:4:{s:10:"odeme_tipi";s:12:"kapida_odeme";s:14:"odeme_secenegi";s:1:"1";s:20:"odeme_secenegi_detay";s:1:"1";s:18:"teslimat_bilgileri";a:7:{s:8:"teslimat";a:7:{s:8:"ad_soyad";s:16:"Demo Kullanıcı";s:7:"telefon";s:14:"0543 123 12 31";s:5:"adres";s:6:"taksim";s:4:"ulke";s:3:"215";s:5:"sehir";s:4:"3354";s:4:"ilce";s:6:"taksim";s:10:"posta_kodu";s:5:"12321";}s:10:"siparis_id";i:108;s:10:"odeme_adim";s:5:"detay";s:8:"kargo_id";s:1:"3";s:11:"kargo_ucret";s:6:"5.0000";s:18:"kapida_odeme_ucret";s:4:"5.00";s:13:"indirim_orani";s:2:"00";}}', 0),
(104, NULL, NULL, NULL, 268, 3, 1335705939, 4, '', 15, 'a:4:{s:10:"odeme_tipi";s:12:"kapida_odeme";s:14:"odeme_secenegi";s:1:"1";s:20:"odeme_secenegi_detay";s:1:"1";s:18:"teslimat_bilgileri";a:9:{s:8:"teslimat";a:7:{s:8:"ad_soyad";s:16:"Demo Kullanıcı";s:7:"telefon";s:14:"0543 345 13 31";s:5:"adres";s:6:"taksim";s:4:"ulke";s:3:"215";s:5:"sehir";s:4:"3354";s:4:"ilce";s:0:"";s:10:"posta_kodu";s:0:"";}s:11:"siparis_not";s:22:"sipariş notu ekledim.";s:13:"kupon_indirim";a:3:{s:5:"mesaj";s:0:"";s:5:"fiyat";i:0;s:5:"kupon";s:0:"";}s:10:"siparis_id";i:104;s:10:"odeme_adim";s:5:"detay";s:8:"kargo_id";s:1:"3";s:11:"kargo_ucret";s:6:"5.0000";s:18:"kapida_odeme_ucret";s:4:"5.00";s:13:"indirim_orani";s:2:"00";}}', 0),
(105, NULL, NULL, NULL, 269, 1, 1335709271, 0, NULL, 15, 'a:4:{s:10:"odeme_tipi";s:6:"havale";s:14:"odeme_secenegi";s:1:"1";s:20:"odeme_secenegi_detay";s:1:"8";s:18:"teslimat_bilgileri";a:8:{s:8:"teslimat";a:7:{s:8:"ad_soyad";s:16:"Demo Kullanıcı";s:7:"telefon";s:14:"0543 123 12 31";s:5:"adres";s:6:"taksim";s:4:"ulke";s:3:"215";s:5:"sehir";s:4:"3354";s:4:"ilce";s:6:"taksim";s:10:"posta_kodu";s:5:"12321";}s:13:"kupon_indirim";a:3:{s:5:"mesaj";s:0:"";s:5:"fiyat";i:0;s:5:"kupon";s:0:"";}s:10:"siparis_id";i:105;s:10:"odeme_adim";s:7:"siparis";s:8:"kargo_id";s:1:"3";s:11:"kargo_ucret";s:6:"5.0000";s:18:"kapida_odeme_ucret";s:6:"0.0000";s:13:"indirim_orani";s:2:"00";}}', 0),
(146, NULL, NULL, NULL, 292, 3, 1373579324, 6, NULL, 15, 'a:4:{s:10:"odeme_tipi";s:12:"kapida_odeme";s:14:"odeme_secenegi";s:1:"1";s:20:"odeme_secenegi_detay";s:1:"1";s:18:"teslimat_bilgileri";a:8:{s:8:"teslimat";a:7:{s:8:"ad_soyad";s:16:"Demo Kullanıcı";s:7:"telefon";s:14:"0543 123 12 31";s:5:"adres";s:6:"taksim";s:4:"ulke";s:3:"215";s:5:"sehir";s:4:"3354";s:4:"ilce";s:6:"taksim";s:10:"posta_kodu";s:5:"12321";}s:10:"siparis_id";i:146;s:10:"odeme_adim";s:5:"detay";s:13:"kupon_indirim";a:3:{s:5:"mesaj";s:0:"";s:5:"fiyat";i:0;s:5:"kupon";s:0:"";}s:8:"kargo_id";s:1:"3";s:11:"kargo_ucret";s:6:"5.0000";s:18:"kapida_odeme_ucret";s:4:"5.00";s:13:"indirim_orani";s:2:"00";}}', 0),
(147, NULL, NULL, NULL, 293, 3, 1373581979, 6, NULL, 15, 'a:4:{s:10:"odeme_tipi";s:12:"kapida_odeme";s:14:"odeme_secenegi";s:1:"1";s:20:"odeme_secenegi_detay";s:1:"1";s:18:"teslimat_bilgileri";a:7:{s:8:"teslimat";a:7:{s:8:"ad_soyad";s:16:"Demo Kullanıcı";s:7:"telefon";s:14:"0543 123 12 31";s:5:"adres";s:6:"taksim";s:4:"ulke";s:3:"215";s:5:"sehir";s:4:"3354";s:4:"ilce";s:6:"taksim";s:10:"posta_kodu";s:5:"12321";}s:10:"siparis_id";i:147;s:10:"odeme_adim";s:5:"detay";s:8:"kargo_id";s:1:"3";s:11:"kargo_ucret";s:6:"5.0000";s:18:"kapida_odeme_ucret";s:4:"5.00";s:13:"indirim_orani";s:2:"00";}}', 0),
(148, NULL, NULL, NULL, 294, 3, 1373582246, 6, NULL, 15, 'a:4:{s:10:"odeme_tipi";s:12:"kapida_odeme";s:14:"odeme_secenegi";s:1:"1";s:20:"odeme_secenegi_detay";s:1:"1";s:18:"teslimat_bilgileri";a:7:{s:8:"teslimat";a:7:{s:8:"ad_soyad";s:16:"Demo Kullanıcı";s:7:"telefon";s:14:"0543 123 12 31";s:5:"adres";s:6:"taksim";s:4:"ulke";s:3:"215";s:5:"sehir";s:4:"3354";s:4:"ilce";s:6:"taksim";s:10:"posta_kodu";s:5:"12321";}s:10:"siparis_id";i:148;s:10:"odeme_adim";s:5:"detay";s:8:"kargo_id";s:1:"3";s:11:"kargo_ucret";s:6:"5.0000";s:18:"kapida_odeme_ucret";s:4:"5.00";s:13:"indirim_orani";s:2:"00";}}', 0),
(167, NULL, NULL, NULL, NULL, NULL, 1388871560, -1, NULL, 23, NULL, 0),
(166, NULL, NULL, NULL, NULL, NULL, 1388842786, -1, NULL, 23, NULL, 0),
(161, NULL, NULL, NULL, 303, 3, 1375958380, 6, NULL, 15, 'a:4:{s:10:"odeme_tipi";s:12:"kapida_odeme";s:14:"odeme_secenegi";s:1:"1";s:20:"odeme_secenegi_detay";s:1:"1";s:18:"teslimat_bilgileri";a:8:{s:8:"teslimat";a:7:{s:8:"ad_soyad";s:16:"Demo Kullanıcı";s:7:"telefon";s:14:"0543 123 12 31";s:5:"adres";s:6:"taksim";s:4:"ulke";s:3:"215";s:5:"sehir";s:4:"3354";s:4:"ilce";s:6:"taksim";s:10:"posta_kodu";s:5:"12321";}s:13:"kupon_indirim";a:3:{s:5:"mesaj";s:0:"";s:5:"fiyat";i:0;s:5:"kupon";s:0:"";}s:10:"siparis_id";i:161;s:10:"odeme_adim";s:5:"detay";s:8:"kargo_id";s:1:"3";s:11:"kargo_ucret";s:6:"5.0000";s:18:"kapida_odeme_ucret";s:4:"5.00";s:13:"indirim_orani";s:2:"00";}}', 0);

-- --------------------------------------------------------

--
-- Tablo için tablo yapısı `e_siparis_detay`
--

CREATE TABLE IF NOT EXISTS `e_siparis_detay` (
  `siparis_det_id` bigint(20) NOT NULL AUTO_INCREMENT,
  `siparis_id` bigint(20) NOT NULL,
  `stok_kodu` text,
  `stok_aciklama` text,
  `stok_bfiyat` double(10,4) DEFAULT NULL,
  `stok_tfiyat` double(10,4) DEFAULT NULL,
  `stok_kdv_orani` double(10,2) DEFAULT NULL,
  `kayit_tar` bigint(20) DEFAULT NULL,
  `stok_miktar` int(11) DEFAULT NULL,
  `stokdan_dus_durum` tinyint(1) NOT NULL DEFAULT '0',
  `stok_tip` int(11) NOT NULL,
  `siparis_det_flag` int(11) DEFAULT '1',
  `siparis_det_data` longtext,
  PRIMARY KEY (`siparis_det_id`),
  KEY `siparis_det_flag` (`siparis_det_flag`),
  KEY `stok_tip` (`stok_tip`),
  KEY `stok_miktar` (`stok_miktar`),
  KEY `kayit_tar` (`kayit_tar`),
  KEY `stok_kdv_orani` (`stok_kdv_orani`),
  KEY `stok_tfiyat` (`stok_tfiyat`),
  KEY `stok_bfiyat` (`stok_bfiyat`),
  KEY `siparis_id` (`siparis_id`),
  FULLTEXT KEY `siparis_det_data` (`siparis_det_data`),
  FULLTEXT KEY `stok_aciklama` (`stok_aciklama`),
  FULLTEXT KEY `stok_kodu` (`stok_kodu`)
) ENGINE=MyISAM  DEFAULT CHARSET=utf8 AUTO_INCREMENT=245 ;

--
-- Tablo döküm verisi `e_siparis_detay`
--

INSERT INTO `e_siparis_detay` (`siparis_det_id`, `siparis_id`, `stok_kodu`, `stok_aciklama`, `stok_bfiyat`, `stok_tfiyat`, `stok_kdv_orani`, `kayit_tar`, `stok_miktar`, `stokdan_dus_durum`, `stok_tip`, `siparis_det_flag`, `siparis_det_data`) VALUES
(213, 138, 'tatli-buket-meyve-cicek-002', NULL, 35.4000, 35.4000, 0.18, 1335920377, 1, 0, 12, 1, NULL),
(219, 143, 'tatli-buket-meyve-cicek-002', NULL, 35.4000, 0.0000, 0.00, 1337123009, 1, 0, 12, 1, 'a:4:{s:7:"secenek";a:0:{}s:13:"secenek_fiyat";i:0;s:12:"gercek_fiyat";d:35.39999999999999857891452847979962825775146484375;s:21:"gercek_fiyat_subtotal";d:35.39999999999999857891452847979962825775146484375;}'),
(220, 143, 'chicco-008', NULL, 22.4200, 22.4200, 0.00, 1337123009, 1, 0, 12, 1, 'a:4:{s:7:"secenek";a:0:{}s:13:"secenek_fiyat";i:0;s:12:"gercek_fiyat";d:22.419999999999998152588887023739516735076904296875;s:21:"gercek_fiyat_subtotal";d:22.419999999999998152588887023739516735076904296875;}'),
(221, 144, 'chicco-008', NULL, 22.4200, 22.4200, 0.00, 1337123323, 1, 0, 12, 1, 'a:4:{s:7:"secenek";a:0:{}s:13:"secenek_fiyat";i:0;s:12:"gercek_fiyat";d:22.419999999999998152588887023739516735076904296875;s:21:"gercek_fiyat_subtotal";d:22.419999999999998152588887023739516735076904296875;}'),
(143, 119, 'iphone-001', NULL, 2714.0000, 2714.0000, 0.00, 1335826863, 1, 0, 12, 1, 'a:4:{s:7:"secenek";a:0:{}s:13:"secenek_fiyat";i:0;s:12:"gercek_fiyat";d:2714;s:21:"gercek_fiyat_subtotal";d:2714;}'),
(142, 119, 'sony-001', NULL, 116.8200, 467.2800, 0.00, 1335826863, 4, 0, 12, 1, 'a:4:{s:7:"secenek";a:0:{}s:13:"secenek_fiyat";i:0;s:12:"gercek_fiyat";d:116.81999999999999317878973670303821563720703125;s:21:"gercek_fiyat_subtotal";d:467.279999999999972715158946812152862548828125;}'),
(141, 119, 'tatli-buket-meyve-cicek-002', NULL, 35.4000, 35.4000, 0.00, 1335826863, 1, 0, 12, 1, 'a:4:{s:7:"secenek";a:0:{}s:13:"secenek_fiyat";i:0;s:12:"gercek_fiyat";d:35.39999999999999857891452847979962825775146484375;s:21:"gercek_fiyat_subtotal";d:35.39999999999999857891452847979962825775146484375;}'),
(139, 119, 'ipad2-001', NULL, 2950.0000, 2950.0000, 0.00, 1335826863, 1, 0, 12, 1, 'a:4:{s:7:"secenek";a:0:{}s:13:"secenek_fiyat";i:0;s:12:"gercek_fiyat";d:2950;s:21:"gercek_fiyat_subtotal";d:2950;}'),
(128, 110, 'chicco-008', NULL, 22.4200, 22.4200, 0.00, 1335737655, 1, 0, 12, 1, 'a:4:{s:7:"secenek";a:0:{}s:13:"secenek_fiyat";i:0;s:12:"gercek_fiyat";d:22.419999999999998152588887023739516735076904296875;s:21:"gercek_fiyat_subtotal";d:22.419999999999998152588887023739516735076904296875;}'),
(131, 113, 'chicco-008', NULL, 11.8000, 11.8000, 0.00, 1335743154, 1, 0, 12, 1, 'a:4:{s:7:"secenek";a:0:{}s:13:"secenek_fiyat";i:0;s:12:"gercek_fiyat";d:11.7999999999999989341858963598497211933135986328125;s:21:"gercek_fiyat_subtotal";d:11.7999999999999989341858963598497211933135986328125;}'),
(126, 108, 'tatli-buket-meyve-cicek-002', NULL, 35.4000, 35.4000, 0.18, 1335737463, 1, 0, 12, 1, NULL),
(140, 119, 'chicco-008', NULL, 11.8000, 11.8000, 0.00, 1335826863, 1, 0, 12, 1, 'a:4:{s:7:"secenek";a:0:{}s:13:"secenek_fiyat";i:0;s:12:"gercek_fiyat";d:11.7999999999999989341858963598497211933135986328125;s:21:"gercek_fiyat_subtotal";d:11.7999999999999989341858963598497211933135986328125;}'),
(125, 107, 'chicco-008', NULL, 22.4200, 0.0000, 0.00, 1335737406, 1, 0, 12, 1, 'a:4:{s:7:"secenek";a:0:{}s:13:"secenek_fiyat";i:0;s:12:"gercek_fiyat";d:22.419999999999998152588887023739516735076904296875;s:21:"gercek_fiyat_subtotal";d:22.419999999999998152588887023739516735076904296875;}'),
(123, 105, 'tatli-buket-meyve-cicek-002', NULL, 35.4000, 35.4000, 0.00, 1335709271, 1, 0, 12, 1, 'a:4:{s:7:"secenek";a:0:{}s:13:"secenek_fiyat";i:0;s:12:"gercek_fiyat";d:35.39999999999999857891452847979962825775146484375;s:21:"gercek_fiyat_subtotal";d:35.39999999999999857891452847979962825775146484375;}'),
(121, 104, 'chicco-008', NULL, 22.4200, 22.4200, 0.00, 1335705939, 1, 0, 12, 1, 'a:4:{s:7:"secenek";a:0:{}s:13:"secenek_fiyat";i:0;s:12:"gercek_fiyat";d:22.419999999999998152588887023739516735076904296875;s:21:"gercek_fiyat_subtotal";d:22.419999999999998152588887023739516735076904296875;}'),
(122, 104, 'tatli-buket-meyve-cicek-002', NULL, 35.4000, 35.4000, 0.00, 1335705939, 1, 0, 12, 1, 'a:4:{s:7:"secenek";a:0:{}s:13:"secenek_fiyat";i:0;s:12:"gercek_fiyat";d:35.39999999999999857891452847979962825775146484375;s:21:"gercek_fiyat_subtotal";d:35.39999999999999857891452847979962825775146484375;}'),
(223, 146, 'tatli-buket-meyve-cicek-002', NULL, 35.4000, 35.4000, 0.00, 1373579324, 1, 0, 12, 1, 'a:4:{s:7:"secenek";a:0:{}s:13:"secenek_fiyat";i:0;s:12:"gercek_fiyat";d:35.39999999999999857891452847979962825775146484375;s:21:"gercek_fiyat_subtotal";d:35.39999999999999857891452847979962825775146484375;}'),
(224, 147, 'iphone-001', NULL, 2714.0000, 2714.0000, 0.18, 1373581979, 1, 0, 12, 1, NULL),
(225, 148, 'chicco-008', NULL, 22.4200, 22.4200, 0.18, 1373582246, 1, 0, 12, 1, NULL),
(243, 166, 'ufo-001', NULL, 295.0000, 295.0000, 0.00, 1388842786, 1, 0, 12, 1, 'a:4:{s:7:"secenek";a:0:{}s:13:"secenek_fiyat";i:0;s:12:"gercek_fiyat";d:295;s:21:"gercek_fiyat_subtotal";d:295;}'),
(244, 167, 'sony-001', NULL, 116.8200, 116.8200, 0.18, 1388871560, 1, 0, 12, 1, NULL),
(238, 161, 'chicco-008', NULL, 22.4200, 22.4200, 0.00, 1375958380, 1, 0, 12, 1, 'a:4:{s:7:"secenek";a:0:{}s:13:"secenek_fiyat";i:0;s:12:"gercek_fiyat";d:22.419999999999998152588887023739516735076904296875;s:21:"gercek_fiyat_subtotal";d:22.419999999999998152588887023739516735076904296875;}');

-- --------------------------------------------------------

--
-- Tablo için tablo yapısı `e_siparis_durum`
--

CREATE TABLE IF NOT EXISTS `e_siparis_durum` (
  `siparis_durum_id` int(11) NOT NULL AUTO_INCREMENT,
  `siparis_durum_baslik` varchar(100) NOT NULL,
  `siparis_durum_tanim_id` int(11) DEFAULT NULL,
  `siparis_durum_silme` tinyint(1) NOT NULL DEFAULT '0',
  PRIMARY KEY (`siparis_durum_id`),
  KEY `siparis_durum_silme` (`siparis_durum_silme`),
  KEY `siparis_durum_tanim_id` (`siparis_durum_tanim_id`),
  KEY `siparis_durum_baslik` (`siparis_durum_baslik`)
) ENGINE=MyISAM  DEFAULT CHARSET=utf8 AUTO_INCREMENT=13 ;

--
-- Tablo döküm verisi `e_siparis_durum`
--

INSERT INTO `e_siparis_durum` (`siparis_durum_id`, `siparis_durum_baslik`, `siparis_durum_tanim_id`, `siparis_durum_silme`) VALUES
(1, 'Ödeme Bekliyor', 0, 1),
(2, 'Hazırlanıyor', 6, 0),
(3, 'Kargoya Verildi', 4, 0),
(4, 'İptal Edildi', 3, 1),
(5, 'Tamamlandı', 2, 1),
(6, 'Reddedildi', 5, 0),
(7, 'Değişim İptal', 11, 0),
(8, 'Başarısız', 7, 0),
(9, 'İade Edildi', 8, 0),
(10, 'Değiştirildi', 9, 0),
(11, 'Geri Ödeme', 10, 0),
(12, 'Onay Bekliyor', 1, 1);

-- --------------------------------------------------------

--
-- Tablo için tablo yapısı `e_tanimlar`
--

CREATE TABLE IF NOT EXISTS `e_tanimlar` (
  `tanimlar_id` bigint(20) NOT NULL AUTO_INCREMENT,
  `tanimlar_adi` text,
  `tanimlar_kod` varchar(25) NOT NULL,
  `tanimlar_tip` text,
  PRIMARY KEY (`tanimlar_id`),
  KEY `tanimlar_kod` (`tanimlar_kod`),
  FULLTEXT KEY `tanimlar_tip` (`tanimlar_tip`),
  FULLTEXT KEY `tanimlar_adi` (`tanimlar_adi`)
) ENGINE=MyISAM  DEFAULT CHARSET=utf8 AUTO_INCREMENT=31 ;

--
-- Tablo döküm verisi `e_tanimlar`
--

INSERT INTO `e_tanimlar` (`tanimlar_id`, `tanimlar_adi`, `tanimlar_kod`, `tanimlar_tip`) VALUES
(1, 'Santimetre', '', 'uzunluk'),
(2, 'Milimetre', '', 'uzunluk'),
(3, 'Inch', '', 'uzunluk'),
(4, 'Kilogram', '', 'agirlik'),
(5, 'Gram', '', 'agirlik'),
(6, 'Stokda Var', '', 'stok_durumu'),
(7, 'Stokda Yok', '', 'stok_durumu'),
(15, 'Gün', 'gün', 'stok_birim'),
(14, 'Ay', 'ay', 'stok_birim'),
(13, 'Yıl', 'yıl', 'stok_birim'),
(12, 'Adet', 'adet', 'stok_birim'),
(16, 'Koli', 'kl', 'stok_birim'),
(17, 'Düzine', 'dz', 'stok_birim'),
(18, 'Grose', 'grs', 'stok_birim'),
(19, 'Palet', 'plt', 'stok_birim'),
(20, 'Santimetre', 'cm', 'stok_birim'),
(21, 'Santimetrekare', 'cm2', 'stok_birim'),
(22, 'Santimetreküp', 'cm3', 'stok_birim'),
(23, 'Metre', 'm', 'stok_birim'),
(24, 'Metrekare', 'm2', 'stok_birim'),
(25, 'Metreküp', 'm3', 'stok_birim'),
(26, 'Gram', 'gr', 'stok_birim'),
(27, 'Kilogram', 'kg', 'stok_birim'),
(28, 'Ton', 'ton', 'stok_birim'),
(29, 'İnç', 'inc', 'stok_birim'),
(30, 'Litre', 'lt', 'stok_birim');

-- --------------------------------------------------------

--
-- Tablo için tablo yapısı `e_ticket`
--

CREATE TABLE IF NOT EXISTS `e_ticket` (
  `ticket_id` bigint(20) NOT NULL AUTO_INCREMENT,
  `ticket_kodu` text NOT NULL,
  `ticket_kime` text,
  `ticket_konu` longtext,
  `ticket_icerik` longtext NOT NULL,
  `ticket_tarih` bigint(20) NOT NULL,
  `ticket_tip` text NOT NULL,
  `ticket_flag` int(11) NOT NULL,
  `ticket_uye_durum` int(11) DEFAULT NULL,
  `ticket_adm_durum` int(11) DEFAULT NULL,
  `ticket_prm_id` bigint(20) NOT NULL DEFAULT '0',
  `user_id` bigint(20) NOT NULL,
  PRIMARY KEY (`ticket_id`),
  KEY `user_id` (`user_id`),
  KEY `ticket_prm_id` (`ticket_prm_id`),
  KEY `ticket_adm_durum` (`ticket_adm_durum`),
  KEY `ticket_uye_durum` (`ticket_uye_durum`),
  KEY `ticket_flag` (`ticket_flag`),
  KEY `ticket_tarih` (`ticket_tarih`),
  FULLTEXT KEY `ticket_tip` (`ticket_tip`),
  FULLTEXT KEY `ticket_icerik` (`ticket_icerik`),
  FULLTEXT KEY `ticket_konu` (`ticket_konu`),
  FULLTEXT KEY `ticket_kime` (`ticket_kime`),
  FULLTEXT KEY `ticket_kodu` (`ticket_kodu`)
) ENGINE=MyISAM  DEFAULT CHARSET=utf8 AUTO_INCREMENT=6 ;

-- --------------------------------------------------------

--
-- Tablo için tablo yapısı `e_tool_slider`
--

CREATE TABLE IF NOT EXISTS `e_tool_slider` (
  `slider_id` bigint(20) NOT NULL AUTO_INCREMENT,
  `slider_link` text,
  `slider_img` text,
  `slider_flag` int(11) NOT NULL COMMENT '0:silinmiş / 1:aktif',
  `slider_sira` int(11) NOT NULL DEFAULT '0',
  PRIMARY KEY (`slider_id`),
  KEY `slider_sira` (`slider_sira`),
  KEY `slider_flag` (`slider_flag`),
  FULLTEXT KEY `slider_img` (`slider_img`),
  FULLTEXT KEY `slider_link` (`slider_link`)
) ENGINE=MyISAM  DEFAULT CHARSET=utf8 AUTO_INCREMENT=67 ;

--
-- Tablo döküm verisi `e_tool_slider`
--

INSERT INTO `e_tool_slider` (`slider_id`, `slider_link`, `slider_img`, `slider_flag`, `slider_sira`) VALUES
(65, '#', 'data/resimler/slider/Untitled-1-960x315.jpg', 1, 1),
(66, '#', 'data/resimler/slider/clocky-960x315.jpg', 1, 3),
(62, '#', 'data/resimler/slider/world-960x315.jpg', 1, 2),
(61, '#', 'data/resimler/slider/lordi-960x315.jpg', 1, 4);

-- --------------------------------------------------------

--
-- Tablo için tablo yapısı `e_ulkeler`
--

CREATE TABLE IF NOT EXISTS `e_ulkeler` (
  `ulke_id` int(11) NOT NULL AUTO_INCREMENT,
  `ulke_adi` varchar(128) NOT NULL,
  `iso_code_2` varchar(2) NOT NULL DEFAULT '',
  `iso_code_3` varchar(3) NOT NULL DEFAULT '',
  `iso_num_3` varchar(3) NOT NULL,
  `adres_formati` text NOT NULL,
  PRIMARY KEY (`ulke_id`),
  KEY `iso_num_3` (`iso_num_3`),
  KEY `iso_code_3` (`iso_code_3`),
  KEY `iso_code_2` (`iso_code_2`),
  KEY `ulke_adi` (`ulke_adi`),
  FULLTEXT KEY `adres_formati` (`adres_formati`)
) ENGINE=MyISAM  DEFAULT CHARSET=utf8 AUTO_INCREMENT=240 ;

--
-- Tablo döküm verisi `e_ulkeler`
--

INSERT INTO `e_ulkeler` (`ulke_id`, `ulke_adi`, `iso_code_2`, `iso_code_3`, `iso_num_3`, `adres_formati`) VALUES
(1, 'Afghanistan', 'AF', 'AFG', '004', ''),
(2, 'Albania', 'AL', 'ALB', '008', ''),
(3, 'Algeria', 'DZ', 'DZA', '012', ''),
(4, 'American Samoa', 'AS', 'ASM', '016', ''),
(5, 'Andorra', 'AD', 'AND', '020', ''),
(6, 'Angola', 'AO', 'AGO', '024', ''),
(7, 'Anguilla', 'AI', 'AIA', '660', ''),
(8, 'Antarctica', 'AQ', 'ATA', '', ''),
(9, 'Antigua and Barbuda', 'AG', 'ATG', '028', ''),
(10, 'Argentina', 'AR', 'ARG', '032', ''),
(11, 'Armenia', 'AM', 'ARM', '051', ''),
(12, 'Aruba', 'AW', 'ABW', '533', ''),
(13, 'Australia', 'AU', 'AUS', '036', ''),
(14, 'Austria', 'AT', 'AUT', '040', ''),
(15, 'Azerbaijan', 'AZ', 'AZE', '031', ''),
(16, 'Bahamas', 'BS', 'BHS', '044', ''),
(17, 'Bahrain', 'BH', 'BHR', '048', ''),
(18, 'Bangladesh', 'BD', 'BGD', '050', ''),
(19, 'Barbados', 'BB', 'BRB', '052', ''),
(20, 'Belarus', 'BY', 'BLR', '112', ''),
(21, 'Belgium', 'BE', 'BEL', '056', ''),
(22, 'Belize', 'BZ', 'BLZ', '084', ''),
(23, 'Benin', 'BJ', 'BEN', '204', ''),
(24, 'Bermuda', 'BM', 'BMU', '060', ''),
(25, 'Bhutan', 'BT', 'BTN', '064', ''),
(26, 'Bolivia', 'BO', 'BOL', '068', ''),
(27, 'Bosnia and Herzegowina', 'BA', 'BIH', '070', ''),
(28, 'Botswana', 'BW', 'BWA', '072', ''),
(29, 'Bouvet Island', 'BV', 'BVT', '', ''),
(30, 'Brazil', 'BR', 'BRA', '076', ''),
(31, 'British Indian Ocean Territory', 'IO', 'IOT', '', ''),
(32, 'Brunei Darussalam', 'BN', 'BRN', '096', ''),
(33, 'Bulgaria', 'BG', 'BGR', '100', ''),
(34, 'Burkina Faso', 'BF', 'BFA', '854', ''),
(35, 'Burundi', 'BI', 'BDI', '108', ''),
(36, 'Cambodia', 'KH', 'KHM', '116', ''),
(37, 'Cameroon', 'CM', 'CMR', '120', ''),
(38, 'Canada', 'CA', 'CAN', '124', ''),
(39, 'Cape Verde', 'CV', 'CPV', '132', ''),
(40, 'Cayman Islands', 'KY', 'CYM', '136', ''),
(41, 'Central African Republic', 'CF', 'CAF', '140', ''),
(42, 'Chad', 'TD', 'TCD', '148', ''),
(43, 'Chile', 'CL', 'CHL', '152', ''),
(44, 'China', 'CN', 'CHN', '156', ''),
(45, 'Christmas Island', 'CX', 'CXR', '', ''),
(46, 'Cocos (Keeling) Islands', 'CC', 'CCK', '', ''),
(47, 'Colombia', 'CO', 'COL', '170', ''),
(48, 'Comoros', 'KM', 'COM', '174', ''),
(49, 'Congo', 'CG', 'COG', '178', ''),
(50, 'Cook Islands', 'CK', 'COK', '184', ''),
(51, 'Costa Rica', 'CR', 'CRI', '188', ''),
(52, 'Cote D''Ivoire', 'CI', 'CIV', '384', ''),
(53, 'Croatia', 'HR', 'HRV', '191', ''),
(54, 'Cuba', 'CU', 'CUB', '192', ''),
(55, 'Cyprus', 'CY', 'CYP', '196', ''),
(56, 'Czech Republic', 'CZ', 'CZE', '203', ''),
(57, 'Denmark', 'DK', 'DNK', '208', ''),
(58, 'Djibouti', 'DJ', 'DJI', '262', ''),
(59, 'Dominica', 'DM', 'DMA', '212', ''),
(60, 'Dominican Republic', 'DO', 'DOM', '214', ''),
(61, 'East Timor', 'TP', 'TMP', '626', ''),
(62, 'Ecuador', 'EC', 'ECU', '218', ''),
(63, 'Egypt', 'EG', 'EGY', '818', ''),
(64, 'El Salvador', 'SV', 'SLV', '222', ''),
(65, 'Equatorial Guinea', 'GQ', 'GNQ', '226', ''),
(66, 'Eritrea', 'ER', 'ERI', '232', ''),
(67, 'Estonia', 'EE', 'EST', '233', ''),
(68, 'Ethiopia', 'ET', 'ETH', '231', ''),
(69, 'Falkland Islands (Malvinas)', 'FK', 'FLK', '238', ''),
(70, 'Faroe Islands', 'FO', 'FRO', '234', ''),
(71, 'Fiji', 'FJ', 'FJI', '242', ''),
(72, 'Finland', 'FI', 'FIN', '246', ''),
(73, 'France', 'FR', 'FRA', '250', ''),
(74, 'France, Metropolitan', 'FX', 'FXX', '249', ''),
(75, 'French Guiana', 'GF', 'GUF', '254', ''),
(76, 'French Polynesia', 'PF', 'PYF', '258', ''),
(77, 'French Southern Territories', 'TF', 'ATF', '', ''),
(78, 'Gabon', 'GA', 'GAB', '266', ''),
(79, 'Gambia', 'GM', 'GMB', '270', ''),
(80, 'Georgia', 'GE', 'GEO', '268', ''),
(81, 'Germany', 'DE', 'DEU', '276', ''),
(82, 'Ghana', 'GH', 'GHA', '288', ''),
(83, 'Gibraltar', 'GI', 'GIB', '292', ''),
(84, 'Greece', 'GR', 'GRC', '300', ''),
(85, 'Greenland', 'GL', 'GRL', '304', ''),
(86, 'Grenada', 'GD', 'GRD', '308', ''),
(87, 'Guadeloupe', 'GP', 'GLP', '312', ''),
(88, 'Guam', 'GU', 'GUM', '316', ''),
(89, 'Guatemala', 'GT', 'GTM', '320', ''),
(90, 'Guinea', 'GN', 'GIN', '324', ''),
(91, 'Guinea-bissau', 'GW', 'GNB', '624', ''),
(92, 'Guyana', 'GY', 'GUY', '328', ''),
(93, 'Haiti', 'HT', 'HTI', '332', ''),
(94, 'Heard and Mc Donald Islands', 'HM', 'HMD', '', ''),
(95, 'Honduras', 'HN', 'HND', '340', ''),
(96, 'Hong Kong', 'HK', 'HKG', '344', ''),
(97, 'Hungary', 'HU', 'HUN', '348', ''),
(98, 'Iceland', 'IS', 'ISL', '352', ''),
(99, 'India', 'IN', 'IND', '356', ''),
(100, 'Indonesia', 'ID', 'IDN', '360', ''),
(101, 'Iran (Islamic Republic of)', 'IR', 'IRN', '364', ''),
(102, 'Iraq', 'IQ', 'IRQ', '368', ''),
(103, 'Ireland', 'IE', 'IRL', '372', ''),
(104, 'Israel', 'IL', 'ISR', '376', ''),
(105, 'Italy', 'IT', 'ITA', '380', ''),
(106, 'Jamaica', 'JM', 'JAM', '388', ''),
(107, 'Japan', 'JP', 'JPN', '392', ''),
(108, 'Jordan', 'JO', 'JOR', '400', ''),
(109, 'Kazakhstan', 'KZ', 'KAZ', '398', ''),
(110, 'Kenya', 'KE', 'KEN', '404', ''),
(111, 'Kiribati', 'KI', 'KIR', '296', ''),
(112, 'North Korea', 'KP', 'PRK', '408', ''),
(113, 'Korea, Republic of', 'KR', 'KOR', '410', ''),
(114, 'Kuwait', 'KW', 'KWT', '414', ''),
(115, 'Kyrgyzstan', 'KG', 'KGZ', '417', ''),
(116, 'Lao People''s Democratic Republic', 'LA', 'LAO', '418', ''),
(117, 'Latvia', 'LV', 'LVA', '428', ''),
(118, 'Lebanon', 'LB', 'LBN', '422', ''),
(119, 'Lesotho', 'LS', 'LSO', '426', ''),
(120, 'Liberia', 'LR', 'LBR', '430', ''),
(121, 'Libyan Arab Jamahiriya', 'LY', 'LBY', '434', ''),
(122, 'Liechtenstein', 'LI', 'LIE', '438', ''),
(123, 'Lithuania', 'LT', 'LTU', '440', ''),
(124, 'Luxembourg', 'LU', 'LUX', '442', ''),
(125, 'Macau', 'MO', 'MAC', '446', ''),
(126, 'Macedonia', 'MK', 'MKD', '807', ''),
(127, 'Madagascar', 'MG', 'MDG', '450', ''),
(128, 'Malawi', 'MW', 'MWI', '454', ''),
(129, 'Malaysia', 'MY', 'MYS', '458', ''),
(130, 'Maldives', 'MV', 'MDV', '462', ''),
(131, 'Mali', 'ML', 'MLI', '466', ''),
(132, 'Malta', 'MT', 'MLT', '470', ''),
(133, 'Marshall Islands', 'MH', 'MHL', '584', ''),
(134, 'Martinique', 'MQ', 'MTQ', '474', ''),
(135, 'Mauritania', 'MR', 'MRT', '478', ''),
(136, 'Mauritius', 'MU', 'MUS', '480', ''),
(137, 'Mayotte', 'YT', 'MYT', '', ''),
(138, 'Mexico', 'MX', 'MEX', '484', ''),
(139, 'Micronesia, Federated States of', 'FM', 'FSM', '583', ''),
(140, 'Moldova, Republic of', 'MD', 'MDA', '498', ''),
(141, 'Monaco', 'MC', 'MCO', '492', ''),
(142, 'Mongolia', 'MN', 'MNG', '496', ''),
(143, 'Montserrat', 'MS', 'MSR', '500', ''),
(144, 'Morocco', 'MA', 'MAR', '504', ''),
(145, 'Mozambique', 'MZ', 'MOZ', '508', ''),
(146, 'Myanmar', 'MM', 'MMR', '104', ''),
(147, 'Namibia', 'NA', 'NAM', '516', ''),
(148, 'Nauru', 'NR', 'NRU', '520', ''),
(149, 'Nepal', 'NP', 'NPL', '524', ''),
(150, 'Netherlands', 'NL', 'NLD', '528', ''),
(151, 'Netherlands Antilles', 'AN', 'ANT', '530', ''),
(152, 'New Caledonia', 'NC', 'NCL', '540', ''),
(153, 'New Zealand', 'NZ', 'NZL', '554', ''),
(154, 'Nicaragua', 'NI', 'NIC', '558', ''),
(155, 'Niger', 'NE', 'NER', '562', ''),
(156, 'Nigeria', 'NG', 'NGA', '566', ''),
(157, 'Niue', 'NU', 'NIU', '570', ''),
(158, 'Norfolk Island', 'NF', 'NFK', '574', ''),
(159, 'Northern Mariana Islands', 'MP', 'MNP', '580', ''),
(160, 'Norway', 'NO', 'NOR', '578', ''),
(161, 'Oman', 'OM', 'OMN', '512', ''),
(162, 'Pakistan', 'PK', 'PAK', '586', ''),
(163, 'Palau', 'PW', 'PLW', '585', ''),
(164, 'Panama', 'PA', 'PAN', '591', ''),
(165, 'Papua New Guinea', 'PG', 'PNG', '598', ''),
(166, 'Paraguay', 'PY', 'PRY', '600', ''),
(167, 'Peru', 'PE', 'PER', '604', ''),
(168, 'Philippines', 'PH', 'PHL', '608', ''),
(169, 'Pitcairn', 'PN', 'PCN', '612', ''),
(170, 'Poland', 'PL', 'POL', '616', ''),
(171, 'Portugal', 'PT', 'PRT', '620', ''),
(172, 'Puerto Rico', 'PR', 'PRI', '630', ''),
(173, 'Qatar', 'QA', 'QAT', '634', ''),
(174, 'Reunion', 'RE', 'REU', '638', ''),
(175, 'Romania', 'RO', 'ROM', '642', ''),
(176, 'Russian Federation', 'RU', 'RUS', '643', ''),
(177, 'Rwanda', 'RW', 'RWA', '646', ''),
(178, 'Saint Kitts and Nevis', 'KN', 'KNA', '659', ''),
(179, 'Saint Lucia', 'LC', 'LCA', '662', ''),
(180, 'Saint Vincent and the Grenadines', 'VC', 'VCT', '670', ''),
(181, 'Samoa', 'WS', 'WSM', '882', ''),
(182, 'San Marino', 'SM', 'SMR', '674', ''),
(183, 'Sao Tome and Principe', 'ST', 'STP', '678', ''),
(184, 'Saudi Arabia', 'SA', 'SAU', '682', ''),
(185, 'Senegal', 'SN', 'SEN', '686', ''),
(186, 'Seychelles', 'SC', 'SYC', '690', ''),
(187, 'Sierra Leone', 'SL', 'SLE', '694', ''),
(188, 'Singapore', 'SG', 'SGP', '702', ''),
(189, 'Slovakia (Slovak Republic)', 'SK', 'SVK', '703', ''),
(190, 'Slovenia', 'SI', 'SVN', '705', ''),
(191, 'Solomon Islands', 'SB', 'SLB', '090', ''),
(192, 'Somalia', 'SO', 'SOM', '706', ''),
(193, 'South Africa', 'ZA', 'ZAF', '710', ''),
(194, 'South Georgia &amp; South Sandwich Islands', 'GS', 'SGS', '', ''),
(195, 'Spain', 'ES', 'ESP', '724', ''),
(196, 'Sri Lanka', 'LK', 'LKA', '144', ''),
(197, 'St. Helena', 'SH', 'SHN', '654', ''),
(198, 'St. Pierre and Miquelon', 'PM', 'SPM', '666', ''),
(199, 'Sudan', 'SD', 'SDN', '736', ''),
(200, 'Suriname', 'SR', 'SUR', '740', ''),
(201, 'Svalbard and Jan Mayen Islands', 'SJ', 'SJM', '744', ''),
(202, 'Swaziland', 'SZ', 'SWZ', '748', ''),
(203, 'Sweden', 'SE', 'SWE', '752', ''),
(204, 'Switzerland', 'CH', 'CHE', '756', ''),
(205, 'Syrian Arab Republic', 'SY', 'SYR', '760', ''),
(206, 'Taiwan', 'TW', 'TWN', '158', ''),
(207, 'Tajikistan', 'TJ', 'TJK', '762', ''),
(208, 'Tanzania, United Republic of', 'TZ', 'TZA', '834', ''),
(209, 'Thailand', 'TH', 'THA', '764', ''),
(210, 'Togo', 'TG', 'TGO', '768', ''),
(211, 'Tokelau', 'TK', 'TKL', '772', ''),
(212, 'Tonga', 'TO', 'TON', '776', ''),
(213, 'Trinidad and Tobago', 'TT', 'TTO', '780', ''),
(214, 'Tunisia', 'TN', 'TUN', '788', ''),
(215, 'Turkey', 'TR', 'TUR', '792', ''),
(216, 'Turkmenistan', 'TM', 'TKM', '795', ''),
(217, 'Turks and Caicos Islands', 'TC', 'TCA', '796', ''),
(218, 'Tuvalu', 'TV', 'TUV', '798', ''),
(219, 'Uganda', 'UG', 'UGA', '800', ''),
(220, 'Ukraine', 'UA', 'UKR', '804', ''),
(221, 'United Arab Emirates', 'AE', 'ARE', '784', ''),
(222, 'United Kingdom', 'GB', 'GBR', '826', ''),
(223, 'United States', 'US', 'USA', '840', '{firstname} {lastname}\r\n{company}\r\n{address_1}\r\n{address_2}\r\n{city}, {zone} {postcode}\r\n{country}'),
(224, 'United States Minor Outlying Islands', 'UM', 'UMI', '', ''),
(225, 'Uruguay', 'UY', 'URY', '858', ''),
(226, 'Uzbekistan', 'UZ', 'UZB', '860', ''),
(227, 'Vanuatu', 'VU', 'VUT', '548', ''),
(228, 'Vatican City State (Holy See)', 'VA', 'VAT', '336', ''),
(229, 'Venezuela', 'VE', 'VEN', '862', ''),
(230, 'Viet Nam', 'VN', 'VNM', '704', ''),
(231, 'Virgin Islands (British)', 'VG', 'VGB', '092', ''),
(232, 'Virgin Islands (U.S.)', 'VI', 'VIR', '850', ''),
(233, 'Wallis and Futuna Islands', 'WF', 'WLF', '876', ''),
(234, 'Western Sahara', 'EH', 'ESH', '732', ''),
(235, 'Yemen', 'YE', 'YEM', '887', ''),
(236, 'Yugoslavia', 'YU', 'YUG', '890', ''),
(237, 'Zaire', 'ZR', 'ZAR', '180', ''),
(238, 'Zambia', 'ZM', 'ZMB', '894', ''),
(239, 'Zimbabwe', 'ZW', 'ZWE', '716', '');

-- --------------------------------------------------------

--
-- Tablo için tablo yapısı `e_ulke_bolgeleri`
--

CREATE TABLE IF NOT EXISTS `e_ulke_bolgeleri` (
  `bolge_id` int(11) NOT NULL AUTO_INCREMENT,
  `ulke_id` int(11) NOT NULL,
  `kod` varchar(32) NOT NULL DEFAULT '',
  `bolge_adi` varchar(128) NOT NULL,
  PRIMARY KEY (`bolge_id`),
  KEY `bolge_adi` (`bolge_adi`),
  KEY `kod` (`kod`),
  KEY `ulke_id` (`ulke_id`)
) ENGINE=MyISAM  DEFAULT CHARSET=utf8 AUTO_INCREMENT=3949 ;

--
-- Tablo döküm verisi `e_ulke_bolgeleri`
--

INSERT INTO `e_ulke_bolgeleri` (`bolge_id`, `ulke_id`, `kod`, `bolge_adi`) VALUES
(1, 1, 'BDS', 'Badakhshan'),
(2, 1, 'BDG', 'Badghis'),
(3, 1, 'BGL', 'Baghlan'),
(4, 1, 'BAL', 'Balkh'),
(5, 1, 'BAM', 'Bamian'),
(6, 1, 'FRA', 'Farah'),
(7, 1, 'FYB', 'Faryab'),
(8, 1, 'GHA', 'Ghazni'),
(9, 1, 'GHO', 'Ghowr'),
(10, 1, 'HEL', 'Helmand'),
(11, 1, 'HER', 'Herat'),
(12, 1, 'JOW', 'Jowzjan'),
(13, 1, 'KAB', 'Kabul'),
(14, 1, 'KAN', 'Kandahar'),
(15, 1, 'KAP', 'Kapisa'),
(16, 1, 'KHO', 'Khost'),
(17, 1, 'KNR', 'Konar'),
(18, 1, 'KDZ', 'Kondoz'),
(19, 1, 'LAG', 'Laghman'),
(20, 1, 'LOW', 'Lowgar'),
(21, 1, 'NAN', 'Nangrahar'),
(22, 1, 'NIM', 'Nimruz'),
(23, 1, 'NUR', 'Nurestan'),
(24, 1, 'ORU', 'Oruzgan'),
(25, 1, 'PIA', 'Paktia'),
(26, 1, 'PKA', 'Paktika'),
(27, 1, 'PAR', 'Parwan'),
(28, 1, 'SAM', 'Samangan'),
(29, 1, 'SAR', 'Sar-e Pol'),
(30, 1, 'TAK', 'Takhar'),
(31, 1, 'WAR', 'Wardak'),
(32, 1, 'ZAB', 'Zabol'),
(33, 2, 'BR', 'Berat'),
(34, 2, 'BU', 'Bulqize'),
(35, 2, 'DL', 'Delvine'),
(36, 2, 'DV', 'Devoll'),
(37, 2, 'DI', 'Diber'),
(38, 2, 'DR', 'Durres'),
(39, 2, 'EL', 'Elbasan'),
(40, 2, 'ER', 'Kolonje'),
(41, 2, 'FR', 'Fier'),
(42, 2, 'GJ', 'Gjirokaster'),
(43, 2, 'GR', 'Gramsh'),
(44, 2, 'HA', 'Has'),
(45, 2, 'KA', 'Kavaje'),
(46, 2, 'KB', 'Kurbin'),
(47, 2, 'KC', 'Kucove'),
(48, 2, 'KO', 'Korce'),
(49, 2, 'KR', 'Kruje'),
(50, 2, 'KU', 'Kukes'),
(51, 2, 'LB', 'Librazhd'),
(52, 2, 'LE', 'Lezhe'),
(53, 2, 'LU', 'Lushnje'),
(54, 2, 'MM', 'Malesi e Madhe'),
(55, 2, 'MK', 'Mallakaster'),
(56, 2, 'MT', 'Mat'),
(57, 2, 'MR', 'Mirdite'),
(58, 2, 'PQ', 'Peqin'),
(59, 2, 'PR', 'Permet'),
(60, 2, 'PG', 'Pogradec'),
(61, 2, 'PU', 'Puke'),
(62, 2, 'SH', 'Shkoder'),
(63, 2, 'SK', 'Skrapar'),
(64, 2, 'SR', 'Sarande'),
(65, 2, 'TE', 'Tepelene'),
(66, 2, 'TP', 'Tropoje'),
(67, 2, 'TR', 'Tirane'),
(68, 2, 'VL', 'Vlore'),
(69, 3, 'ADR', 'Adrar'),
(70, 3, 'ADE', 'Ain Defla'),
(71, 3, 'ATE', 'Ain Temouchent'),
(72, 3, 'ALG', 'Alger'),
(73, 3, 'ANN', 'Annaba'),
(74, 3, 'BAT', 'Batna'),
(75, 3, 'BEC', 'Bechar'),
(76, 3, 'BEJ', 'Bejaia'),
(77, 3, 'BIS', 'Biskra'),
(78, 3, 'BLI', 'Blida'),
(79, 3, 'BBA', 'Bordj Bou Arreridj'),
(80, 3, 'BOA', 'Bouira'),
(81, 3, 'BMD', 'Boumerdes'),
(82, 3, 'CHL', 'Chlef'),
(83, 3, 'CON', 'Constantine'),
(84, 3, 'DJE', 'Djelfa'),
(85, 3, 'EBA', 'El Bayadh'),
(86, 3, 'EOU', 'El Oued'),
(87, 3, 'ETA', 'El Tarf'),
(88, 3, 'GHA', 'Ghardaia'),
(89, 3, 'GUE', 'Guelma'),
(90, 3, 'ILL', 'Illizi'),
(91, 3, 'JIJ', 'Jijel'),
(92, 3, 'KHE', 'Khenchela'),
(93, 3, 'LAG', 'Laghouat'),
(94, 3, 'MUA', 'Muaskar'),
(95, 3, 'MED', 'Medea'),
(96, 3, 'MIL', 'Mila'),
(97, 3, 'MOS', 'Mostaganem'),
(98, 3, 'MSI', 'M''Sila'),
(99, 3, 'NAA', 'Naama'),
(100, 3, 'ORA', 'Oran'),
(101, 3, 'OUA', 'Ouargla'),
(102, 3, 'OEB', 'Oum el-Bouaghi'),
(103, 3, 'REL', 'Relizane'),
(104, 3, 'SAI', 'Saida'),
(105, 3, 'SET', 'Setif'),
(106, 3, 'SBA', 'Sidi Bel Abbes'),
(107, 3, 'SKI', 'Skikda'),
(108, 3, 'SAH', 'Souk Ahras'),
(109, 3, 'TAM', 'Tamanghasset'),
(110, 3, 'TEB', 'Tebessa'),
(111, 3, 'TIA', 'Tiaret'),
(112, 3, 'TIN', 'Tindouf'),
(113, 3, 'TIP', 'Tipaza'),
(114, 3, 'TIS', 'Tissemsilt'),
(115, 3, 'TOU', 'Tizi Ouzou'),
(116, 3, 'TLE', 'Tlemcen'),
(117, 4, 'E', 'Eastern'),
(118, 4, 'M', 'Manu''a'),
(119, 4, 'R', 'Rose Island'),
(120, 4, 'S', 'Swains Island'),
(121, 4, 'W', 'Western'),
(122, 5, 'ALV', 'Andorra la Vella'),
(123, 5, 'CAN', 'Canillo'),
(124, 5, 'ENC', 'Encamp'),
(125, 5, 'ESE', 'Escaldes-Engordany'),
(126, 5, 'LMA', 'La Massana'),
(127, 5, 'ORD', 'Ordino'),
(128, 5, 'SJL', 'Sant Julia de Loria'),
(129, 6, 'BGO', 'Bengo'),
(130, 6, 'BGU', 'Benguela'),
(131, 6, 'BIE', 'Bie'),
(132, 6, 'CAB', 'Cabinda'),
(133, 6, 'CCU', 'Cuando-Cubango'),
(134, 6, 'CNO', 'Cuanza Norte'),
(135, 6, 'CUS', 'Cuanza Sul'),
(136, 6, 'CNN', 'Cunene'),
(137, 6, 'HUA', 'Huambo'),
(138, 6, 'HUI', 'Huila'),
(139, 6, 'LUA', 'Luanda'),
(140, 6, 'LNO', 'Lunda Norte'),
(141, 6, 'LSU', 'Lunda Sul'),
(142, 6, 'MAL', 'Malange'),
(143, 6, 'MOX', 'Moxico'),
(144, 6, 'NAM', 'Namibe'),
(145, 6, 'UIG', 'Uige'),
(146, 6, 'ZAI', 'Zaire'),
(147, 9, 'ASG', 'Saint George'),
(148, 9, 'ASJ', 'Saint John'),
(149, 9, 'ASM', 'Saint Mary'),
(150, 9, 'ASL', 'Saint Paul'),
(151, 9, 'ASR', 'Saint Peter'),
(152, 9, 'ASH', 'Saint Philip'),
(153, 9, 'BAR', 'Barbuda'),
(154, 9, 'RED', 'Redonda'),
(155, 10, 'AN', 'Antartida e Islas del Atlantico'),
(156, 10, 'BA', 'Buenos Aires'),
(157, 10, 'CA', 'Catamarca'),
(158, 10, 'CH', 'Chaco'),
(159, 10, 'CU', 'Chubut'),
(160, 10, 'CO', 'Cordoba'),
(161, 10, 'CR', 'Corrientes'),
(162, 10, 'DF', 'Distrito Federal'),
(163, 10, 'ER', 'Entre Rios'),
(164, 10, 'FO', 'Formosa'),
(165, 10, 'JU', 'Jujuy'),
(166, 10, 'LP', 'La Pampa'),
(167, 10, 'LR', 'La Rioja'),
(168, 10, 'ME', 'Mendoza'),
(169, 10, 'MI', 'Misiones'),
(170, 10, 'NE', 'Neuquen'),
(171, 10, 'RN', 'Rio Negro'),
(172, 10, 'SA', 'Salta'),
(173, 10, 'SJ', 'San Juan'),
(174, 10, 'SL', 'San Luis'),
(175, 10, 'SC', 'Santa Cruz'),
(176, 10, 'SF', 'Santa Fe'),
(177, 10, 'SD', 'Santiago del Estero'),
(178, 10, 'TF', 'Tierra del Fuego'),
(179, 10, 'TU', 'Tucuman'),
(180, 11, 'AGT', 'Aragatsotn'),
(181, 11, 'ARR', 'Ararat'),
(182, 11, 'ARM', 'Armavir'),
(183, 11, 'GEG', 'Geghark''unik'''),
(184, 11, 'KOT', 'Kotayk'''),
(185, 11, 'LOR', 'Lorri'),
(186, 11, 'SHI', 'Shirak'),
(187, 11, 'SYU', 'Syunik'''),
(188, 11, 'TAV', 'Tavush'),
(189, 11, 'VAY', 'Vayots'' Dzor'),
(190, 11, 'YER', 'Yerevan'),
(191, 13, 'ACT', 'Australian Capital Territory'),
(192, 13, 'NSW', 'New South Wales'),
(193, 13, 'NT', 'Northern Territory'),
(194, 13, 'QLD', 'Queensland'),
(195, 13, 'SA', 'South Australia'),
(196, 13, 'TAS', 'Tasmania'),
(197, 13, 'VIC', 'Victoria'),
(198, 13, 'WA', 'Western Australia'),
(199, 14, 'BUR', 'Burgenland'),
(200, 14, 'KAR', 'Kärnten'),
(201, 14, 'NOS', 'Nieder&ouml;esterreich'),
(202, 14, 'OOS', 'Ober&ouml;esterreich'),
(203, 14, 'SAL', 'Salzburg'),
(204, 14, 'STE', 'Steiermark'),
(205, 14, 'TIR', 'Tirol'),
(206, 14, 'VOR', 'Vorarlberg'),
(207, 14, 'WIE', 'Wien'),
(208, 15, 'AB', 'Ali Bayramli'),
(209, 15, 'ABS', 'Abseron'),
(210, 15, 'AGC', 'AgcabAdi'),
(211, 15, 'AGM', 'Agdam'),
(212, 15, 'AGS', 'Agdas'),
(213, 15, 'AGA', 'Agstafa'),
(214, 15, 'AGU', 'Agsu'),
(215, 15, 'AST', 'Astara'),
(216, 15, 'BA', 'Baki'),
(217, 15, 'BAB', 'BabAk'),
(218, 15, 'BAL', 'BalakAn'),
(219, 15, 'BAR', 'BArdA'),
(220, 15, 'BEY', 'Beylaqan'),
(221, 15, 'BIL', 'Bilasuvar'),
(222, 15, 'CAB', 'Cabrayil'),
(223, 15, 'CAL', 'Calilabab'),
(224, 15, 'CUL', 'Culfa'),
(225, 15, 'DAS', 'Daskasan'),
(226, 15, 'DAV', 'Davaci'),
(227, 15, 'FUZ', 'Fuzuli'),
(228, 15, 'GA', 'Ganca'),
(229, 15, 'GAD', 'Gadabay'),
(230, 15, 'GOR', 'Goranboy'),
(231, 15, 'GOY', 'Goycay'),
(232, 15, 'HAC', 'Haciqabul'),
(233, 15, 'IMI', 'Imisli'),
(234, 15, 'ISM', 'Ismayilli'),
(235, 15, 'KAL', 'Kalbacar'),
(236, 15, 'KUR', 'Kurdamir'),
(237, 15, 'LA', 'Lankaran'),
(238, 15, 'LAC', 'Lacin'),
(239, 15, 'LAN', 'Lankaran'),
(240, 15, 'LER', 'Lerik'),
(241, 15, 'MAS', 'Masalli'),
(242, 15, 'MI', 'Mingacevir'),
(243, 15, 'NA', 'Naftalan'),
(244, 15, 'NEF', 'Neftcala'),
(245, 15, 'OGU', 'Oguz'),
(246, 15, 'ORD', 'Ordubad'),
(247, 15, 'QAB', 'Qabala'),
(248, 15, 'QAX', 'Qax'),
(249, 15, 'QAZ', 'Qazax'),
(250, 15, 'QOB', 'Qobustan'),
(251, 15, 'QBA', 'Quba'),
(252, 15, 'QBI', 'Qubadli'),
(253, 15, 'QUS', 'Qusar'),
(254, 15, 'SA', 'Saki'),
(255, 15, 'SAT', 'Saatli'),
(256, 15, 'SAB', 'Sabirabad'),
(257, 15, 'SAD', 'Sadarak'),
(258, 15, 'SAH', 'Sahbuz'),
(259, 15, 'SAK', 'Saki'),
(260, 15, 'SAL', 'Salyan'),
(261, 15, 'SM', 'Sumqayit'),
(262, 15, 'SMI', 'Samaxi'),
(263, 15, 'SKR', 'Samkir'),
(264, 15, 'SMX', 'Samux'),
(265, 15, 'SAR', 'Sarur'),
(266, 15, 'SIY', 'Siyazan'),
(267, 15, 'SS', 'Susa'),
(268, 15, 'SUS', 'Susa'),
(269, 15, 'TAR', 'Tartar'),
(270, 15, 'TOV', 'Tovuz'),
(271, 15, 'UCA', 'Ucar'),
(272, 15, 'XA', 'Xankandi'),
(273, 15, 'XAC', 'Xacmaz'),
(274, 15, 'XAN', 'Xanlar'),
(275, 15, 'XIZ', 'Xizi'),
(276, 15, 'XCI', 'Xocali'),
(277, 15, 'XVD', 'Xocavand'),
(278, 15, 'YAR', 'Yardimli'),
(279, 15, 'YEV', 'Yevlax'),
(280, 15, 'ZAN', 'Zangilan'),
(281, 15, 'ZAQ', 'Zaqatala'),
(282, 15, 'ZAR', 'Zardab'),
(283, 15, 'NX', 'Naxcivan'),
(284, 16, 'ACK', 'Acklins'),
(285, 16, 'BER', 'Berry Islands'),
(286, 16, 'BIM', 'Bimini'),
(287, 16, 'BLK', 'Black Point'),
(288, 16, 'CAT', 'Cat Island'),
(289, 16, 'CAB', 'Central Abaco'),
(290, 16, 'CAN', 'Central Andros'),
(291, 16, 'CEL', 'Central Eleuthera'),
(292, 16, 'FRE', 'City of Freeport'),
(293, 16, 'CRO', 'Crooked Island'),
(294, 16, 'EGB', 'East Grand Bahama'),
(295, 16, 'EXU', 'Exuma'),
(296, 16, 'GRD', 'Grand Cay'),
(297, 16, 'HAR', 'Harbour Island'),
(298, 16, 'HOP', 'Hope Town'),
(299, 16, 'INA', 'Inagua'),
(300, 16, 'LNG', 'Long Island'),
(301, 16, 'MAN', 'Mangrove Cay'),
(302, 16, 'MAY', 'Mayaguana'),
(303, 16, 'MOO', 'Moore''s Island'),
(304, 16, 'NAB', 'North Abaco'),
(305, 16, 'NAN', 'North Andros'),
(306, 16, 'NEL', 'North Eleuthera'),
(307, 16, 'RAG', 'Ragged Island'),
(308, 16, 'RUM', 'Rum Cay'),
(309, 16, 'SAL', 'San Salvador'),
(310, 16, 'SAB', 'South Abaco'),
(311, 16, 'SAN', 'South Andros'),
(312, 16, 'SEL', 'South Eleuthera'),
(313, 16, 'SWE', 'Spanish Wells'),
(314, 16, 'WGB', 'West Grand Bahama'),
(315, 17, 'CAP', 'Capital'),
(316, 17, 'CEN', 'Central'),
(317, 17, 'MUH', 'Muharraq'),
(318, 17, 'NOR', 'Northern'),
(319, 17, 'SOU', 'Southern'),
(320, 18, 'BAR', 'Barisal'),
(321, 18, 'CHI', 'Chittagong'),
(322, 18, 'DHA', 'Dhaka'),
(323, 18, 'KHU', 'Khulna'),
(324, 18, 'RAJ', 'Rajshahi'),
(325, 18, 'SYL', 'Sylhet'),
(326, 19, 'CC', 'Christ Church'),
(327, 19, 'AND', 'Saint Andrew'),
(328, 19, 'GEO', 'Saint George'),
(329, 19, 'JAM', 'Saint James'),
(330, 19, 'JOH', 'Saint John'),
(331, 19, 'JOS', 'Saint Joseph'),
(332, 19, 'LUC', 'Saint Lucy'),
(333, 19, 'MIC', 'Saint Michael'),
(334, 19, 'PET', 'Saint Peter'),
(335, 19, 'PHI', 'Saint Philip'),
(336, 19, 'THO', 'Saint Thomas'),
(337, 20, 'BR', 'Brestskaya (Brest)'),
(338, 20, 'HO', 'Homyel''skaya (Homyel'')'),
(339, 20, 'HM', 'Horad Minsk'),
(340, 20, 'HR', 'Hrodzyenskaya (Hrodna)'),
(341, 20, 'MA', 'Mahilyowskaya (Mahilyow)'),
(342, 20, 'MI', 'Minskaya'),
(343, 20, 'VI', 'Vitsyebskaya (Vitsyebsk)'),
(344, 21, 'VAN', 'Antwerpen'),
(345, 21, 'WBR', 'Brabant Wallon'),
(346, 21, 'WHT', 'Hainaut'),
(347, 21, 'WLG', 'Liege'),
(348, 21, 'VLI', 'Limburg'),
(349, 21, 'WLX', 'Luxembourg'),
(350, 21, 'WNA', 'Namur'),
(351, 21, 'VOV', 'Oost-Vlaanderen'),
(352, 21, 'VBR', 'Vlaams Brabant'),
(353, 21, 'VWV', 'West-Vlaanderen'),
(354, 22, 'BZ', 'Belize'),
(355, 22, 'CY', 'Cayo'),
(356, 22, 'CR', 'Corozal'),
(357, 22, 'OW', 'Orange Walk'),
(358, 22, 'SC', 'Stann Creek'),
(359, 22, 'TO', 'Toledo'),
(360, 23, 'AL', 'Alibori'),
(361, 23, 'AK', 'Atakora'),
(362, 23, 'AQ', 'Atlantique'),
(363, 23, 'BO', 'Borgou'),
(364, 23, 'CO', 'Collines'),
(365, 23, 'DO', 'Donga'),
(366, 23, 'KO', 'Kouffo'),
(367, 23, 'LI', 'Littoral'),
(368, 23, 'MO', 'Mono'),
(369, 23, 'OU', 'Oueme'),
(370, 23, 'PL', 'Plateau'),
(371, 23, 'ZO', 'Zou'),
(372, 24, 'DS', 'Devonshire'),
(373, 24, 'HC', 'Hamilton City'),
(374, 24, 'HA', 'Hamilton'),
(375, 24, 'PG', 'Paget'),
(376, 24, 'PB', 'Pembroke'),
(377, 24, 'GC', 'Saint George City'),
(378, 24, 'SG', 'Saint George''s'),
(379, 24, 'SA', 'Sandys'),
(380, 24, 'SM', 'Smith''s'),
(381, 24, 'SH', 'Southampton'),
(382, 24, 'WA', 'Warwick'),
(383, 25, 'BUM', 'Bumthang'),
(384, 25, 'CHU', 'Chukha'),
(385, 25, 'DAG', 'Dagana'),
(386, 25, 'GAS', 'Gasa'),
(387, 25, 'HAA', 'Haa'),
(388, 25, 'LHU', 'Lhuntse'),
(389, 25, 'MON', 'Mongar'),
(390, 25, 'PAR', 'Paro'),
(391, 25, 'PEM', 'Pemagatshel'),
(392, 25, 'PUN', 'Punakha'),
(393, 25, 'SJO', 'Samdrup Jongkhar'),
(394, 25, 'SAT', 'Samtse'),
(395, 25, 'SAR', 'Sarpang'),
(396, 25, 'THI', 'Thimphu'),
(397, 25, 'TRG', 'Trashigang'),
(398, 25, 'TRY', 'Trashiyangste'),
(399, 25, 'TRO', 'Trongsa'),
(400, 25, 'TSI', 'Tsirang'),
(401, 25, 'WPH', 'Wangdue Phodrang'),
(402, 25, 'ZHE', 'Zhemgang'),
(403, 26, 'BEN', 'Beni'),
(404, 26, 'CHU', 'Chuquisaca'),
(405, 26, 'COC', 'Cochabamba'),
(406, 26, 'LPZ', 'La Paz'),
(407, 26, 'ORU', 'Oruro'),
(408, 26, 'PAN', 'Pando'),
(409, 26, 'POT', 'Potosi'),
(410, 26, 'SCZ', 'Santa Cruz'),
(411, 26, 'TAR', 'Tarija'),
(412, 27, 'BRO', 'Brcko district'),
(413, 27, 'FUS', 'Unsko-Sanski Kanton'),
(414, 27, 'FPO', 'Posavski Kanton'),
(415, 27, 'FTU', 'Tuzlanski Kanton'),
(416, 27, 'FZE', 'Zenicko-Dobojski Kanton'),
(417, 27, 'FBP', 'Bosanskopodrinjski Kanton'),
(418, 27, 'FSB', 'Srednjebosanski Kanton'),
(419, 27, 'FHN', 'Hercegovacko-neretvanski Kanton'),
(420, 27, 'FZH', 'Zapadnohercegovacka Zupanija'),
(421, 27, 'FSA', 'Kanton Sarajevo'),
(422, 27, 'FZA', 'Zapadnobosanska'),
(423, 27, 'SBL', 'Banja Luka'),
(424, 27, 'SDO', 'Doboj'),
(425, 27, 'SBI', 'Bijeljina'),
(426, 27, 'SVL', 'Vlasenica'),
(427, 27, 'SSR', 'Sarajevo-Romanija or Sokolac'),
(428, 27, 'SFO', 'Foca'),
(429, 27, 'STR', 'Trebinje'),
(430, 28, 'CE', 'Central'),
(431, 28, 'GH', 'Ghanzi'),
(432, 28, 'KD', 'Kgalagadi'),
(433, 28, 'KT', 'Kgatleng'),
(434, 28, 'KW', 'Kweneng'),
(435, 28, 'NG', 'Ngamiland'),
(436, 28, 'NE', 'North East'),
(437, 28, 'NW', 'North West'),
(438, 28, 'SE', 'South East'),
(439, 28, 'SO', 'Southern'),
(440, 30, 'AC', 'Acre'),
(441, 30, 'AL', 'Alagoas'),
(442, 30, 'AP', 'Amapa'),
(443, 30, 'AM', 'Amazonas'),
(444, 30, 'BA', 'Bahia'),
(445, 30, 'CE', 'Ceara'),
(446, 30, 'DF', 'Distrito Federal'),
(447, 30, 'ES', 'Espirito Santo'),
(448, 30, 'GO', 'Goias'),
(449, 30, 'MA', 'Maranhao'),
(450, 30, 'MT', 'Mato Grosso'),
(451, 30, 'MS', 'Mato Grosso do Sul'),
(452, 30, 'MG', 'Minas Gerais'),
(453, 30, 'PA', 'Para'),
(454, 30, 'PB', 'Paraiba'),
(455, 30, 'PR', 'Parana'),
(456, 30, 'PE', 'Pernambuco'),
(457, 30, 'PI', 'Piaui'),
(458, 30, 'RJ', 'Rio de Janeiro'),
(459, 30, 'RN', 'Rio Grande do Norte'),
(460, 30, 'RS', 'Rio Grande do Sul'),
(461, 30, 'RO', 'Rondonia'),
(462, 30, 'RR', 'Roraima'),
(463, 30, 'SC', 'Santa Catarina'),
(464, 30, 'SP', 'Sao Paulo'),
(465, 30, 'SE', 'Sergipe'),
(466, 30, 'TO', 'Tocantins'),
(467, 31, 'PB', 'Peros Banhos'),
(468, 31, 'SI', 'Salomon Islands'),
(469, 31, 'NI', 'Nelsons Island'),
(470, 31, 'TB', 'Three Brothers'),
(471, 31, 'EA', 'Eagle Islands'),
(472, 31, 'DI', 'Danger Island'),
(473, 31, 'EG', 'Egmont Islands'),
(474, 31, 'DG', 'Diego Garcia'),
(475, 32, 'BEL', 'Belait'),
(476, 32, 'BRM', 'Brunei and Muara'),
(477, 32, 'TEM', 'Temburong'),
(478, 32, 'TUT', 'Tutong'),
(479, 33, '', 'Blagoevgrad'),
(480, 33, '', 'Burgas'),
(481, 33, '', 'Dobrich'),
(482, 33, '', 'Gabrovo'),
(483, 33, '', 'Haskovo'),
(484, 33, '', 'Kardjali'),
(485, 33, '', 'Kyustendil'),
(486, 33, '', 'Lovech'),
(487, 33, '', 'Montana'),
(488, 33, '', 'Pazardjik'),
(489, 33, '', 'Pernik'),
(490, 33, '', 'Pleven'),
(491, 33, '', 'Plovdiv'),
(492, 33, '', 'Razgrad'),
(493, 33, '', 'Shumen'),
(494, 33, '', 'Silistra'),
(495, 33, '', 'Sliven'),
(496, 33, '', 'Smolyan'),
(497, 33, '', 'Sofia'),
(498, 33, '', 'Sofia - town'),
(499, 33, '', 'Stara Zagora'),
(500, 33, '', 'Targovishte'),
(501, 33, '', 'Varna'),
(502, 33, '', 'Veliko Tarnovo'),
(503, 33, '', 'Vidin'),
(504, 33, '', 'Vratza'),
(505, 33, '', 'Yambol'),
(506, 34, 'BAL', 'Bale'),
(507, 34, 'BAM', 'Bam'),
(508, 34, 'BAN', 'Banwa'),
(509, 34, 'BAZ', 'Bazega'),
(510, 34, 'BOR', 'Bougouriba'),
(511, 34, 'BLG', 'Boulgou'),
(512, 34, 'BOK', 'Boulkiemde'),
(513, 34, 'COM', 'Comoe'),
(514, 34, 'GAN', 'Ganzourgou'),
(515, 34, 'GNA', 'Gnagna'),
(516, 34, 'GOU', 'Gourma'),
(517, 34, 'HOU', 'Houet'),
(518, 34, 'IOA', 'Ioba'),
(519, 34, 'KAD', 'Kadiogo'),
(520, 34, 'KEN', 'Kenedougou'),
(521, 34, 'KOD', 'Komondjari'),
(522, 34, 'KOP', 'Kompienga'),
(523, 34, 'KOS', 'Kossi'),
(524, 34, 'KOL', 'Koulpelogo'),
(525, 34, 'KOT', 'Kouritenga'),
(526, 34, 'KOW', 'Kourweogo'),
(527, 34, 'LER', 'Leraba'),
(528, 34, 'LOR', 'Loroum'),
(529, 34, 'MOU', 'Mouhoun'),
(530, 34, 'NAH', 'Nahouri'),
(531, 34, 'NAM', 'Namentenga'),
(532, 34, 'NAY', 'Nayala'),
(533, 34, 'NOU', 'Noumbiel'),
(534, 34, 'OUB', 'Oubritenga'),
(535, 34, 'OUD', 'Oudalan'),
(536, 34, 'PAS', 'Passore'),
(537, 34, 'PON', 'Poni'),
(538, 34, 'SAG', 'Sanguie'),
(539, 34, 'SAM', 'Sanmatenga'),
(540, 34, 'SEN', 'Seno'),
(541, 34, 'SIS', 'Sissili'),
(542, 34, 'SOM', 'Soum'),
(543, 34, 'SOR', 'Sourou'),
(544, 34, 'TAP', 'Tapoa'),
(545, 34, 'TUY', 'Tuy'),
(546, 34, 'YAG', 'Yagha'),
(547, 34, 'YAT', 'Yatenga'),
(548, 34, 'ZIR', 'Ziro'),
(549, 34, 'ZOD', 'Zondoma'),
(550, 34, 'ZOW', 'Zoundweogo'),
(551, 35, 'BB', 'Bubanza'),
(552, 35, 'BJ', 'Bujumbura'),
(553, 35, 'BR', 'Bururi'),
(554, 35, 'CA', 'Cankuzo'),
(555, 35, 'CI', 'Cibitoke'),
(556, 35, 'GI', 'Gitega'),
(557, 35, 'KR', 'Karuzi'),
(558, 35, 'KY', 'Kayanza'),
(559, 35, 'KI', 'Kirundo'),
(560, 35, 'MA', 'Makamba'),
(561, 35, 'MU', 'Muramvya'),
(562, 35, 'MY', 'Muyinga'),
(563, 35, 'MW', 'Mwaro'),
(564, 35, 'NG', 'Ngozi'),
(565, 35, 'RT', 'Rutana'),
(566, 35, 'RY', 'Ruyigi'),
(567, 36, 'PP', 'Phnom Penh'),
(568, 36, 'PS', 'Preah Seihanu (Kompong Som or Sihanoukville)'),
(569, 36, 'PA', 'Pailin'),
(570, 36, 'KB', 'Keb'),
(571, 36, 'BM', 'Banteay Meanchey'),
(572, 36, 'BA', 'Battambang'),
(573, 36, 'KM', 'Kampong Cham'),
(574, 36, 'KN', 'Kampong Chhnang'),
(575, 36, 'KU', 'Kampong Speu'),
(576, 36, 'KO', 'Kampong Som'),
(577, 36, 'KT', 'Kampong Thom'),
(578, 36, 'KP', 'Kampot'),
(579, 36, 'KL', 'Kandal'),
(580, 36, 'KK', 'Kaoh Kong'),
(581, 36, 'KR', 'Kratie'),
(582, 36, 'MK', 'Mondul Kiri'),
(583, 36, 'OM', 'Oddar Meancheay'),
(584, 36, 'PU', 'Pursat'),
(585, 36, 'PR', 'Preah Vihear'),
(586, 36, 'PG', 'Prey Veng'),
(587, 36, 'RK', 'Ratanak Kiri'),
(588, 36, 'SI', 'Siemreap'),
(589, 36, 'ST', 'Stung Treng'),
(590, 36, 'SR', 'Svay Rieng'),
(591, 36, 'TK', 'Takeo'),
(592, 37, 'ADA', 'Adamawa (Adamaoua)'),
(593, 37, 'CEN', 'Centre'),
(594, 37, 'EST', 'East (Est)'),
(595, 37, 'EXN', 'Extreme North (Extreme-Nord)'),
(596, 37, 'LIT', 'Littoral'),
(597, 37, 'NOR', 'North (Nord)'),
(598, 37, 'NOT', 'Northwest (Nord-Ouest)'),
(599, 37, 'OUE', 'West (Ouest)'),
(600, 37, 'SUD', 'South (Sud)'),
(601, 37, 'SOU', 'Southwest (Sud-Ouest).'),
(602, 38, 'AB', 'Alberta'),
(603, 38, 'BC', 'British Columbia'),
(604, 38, 'MB', 'Manitoba'),
(605, 38, 'NB', 'New Brunswick'),
(606, 38, 'NL', 'Newfoundland and Labrador'),
(607, 38, 'NT', 'Northwest Territories'),
(608, 38, 'NS', 'Nova Scotia'),
(609, 38, 'NU', 'Nunavut'),
(610, 38, 'ON', 'Ontario'),
(611, 38, 'PE', 'Prince Edward Island'),
(612, 38, 'QC', 'Qu&eacute;bec'),
(613, 38, 'SK', 'Saskatchewan'),
(614, 38, 'YT', 'Yukon Territory'),
(615, 39, 'BV', 'Boa Vista'),
(616, 39, 'BR', 'Brava'),
(617, 39, 'CS', 'Calheta de Sao Miguel'),
(618, 39, 'MA', 'Maio'),
(619, 39, 'MO', 'Mosteiros'),
(620, 39, 'PA', 'Paul'),
(621, 39, 'PN', 'Porto Novo'),
(622, 39, 'PR', 'Praia'),
(623, 39, 'RG', 'Ribeira Grande'),
(624, 39, 'SL', 'Sal'),
(625, 39, 'CA', 'Santa Catarina'),
(626, 39, 'CR', 'Santa Cruz'),
(627, 39, 'SD', 'Sao Domingos'),
(628, 39, 'SF', 'Sao Filipe'),
(629, 39, 'SN', 'Sao Nicolau'),
(630, 39, 'SV', 'Sao Vicente'),
(631, 39, 'TA', 'Tarrafal'),
(632, 40, 'CR', 'Creek'),
(633, 40, 'EA', 'Eastern'),
(634, 40, 'ML', 'Midland'),
(635, 40, 'ST', 'South Town'),
(636, 40, 'SP', 'Spot Bay'),
(637, 40, 'SK', 'Stake Bay'),
(638, 40, 'WD', 'West End'),
(639, 40, 'WN', 'Western'),
(640, 41, 'BBA', 'Bamingui-Bangoran'),
(641, 41, 'BKO', 'Basse-Kotto'),
(642, 41, 'HKO', 'Haute-Kotto'),
(643, 41, 'HMB', 'Haut-Mbomou'),
(644, 41, 'KEM', 'Kemo'),
(645, 41, 'LOB', 'Lobaye'),
(646, 41, 'MKD', 'Mambere-KadeÔ'),
(647, 41, 'MBO', 'Mbomou'),
(648, 41, 'NMM', 'Nana-Mambere'),
(649, 41, 'OMP', 'Ombella-M''Poko'),
(650, 41, 'OUK', 'Ouaka'),
(651, 41, 'OUH', 'Ouham'),
(652, 41, 'OPE', 'Ouham-Pende'),
(653, 41, 'VAK', 'Vakaga'),
(654, 41, 'NGR', 'Nana-Grebizi'),
(655, 41, 'SMB', 'Sangha-Mbaere'),
(656, 41, 'BAN', 'Bangui'),
(657, 42, 'BA', 'Batha'),
(658, 42, 'BI', 'Biltine'),
(659, 42, 'BE', 'Borkou-Ennedi-Tibesti'),
(660, 42, 'CB', 'Chari-Baguirmi'),
(661, 42, 'GU', 'Guera'),
(662, 42, 'KA', 'Kanem'),
(663, 42, 'LA', 'Lac'),
(664, 42, 'LC', 'Logone Occidental'),
(665, 42, 'LR', 'Logone Oriental'),
(666, 42, 'MK', 'Mayo-Kebbi'),
(667, 42, 'MC', 'Moyen-Chari'),
(668, 42, 'OU', 'Ouaddai'),
(669, 42, 'SA', 'Salamat'),
(670, 42, 'TA', 'Tandjile'),
(671, 43, 'AI', 'Aisen del General Carlos Ibanez'),
(672, 43, 'AN', 'Antofagasta'),
(673, 43, 'AR', 'Araucania'),
(674, 43, 'AT', 'Atacama'),
(675, 43, 'BI', 'Bio-Bio'),
(676, 43, 'CO', 'Coquimbo'),
(677, 43, 'LI', 'Libertador General Bernardo O''Hi'),
(678, 43, 'LL', 'Los Lagos'),
(679, 43, 'MA', 'Magallanes y de la Antartica Chi'),
(680, 43, 'ML', 'Maule'),
(681, 43, 'RM', 'Region Metropolitana'),
(682, 43, 'TA', 'Tarapaca'),
(683, 43, 'VS', 'Valparaiso'),
(684, 44, 'AN', 'Anhui'),
(685, 44, 'BE', 'Beijing'),
(686, 44, 'CH', 'Chongqing'),
(687, 44, 'FU', 'Fujian'),
(688, 44, 'GA', 'Gansu'),
(689, 44, 'GU', 'Guangdong'),
(690, 44, 'GX', 'Guangxi'),
(691, 44, 'GZ', 'Guizhou'),
(692, 44, 'HA', 'Hainan'),
(693, 44, 'HB', 'Hebei'),
(694, 44, 'HL', 'Heilongjiang'),
(695, 44, 'HE', 'Henan'),
(696, 44, 'HK', 'Hong Kong'),
(697, 44, 'HU', 'Hubei'),
(698, 44, 'HN', 'Hunan'),
(699, 44, 'IM', 'Inner Mongolia'),
(700, 44, 'JI', 'Jiangsu'),
(701, 44, 'JX', 'Jiangxi'),
(702, 44, 'JL', 'Jilin'),
(703, 44, 'LI', 'Liaoning'),
(704, 44, 'MA', 'Macau'),
(705, 44, 'NI', 'Ningxia'),
(706, 44, 'SH', 'Shaanxi'),
(707, 44, 'SA', 'Shandong'),
(708, 44, 'SG', 'Shanghai'),
(709, 44, 'SX', 'Shanxi'),
(710, 44, 'SI', 'Sichuan'),
(711, 44, 'TI', 'Tianjin'),
(712, 44, 'XI', 'Xinjiang'),
(713, 44, 'YU', 'Yunnan'),
(714, 44, 'ZH', 'Zhejiang'),
(715, 46, 'D', 'Direction Island'),
(716, 46, 'H', 'Home Island'),
(717, 46, 'O', 'Horsburgh Island'),
(718, 46, 'S', 'South Island'),
(719, 46, 'W', 'West Island'),
(720, 47, 'AMZ', 'Amazonas'),
(721, 47, 'ANT', 'Antioquia'),
(722, 47, 'ARA', 'Arauca'),
(723, 47, 'ATL', 'Atlantico'),
(724, 47, 'BDC', 'Bogota D.C.'),
(725, 47, 'BOL', 'Bolivar'),
(726, 47, 'BOY', 'Boyaca'),
(727, 47, 'CAL', 'Caldas'),
(728, 47, 'CAQ', 'Caqueta'),
(729, 47, 'CAS', 'Casanare'),
(730, 47, 'CAU', 'Cauca'),
(731, 47, 'CES', 'Cesar'),
(732, 47, 'CHO', 'Choco'),
(733, 47, 'COR', 'Cordoba'),
(734, 47, 'CAM', 'Cundinamarca'),
(735, 47, 'GNA', 'Guainia'),
(736, 47, 'GJR', 'Guajira'),
(737, 47, 'GVR', 'Guaviare'),
(738, 47, 'HUI', 'Huila'),
(739, 47, 'MAG', 'Magdalena'),
(740, 47, 'MET', 'Meta'),
(741, 47, 'NAR', 'Narino'),
(742, 47, 'NDS', 'Norte de Santander'),
(743, 47, 'PUT', 'Putumayo'),
(744, 47, 'QUI', 'Quindio'),
(745, 47, 'RIS', 'Risaralda'),
(746, 47, 'SAP', 'San Andres y Providencia'),
(747, 47, 'SAN', 'Santander'),
(748, 47, 'SUC', 'Sucre'),
(749, 47, 'TOL', 'Tolima'),
(750, 47, 'VDC', 'Valle del Cauca'),
(751, 47, 'VAU', 'Vaupes'),
(752, 47, 'VIC', 'Vichada'),
(753, 48, 'G', 'Grande Comore'),
(754, 48, 'A', 'Anjouan'),
(755, 48, 'M', 'Moheli'),
(756, 49, 'BO', 'Bouenza'),
(757, 49, 'BR', 'Brazzaville'),
(758, 49, 'CU', 'Cuvette'),
(759, 49, 'CO', 'Cuvette-Ouest'),
(760, 49, 'KO', 'Kouilou'),
(761, 49, 'LE', 'Lekoumou'),
(762, 49, 'LI', 'Likouala'),
(763, 49, 'NI', 'Niari'),
(764, 49, 'PL', 'Plateaux'),
(765, 49, 'PO', 'Pool'),
(766, 49, 'SA', 'Sangha'),
(767, 50, 'PU', 'Pukapuka'),
(768, 50, 'RK', 'Rakahanga'),
(769, 50, 'MK', 'Manihiki'),
(770, 50, 'PE', 'Penrhyn'),
(771, 50, 'NI', 'Nassau Island'),
(772, 50, 'SU', 'Surwarrow'),
(773, 50, 'PA', 'Palmerston'),
(774, 50, 'AI', 'Aitutaki'),
(775, 50, 'MA', 'Manuae'),
(776, 50, 'TA', 'Takutea'),
(777, 50, 'MT', 'Mitiaro'),
(778, 50, 'AT', 'Atiu'),
(779, 50, 'MU', 'Mauke'),
(780, 50, 'RR', 'Rarotonga'),
(781, 50, 'MG', 'Mangaia'),
(782, 51, 'AL', 'Alajuela'),
(783, 51, 'CA', 'Cartago'),
(784, 51, 'GU', 'Guanacaste'),
(785, 51, 'HE', 'Heredia'),
(786, 51, 'LI', 'Limon'),
(787, 51, 'PU', 'Puntarenas'),
(788, 51, 'SJ', 'San Jose'),
(789, 52, 'ABE', 'Abengourou'),
(790, 52, 'ABI', 'Abidjan'),
(791, 52, 'ABO', 'Aboisso'),
(792, 52, 'ADI', 'Adiake'),
(793, 52, 'ADZ', 'Adzope'),
(794, 52, 'AGB', 'Agboville'),
(795, 52, 'AGN', 'Agnibilekrou'),
(796, 52, 'ALE', 'Alepe'),
(797, 52, 'BOC', 'Bocanda'),
(798, 52, 'BAN', 'Bangolo'),
(799, 52, 'BEO', 'Beoumi'),
(800, 52, 'BIA', 'Biankouma'),
(801, 52, 'BDK', 'Bondoukou'),
(802, 52, 'BGN', 'Bongouanou'),
(803, 52, 'BFL', 'Bouafle'),
(804, 52, 'BKE', 'Bouake'),
(805, 52, 'BNA', 'Bouna'),
(806, 52, 'BDL', 'Boundiali'),
(807, 52, 'DKL', 'Dabakala'),
(808, 52, 'DBU', 'Dabou'),
(809, 52, 'DAL', 'Daloa'),
(810, 52, 'DAN', 'Danane'),
(811, 52, 'DAO', 'Daoukro'),
(812, 52, 'DIM', 'Dimbokro'),
(813, 52, 'DIV', 'Divo'),
(814, 52, 'DUE', 'Duekoue'),
(815, 52, 'FER', 'Ferkessedougou'),
(816, 52, 'GAG', 'Gagnoa'),
(817, 52, 'GBA', 'Grand-Bassam'),
(818, 52, 'GLA', 'Grand-Lahou'),
(819, 52, 'GUI', 'Guiglo'),
(820, 52, 'ISS', 'Issia'),
(821, 52, 'JAC', 'Jacqueville'),
(822, 52, 'KAT', 'Katiola'),
(823, 52, 'KOR', 'Korhogo'),
(824, 52, 'LAK', 'Lakota'),
(825, 52, 'MAN', 'Man'),
(826, 52, 'MKN', 'Mankono'),
(827, 52, 'MBA', 'Mbahiakro'),
(828, 52, 'ODI', 'Odienne'),
(829, 52, 'OUM', 'Oume'),
(830, 52, 'SAK', 'Sakassou'),
(831, 52, 'SPE', 'San-Pedro'),
(832, 52, 'SAS', 'Sassandra'),
(833, 52, 'SEG', 'Seguela'),
(834, 52, 'SIN', 'Sinfra'),
(835, 52, 'SOU', 'Soubre'),
(836, 52, 'TAB', 'Tabou'),
(837, 52, 'TAN', 'Tanda'),
(838, 52, 'TIE', 'Tiebissou'),
(839, 52, 'TIN', 'Tingrela'),
(840, 52, 'TIA', 'Tiassale'),
(841, 52, 'TBA', 'Touba'),
(842, 52, 'TLP', 'Toulepleu'),
(843, 52, 'TMD', 'Toumodi'),
(844, 52, 'VAV', 'Vavoua'),
(845, 52, 'YAM', 'Yamoussoukro'),
(846, 52, 'ZUE', 'Zuenoula'),
(847, 53, 'BB', 'Bjelovar-Bilogora'),
(848, 53, 'CZ', 'City of Zagreb'),
(849, 53, 'DN', 'Dubrovnik-Neretva'),
(850, 53, 'IS', 'Istra'),
(851, 53, 'KA', 'Karlovac'),
(852, 53, 'KK', 'Koprivnica-Krizevci'),
(853, 53, 'KZ', 'Krapina-Zagorje'),
(854, 53, 'LS', 'Lika-Senj'),
(855, 53, 'ME', 'Medimurje'),
(856, 53, 'OB', 'Osijek-Baranja'),
(857, 53, 'PS', 'Pozega-Slavonia'),
(858, 53, 'PG', 'Primorje-Gorski Kotar'),
(859, 53, 'SI', 'Sibenik'),
(860, 53, 'SM', 'Sisak-Moslavina'),
(861, 53, 'SB', 'Slavonski Brod-Posavina'),
(862, 53, 'SD', 'Split-Dalmatia'),
(863, 53, 'VA', 'Varazdin'),
(864, 53, 'VP', 'Virovitica-Podravina'),
(865, 53, 'VS', 'Vukovar-Srijem'),
(866, 53, 'ZK', 'Zadar-Knin'),
(867, 53, 'ZA', 'Zagreb'),
(868, 54, 'CA', 'Camaguey'),
(869, 54, 'CD', 'Ciego de Avila'),
(870, 54, 'CI', 'Cienfuegos'),
(871, 54, 'CH', 'Ciudad de La Habana'),
(872, 54, 'GR', 'Granma'),
(873, 54, 'GU', 'Guantanamo'),
(874, 54, 'HO', 'Holguin'),
(875, 54, 'IJ', 'Isla de la Juventud'),
(876, 54, 'LH', 'La Habana'),
(877, 54, 'LT', 'Las Tunas'),
(878, 54, 'MA', 'Matanzas'),
(879, 54, 'PR', 'Pinar del Rio'),
(880, 54, 'SS', 'Sancti Spiritus'),
(881, 54, 'SC', 'Santiago de Cuba'),
(882, 54, 'VC', 'Villa Clara'),
(883, 55, 'F', 'Famagusta'),
(884, 55, 'K', 'Kyrenia'),
(885, 55, 'A', 'Larnaca'),
(886, 55, 'I', 'Limassol'),
(887, 55, 'N', 'Nicosia'),
(888, 55, 'P', 'Paphos'),
(889, 56, 'U', 'Ustecky'),
(890, 56, 'C', 'Jihocesky'),
(891, 56, 'B', 'Jihomoravsky'),
(892, 56, 'K', 'Karlovarsky'),
(893, 56, 'H', 'Kralovehradecky'),
(894, 56, 'L', 'Liberecky'),
(895, 56, 'T', 'Moravskoslezsky'),
(896, 56, 'M', 'Olomoucky'),
(897, 56, 'E', 'Pardubicky'),
(898, 56, 'P', 'Plzensky'),
(899, 56, 'A', 'Praha'),
(900, 56, 'S', 'Stredocesky'),
(901, 56, 'J', 'Vysocina'),
(902, 56, 'Z', 'Zlinsky'),
(903, 57, 'AR', 'Arhus'),
(904, 57, 'BH', 'Bornholm'),
(905, 57, 'CO', 'Copenhagen'),
(906, 57, 'FO', 'Faroe Islands'),
(907, 57, 'FR', 'Frederiksborg'),
(908, 57, 'FY', 'Fyn'),
(909, 57, 'KO', 'Kobenhavn'),
(910, 57, 'NO', 'Nordjylland'),
(911, 57, 'RI', 'Ribe'),
(912, 57, 'RK', 'Ringkobing'),
(913, 57, 'RO', 'Roskilde'),
(914, 57, 'SO', 'Sonderjylland'),
(915, 57, 'ST', 'Storstrom'),
(916, 57, 'VK', 'Vejle'),
(917, 57, 'VJ', 'Vestj&aelig;lland'),
(918, 57, 'VB', 'Viborg'),
(919, 58, 'S', '''Ali Sabih'),
(920, 58, 'K', 'Dikhil'),
(921, 58, 'J', 'Djibouti'),
(922, 58, 'O', 'Obock'),
(923, 58, 'T', 'Tadjoura'),
(924, 59, 'AND', 'Saint Andrew Parish'),
(925, 59, 'DAV', 'Saint David Parish'),
(926, 59, 'GEO', 'Saint George Parish'),
(927, 59, 'JOH', 'Saint John Parish'),
(928, 59, 'JOS', 'Saint Joseph Parish'),
(929, 59, 'LUK', 'Saint Luke Parish'),
(930, 59, 'MAR', 'Saint Mark Parish'),
(931, 59, 'PAT', 'Saint Patrick Parish'),
(932, 59, 'PAU', 'Saint Paul Parish'),
(933, 59, 'PET', 'Saint Peter Parish'),
(934, 60, 'DN', 'Distrito Nacional'),
(935, 60, 'AZ', 'Azua'),
(936, 60, 'BC', 'Baoruco'),
(937, 60, 'BH', 'Barahona'),
(938, 60, 'DJ', 'Dajabon'),
(939, 60, 'DU', 'Duarte'),
(940, 60, 'EL', 'Elias Pina'),
(941, 60, 'SY', 'El Seybo'),
(942, 60, 'ET', 'Espaillat'),
(943, 60, 'HM', 'Hato Mayor'),
(944, 60, 'IN', 'Independencia'),
(945, 60, 'AL', 'La Altagracia'),
(946, 60, 'RO', 'La Romana'),
(947, 60, 'VE', 'La Vega'),
(948, 60, 'MT', 'Maria Trinidad Sanchez'),
(949, 60, 'MN', 'Monsenor Nouel'),
(950, 60, 'MC', 'Monte Cristi'),
(951, 60, 'MP', 'Monte Plata'),
(952, 60, 'PD', 'Pedernales'),
(953, 60, 'PR', 'Peravia (Bani)'),
(954, 60, 'PP', 'Puerto Plata'),
(955, 60, 'SL', 'Salcedo'),
(956, 60, 'SM', 'Samana'),
(957, 60, 'SH', 'Sanchez Ramirez'),
(958, 60, 'SC', 'San Cristobal'),
(959, 60, 'JO', 'San Jose de Ocoa'),
(960, 60, 'SJ', 'San Juan'),
(961, 60, 'PM', 'San Pedro de Macoris'),
(962, 60, 'SA', 'Santiago'),
(963, 60, 'ST', 'Santiago Rodriguez'),
(964, 60, 'SD', 'Santo Domingo'),
(965, 60, 'VA', 'Valverde'),
(966, 61, 'AL', 'Aileu'),
(967, 61, 'AN', 'Ainaro'),
(968, 61, 'BA', 'Baucau'),
(969, 61, 'BO', 'Bobonaro'),
(970, 61, 'CO', 'Cova Lima'),
(971, 61, 'DI', 'Dili'),
(972, 61, 'ER', 'Ermera'),
(973, 61, 'LA', 'Lautem'),
(974, 61, 'LI', 'Liquica'),
(975, 61, 'MT', 'Manatuto'),
(976, 61, 'MF', 'Manufahi'),
(977, 61, 'OE', 'Oecussi'),
(978, 61, 'VI', 'Viqueque'),
(979, 62, 'AZU', 'Azuay'),
(980, 62, 'BOL', 'Bolivar'),
(981, 62, 'CAN', 'Ca&ntilde;ar'),
(982, 62, 'CAR', 'Carchi'),
(983, 62, 'CHI', 'Chimborazo'),
(984, 62, 'COT', 'Cotopaxi'),
(985, 62, 'EOR', 'El Oro'),
(986, 62, 'ESM', 'Esmeraldas'),
(987, 62, 'GPS', 'Gal&aacute;pagos'),
(988, 62, 'GUA', 'Guayas'),
(989, 62, 'IMB', 'Imbabura'),
(990, 62, 'LOJ', 'Loja'),
(991, 62, 'LRO', 'Los Rios'),
(992, 62, 'MAN', 'Manab&iacute;'),
(993, 62, 'MSA', 'Morona Santiago'),
(994, 62, 'NAP', 'Napo'),
(995, 62, 'ORE', 'Orellana'),
(996, 62, 'PAS', 'Pastaza'),
(997, 62, 'PIC', 'Pichincha'),
(998, 62, 'SUC', 'Sucumb&iacute;os'),
(999, 62, 'TUN', 'Tungurahua'),
(1000, 62, 'ZCH', 'Zamora Chinchipe'),
(1001, 63, 'DHY', 'Ad Daqahliyah'),
(1002, 63, 'BAM', 'Al Bahr al Ahmar'),
(1003, 63, 'BHY', 'Al Buhayrah'),
(1004, 63, 'FYM', 'Al Fayyum'),
(1005, 63, 'GBY', 'Al Gharbiyah'),
(1006, 63, 'IDR', 'Al Iskandariyah'),
(1007, 63, 'IML', 'Al Isma''iliyah'),
(1008, 63, 'JZH', 'Al Jizah'),
(1009, 63, 'MFY', 'Al Minufiyah'),
(1010, 63, 'MNY', 'Al Minya'),
(1011, 63, 'QHR', 'Al Qahirah'),
(1012, 63, 'QLY', 'Al Qalyubiyah'),
(1013, 63, 'WJD', 'Al Wadi al Jadid'),
(1014, 63, 'SHQ', 'Ash Sharqiyah'),
(1015, 63, 'SWY', 'As Suways'),
(1016, 63, 'ASW', 'Aswan'),
(1017, 63, 'ASY', 'Asyut'),
(1018, 63, 'BSW', 'Bani Suwayf'),
(1019, 63, 'BSD', 'Bur Sa''id'),
(1020, 63, 'DMY', 'Dumyat'),
(1021, 63, 'JNS', 'Janub Sina'''),
(1022, 63, 'KSH', 'Kafr ash Shaykh'),
(1023, 63, 'MAT', 'Matruh'),
(1024, 63, 'QIN', 'Qina'),
(1025, 63, 'SHS', 'Shamal Sina'''),
(1026, 63, 'SUH', 'Suhaj'),
(1027, 64, 'AH', 'Ahuachapan'),
(1028, 64, 'CA', 'Cabanas'),
(1029, 64, 'CH', 'Chalatenango'),
(1030, 64, 'CU', 'Cuscatlan'),
(1031, 64, 'LB', 'La Libertad'),
(1032, 64, 'PZ', 'La Paz'),
(1033, 64, 'UN', 'La Union'),
(1034, 64, 'MO', 'Morazan'),
(1035, 64, 'SM', 'San Miguel'),
(1036, 64, 'SS', 'San Salvador'),
(1037, 64, 'SV', 'San Vicente'),
(1038, 64, 'SA', 'Santa Ana'),
(1039, 64, 'SO', 'Sonsonate'),
(1040, 64, 'US', 'Usulutan'),
(1041, 65, 'AN', 'Provincia Annobon'),
(1042, 65, 'BN', 'Provincia Bioko Norte'),
(1043, 65, 'BS', 'Provincia Bioko Sur'),
(1044, 65, 'CS', 'Provincia Centro Sur'),
(1045, 65, 'KN', 'Provincia Kie-Ntem'),
(1046, 65, 'LI', 'Provincia Litoral'),
(1047, 65, 'WN', 'Provincia Wele-Nzas'),
(1048, 66, 'MA', 'Central (Maekel)'),
(1049, 66, 'KE', 'Anseba (Keren)'),
(1050, 66, 'DK', 'Southern Red Sea (Debub-Keih-Bahri)'),
(1051, 66, 'SK', 'Northern Red Sea (Semien-Keih-Bahri)'),
(1052, 66, 'DE', 'Southern (Debub)'),
(1053, 66, 'BR', 'Gash-Barka (Barentu)'),
(1054, 67, 'HA', 'Harjumaa (Tallinn)'),
(1055, 67, 'HI', 'Hiiumaa (Kardla)'),
(1056, 67, 'IV', 'Ida-Virumaa (Johvi)'),
(1057, 67, 'JA', 'Jarvamaa (Paide)'),
(1058, 67, 'JO', 'Jogevamaa (Jogeva)'),
(1059, 67, 'LV', 'Laane-Virumaa (Rakvere)'),
(1060, 67, 'LA', 'Laanemaa (Haapsalu)'),
(1061, 67, 'PA', 'Parnumaa (Parnu)'),
(1062, 67, 'PO', 'Polvamaa (Polva)'),
(1063, 67, 'RA', 'Raplamaa (Rapla)'),
(1064, 67, 'SA', 'Saaremaa (Kuessaare)'),
(1065, 67, 'TA', 'Tartumaa (Tartu)'),
(1066, 67, 'VA', 'Valgamaa (Valga)'),
(1067, 67, 'VI', 'Viljandimaa (Viljandi)'),
(1068, 67, 'VO', 'Vorumaa (Voru)'),
(1069, 68, 'AF', 'Afar'),
(1070, 68, 'AH', 'Amhara'),
(1071, 68, 'BG', 'Benishangul-Gumaz'),
(1072, 68, 'GB', 'Gambela'),
(1073, 68, 'HR', 'Hariai'),
(1074, 68, 'OR', 'Oromia'),
(1075, 68, 'SM', 'Somali'),
(1076, 68, 'SN', 'Southern Nations - Nationalities and Peoples Region'),
(1077, 68, 'TG', 'Tigray'),
(1078, 68, 'AA', 'Addis Ababa'),
(1079, 68, 'DD', 'Dire Dawa'),
(1080, 71, 'C', 'Central Division'),
(1081, 71, 'N', 'Northern Division'),
(1082, 71, 'E', 'Eastern Division'),
(1083, 71, 'W', 'Western Division'),
(1084, 71, 'R', 'Rotuma'),
(1085, 72, 'AL', 'Ahvenanmaan Laani'),
(1086, 72, 'ES', 'Etela-Suomen Laani'),
(1087, 72, 'IS', 'Ita-Suomen Laani'),
(1088, 72, 'LS', 'Lansi-Suomen Laani'),
(1089, 72, 'LA', 'Lapin Lanani'),
(1090, 72, 'OU', 'Oulun Laani'),
(1091, 73, 'AL', 'Alsace'),
(1092, 73, 'AQ', 'Aquitaine'),
(1093, 73, 'AU', 'Auvergne'),
(1094, 73, 'BR', 'Brittany'),
(1095, 73, 'BU', 'Burgundy'),
(1096, 73, 'CE', 'Center Loire Valley'),
(1097, 73, 'CH', 'Champagne'),
(1098, 73, 'CO', 'Corse'),
(1099, 73, 'FR', 'France Comte'),
(1100, 73, 'LA', 'Languedoc Roussillon'),
(1101, 73, 'LI', 'Limousin'),
(1102, 73, 'LO', 'Lorraine'),
(1103, 73, 'MI', 'Midi Pyrenees'),
(1104, 73, 'NO', 'Nord Pas de Calais'),
(1105, 73, 'NR', 'Normandy'),
(1106, 73, 'PA', 'Paris / Ill de France'),
(1107, 73, 'PI', 'Picardie'),
(1108, 73, 'PO', 'Poitou Charente'),
(1109, 73, 'PR', 'Provence'),
(1110, 73, 'RH', 'Rhone Alps'),
(1111, 73, 'RI', 'Riviera'),
(1112, 73, 'WE', 'Western Loire Valley'),
(1113, 74, 'Et', 'Etranger'),
(1114, 74, '01', 'Ain'),
(1115, 74, '02', 'Aisne'),
(1116, 74, '03', 'Allier'),
(1117, 74, '04', 'Alpes de Haute Provence'),
(1118, 74, '05', 'Hautes-Alpes'),
(1119, 74, '06', 'Alpes Maritimes'),
(1120, 74, '07', 'Ard&egrave;che'),
(1121, 74, '08', 'Ardennes'),
(1122, 74, '09', 'Ari&egrave;ge'),
(1123, 74, '10', 'Aube'),
(1124, 74, '11', 'Aude'),
(1125, 74, '12', 'Aveyron'),
(1126, 74, '13', 'Bouches du Rh&ocirc;ne'),
(1127, 74, '14', 'Calvados'),
(1128, 74, '15', 'Cantal'),
(1129, 74, '16', 'Charente'),
(1130, 74, '17', 'Charente Maritime'),
(1131, 74, '18', 'Cher'),
(1132, 74, '19', 'Corr&egrave;ze'),
(1133, 74, '2A', 'Corse du Sud'),
(1134, 74, '2B', 'Haute Corse'),
(1135, 74, '21', 'C&ocirc;te d&#039;or'),
(1136, 74, '22', 'C&ocirc;tes d&#039;Armor'),
(1137, 74, '23', 'Creuse'),
(1138, 74, '24', 'Dordogne'),
(1139, 74, '25', 'Doubs'),
(1140, 74, '26', 'Dr&ocirc;me'),
(1141, 74, '27', 'Eure'),
(1142, 74, '28', 'Eure et Loir'),
(1143, 74, '29', 'Finist&egrave;re'),
(1144, 74, '30', 'Gard'),
(1145, 74, '31', 'Haute Garonne'),
(1146, 74, '32', 'Gers'),
(1147, 74, '33', 'Gironde'),
(1148, 74, '34', 'H&eacute;rault'),
(1149, 74, '35', 'Ille et Vilaine'),
(1150, 74, '36', 'Indre'),
(1151, 74, '37', 'Indre et Loire'),
(1152, 74, '38', 'Is&eacute;re'),
(1153, 74, '39', 'Jura'),
(1154, 74, '40', 'Landes'),
(1155, 74, '41', 'Loir et Cher'),
(1156, 74, '42', 'Loire'),
(1157, 74, '43', 'Haute Loire'),
(1158, 74, '44', 'Loire Atlantique'),
(1159, 74, '45', 'Loiret'),
(1160, 74, '46', 'Lot'),
(1161, 74, '47', 'Lot et Garonne'),
(1162, 74, '48', 'Loz&egrave;re'),
(1163, 74, '49', 'Maine et Loire'),
(1164, 74, '50', 'Manche'),
(1165, 74, '51', 'Marne'),
(1166, 74, '52', 'Haute Marne'),
(1167, 74, '53', 'Mayenne'),
(1168, 74, '54', 'Meurthe et Moselle'),
(1169, 74, '55', 'Meuse'),
(1170, 74, '56', 'Morbihan'),
(1171, 74, '57', 'Moselle'),
(1172, 74, '58', 'Ni&egrave;vre'),
(1173, 74, '59', 'Nord'),
(1174, 74, '60', 'Oise'),
(1175, 74, '61', 'Orne'),
(1176, 74, '62', 'Pas de Calais'),
(1177, 74, '63', 'Puy de D&ocirc;me'),
(1178, 74, '64', 'Pyr&eacute;n&eacute;es Atlantiques'),
(1179, 74, '65', 'Hautes Pyr&eacute;n&eacute;es'),
(1180, 74, '66', 'Pyr&eacute;n&eacute;es Orientales'),
(1181, 74, '67', 'Bas Rhin'),
(1182, 74, '68', 'Haut Rhin'),
(1183, 74, '69', 'Rh&ocirc;ne'),
(1184, 74, '70', 'Haute Sa&ocirc;ne'),
(1185, 74, '71', 'Sa&ocirc;ne et Loire'),
(1186, 74, '72', 'Sarthe'),
(1187, 74, '73', 'Savoie'),
(1188, 74, '74', 'Haute Savoie'),
(1189, 74, '75', 'Paris'),
(1190, 74, '76', 'Seine Maritime'),
(1191, 74, '77', 'Seine et Marne'),
(1192, 74, '78', 'Yvelines'),
(1193, 74, '79', 'Deux S&egrave;vres'),
(1194, 74, '80', 'Somme'),
(1195, 74, '81', 'Tarn'),
(1196, 74, '82', 'Tarn et Garonne'),
(1197, 74, '83', 'Var'),
(1198, 74, '84', 'Vaucluse'),
(1199, 74, '85', 'Vend&eacute;e'),
(1200, 74, '86', 'Vienne'),
(1201, 74, '87', 'Haute Vienne'),
(1202, 74, '88', 'Vosges'),
(1203, 74, '89', 'Yonne'),
(1204, 74, '90', 'Territoire de Belfort'),
(1205, 74, '91', 'Essonne'),
(1206, 74, '92', 'Hauts de Seine'),
(1207, 74, '93', 'Seine St-Denis'),
(1208, 74, '94', 'Val de Marne'),
(1209, 74, '95', 'Val d''Oise'),
(1210, 76, 'M', 'Archipel des Marquises'),
(1211, 76, 'T', 'Archipel des Tuamotu'),
(1212, 76, 'I', 'Archipel des Tubuai'),
(1213, 76, 'V', 'Iles du Vent'),
(1214, 76, 'S', 'Iles Sous-le-Vent'),
(1215, 77, 'C', 'Iles Crozet'),
(1216, 77, 'K', 'Iles Kerguelen'),
(1217, 77, 'A', 'Ile Amsterdam'),
(1218, 77, 'P', 'Ile Saint-Paul'),
(1219, 77, 'D', 'Adelie Land'),
(1220, 78, 'ES', 'Estuaire'),
(1221, 78, 'HO', 'Haut-Ogooue'),
(1222, 78, 'MO', 'Moyen-Ogooue'),
(1223, 78, 'NG', 'Ngounie'),
(1224, 78, 'NY', 'Nyanga'),
(1225, 78, 'OI', 'Ogooue-Ivindo'),
(1226, 78, 'OL', 'Ogooue-Lolo'),
(1227, 78, 'OM', 'Ogooue-Maritime'),
(1228, 78, 'WN', 'Woleu-Ntem'),
(1229, 79, 'BJ', 'Banjul'),
(1230, 79, 'BS', 'Basse'),
(1231, 79, 'BR', 'Brikama'),
(1232, 79, 'JA', 'Janjangbure'),
(1233, 79, 'KA', 'Kanifeng'),
(1234, 79, 'KE', 'Kerewan'),
(1235, 79, 'KU', 'Kuntaur'),
(1236, 79, 'MA', 'Mansakonko'),
(1237, 79, 'LR', 'Lower River'),
(1238, 79, 'CR', 'Central River'),
(1239, 79, 'NB', 'North Bank'),
(1240, 79, 'UR', 'Upper River'),
(1241, 79, 'WE', 'Western'),
(1242, 80, 'AB', 'Abkhazia'),
(1243, 80, 'AJ', 'Ajaria'),
(1244, 80, 'TB', 'Tbilisi'),
(1245, 80, 'GU', 'Guria'),
(1246, 80, 'IM', 'Imereti'),
(1247, 80, 'KA', 'Kakheti'),
(1248, 80, 'KK', 'Kvemo Kartli'),
(1249, 80, 'MM', 'Mtskheta-Mtianeti'),
(1250, 80, 'RL', 'Racha Lechkhumi and Kvemo Svanet'),
(1251, 80, 'SZ', 'Samegrelo-Zemo Svaneti'),
(1252, 80, 'SJ', 'Samtskhe-Javakheti'),
(1253, 80, 'SK', 'Shida Kartli'),
(1254, 81, 'BAW', 'Baden-W&uuml;rttemberg'),
(1255, 81, 'BAY', 'Bayern'),
(1256, 81, 'BER', 'Berlin'),
(1257, 81, 'BRG', 'Brandenburg'),
(1258, 81, 'BRE', 'Bremen'),
(1259, 81, 'HAM', 'Hamburg'),
(1260, 81, 'HES', 'Hessen'),
(1261, 81, 'MEC', 'Mecklenburg-Vorpommern'),
(1262, 81, 'NDS', 'Niedersachsen'),
(1263, 81, 'NRW', 'Nordrhein-Westfalen'),
(1264, 81, 'RHE', 'Rheinland-Pfalz'),
(1265, 81, 'SAR', 'Saarland'),
(1266, 81, 'SAS', 'Sachsen'),
(1267, 81, 'SAC', 'Sachsen-Anhalt'),
(1268, 81, 'SCN', 'Schleswig-Holstein'),
(1269, 81, 'THE', 'Th&uuml;ringen'),
(1270, 82, 'AS', 'Ashanti Region'),
(1271, 82, 'BA', 'Brong-Ahafo Region'),
(1272, 82, 'CE', 'Central Region'),
(1273, 82, 'EA', 'Eastern Region'),
(1274, 82, 'GA', 'Greater Accra Region'),
(1275, 82, 'NO', 'Northern Region'),
(1276, 82, 'UE', 'Upper East Region'),
(1277, 82, 'UW', 'Upper West Region'),
(1278, 82, 'VO', 'Volta Region'),
(1279, 82, 'WE', 'Western Region'),
(1280, 84, 'AT', 'Attica'),
(1281, 84, 'CN', 'Central Greece'),
(1282, 84, 'CM', 'Central Macedonia'),
(1283, 84, 'CR', 'Crete'),
(1284, 84, 'EM', 'East Macedonia and Thrace'),
(1285, 84, 'EP', 'Epirus'),
(1286, 84, 'II', 'Ionian Islands'),
(1287, 84, 'NA', 'North Aegean'),
(1288, 84, 'PP', 'Peloponnesos'),
(1289, 84, 'SA', 'South Aegean'),
(1290, 84, 'TH', 'Thessaly'),
(1291, 84, 'WG', 'West Greece'),
(1292, 84, 'WM', 'West Macedonia'),
(1293, 85, 'A', 'Avannaa'),
(1294, 85, 'T', 'Tunu'),
(1295, 85, 'K', 'Kitaa'),
(1296, 86, 'A', 'Saint Andrew'),
(1297, 86, 'D', 'Saint David'),
(1298, 86, 'G', 'Saint George'),
(1299, 86, 'J', 'Saint John'),
(1300, 86, 'M', 'Saint Mark'),
(1301, 86, 'P', 'Saint Patrick'),
(1302, 86, 'C', 'Carriacou'),
(1303, 86, 'Q', 'Petit Martinique'),
(1304, 89, 'AV', 'Alta Verapaz'),
(1305, 89, 'BV', 'Baja Verapaz'),
(1306, 89, 'CM', 'Chimaltenango'),
(1307, 89, 'CQ', 'Chiquimula'),
(1308, 89, 'PE', 'El Peten'),
(1309, 89, 'PR', 'El Progreso'),
(1310, 89, 'QC', 'El Quiche'),
(1311, 89, 'ES', 'Escuintla'),
(1312, 89, 'GU', 'Guatemala'),
(1313, 89, 'HU', 'Huehuetenango'),
(1314, 89, 'IZ', 'Izabal'),
(1315, 89, 'JA', 'Jalapa'),
(1316, 89, 'JU', 'Jutiapa'),
(1317, 89, 'QZ', 'Quetzaltenango'),
(1318, 89, 'RE', 'Retalhuleu'),
(1319, 89, 'ST', 'Sacatepequez'),
(1320, 89, 'SM', 'San Marcos'),
(1321, 89, 'SR', 'Santa Rosa'),
(1322, 89, 'SO', 'Solola'),
(1323, 89, 'SU', 'Suchitepequez'),
(1324, 89, 'TO', 'Totonicapan'),
(1325, 89, 'ZA', 'Zacapa'),
(1326, 90, 'CNK', 'Conakry'),
(1327, 90, 'BYL', 'Beyla'),
(1328, 90, 'BFA', 'Boffa'),
(1329, 90, 'BOK', 'Boke'),
(1330, 90, 'COY', 'Coyah'),
(1331, 90, 'DBL', 'Dabola'),
(1332, 90, 'DLB', 'Dalaba'),
(1333, 90, 'DGR', 'Dinguiraye'),
(1334, 90, 'DBR', 'Dubreka'),
(1335, 90, 'FRN', 'Faranah'),
(1336, 90, 'FRC', 'Forecariah'),
(1337, 90, 'FRI', 'Fria'),
(1338, 90, 'GAO', 'Gaoual'),
(1339, 90, 'GCD', 'Gueckedou'),
(1340, 90, 'KNK', 'Kankan'),
(1341, 90, 'KRN', 'Kerouane'),
(1342, 90, 'KND', 'Kindia'),
(1343, 90, 'KSD', 'Kissidougou'),
(1344, 90, 'KBA', 'Koubia'),
(1345, 90, 'KDA', 'Koundara'),
(1346, 90, 'KRA', 'Kouroussa'),
(1347, 90, 'LAB', 'Labe'),
(1348, 90, 'LLM', 'Lelouma'),
(1349, 90, 'LOL', 'Lola'),
(1350, 90, 'MCT', 'Macenta'),
(1351, 90, 'MAL', 'Mali'),
(1352, 90, 'MAM', 'Mamou'),
(1353, 90, 'MAN', 'Mandiana'),
(1354, 90, 'NZR', 'Nzerekore'),
(1355, 90, 'PIT', 'Pita'),
(1356, 90, 'SIG', 'Siguiri'),
(1357, 90, 'TLM', 'Telimele'),
(1358, 90, 'TOG', 'Tougue'),
(1359, 90, 'YOM', 'Yomou'),
(1360, 91, 'BF', 'Bafata Region'),
(1361, 91, 'BB', 'Biombo Region'),
(1362, 91, 'BS', 'Bissau Region'),
(1363, 91, 'BL', 'Bolama Region'),
(1364, 91, 'CA', 'Cacheu Region'),
(1365, 91, 'GA', 'Gabu Region'),
(1366, 91, 'OI', 'Oio Region'),
(1367, 91, 'QU', 'Quinara Region'),
(1368, 91, 'TO', 'Tombali Region'),
(1369, 92, 'BW', 'Barima-Waini'),
(1370, 92, 'CM', 'Cuyuni-Mazaruni'),
(1371, 92, 'DM', 'Demerara-Mahaica'),
(1372, 92, 'EC', 'East Berbice-Corentyne'),
(1373, 92, 'EW', 'Essequibo Islands-West Demerara'),
(1374, 92, 'MB', 'Mahaica-Berbice'),
(1375, 92, 'PM', 'Pomeroon-Supenaam'),
(1376, 92, 'PI', 'Potaro-Siparuni'),
(1377, 92, 'UD', 'Upper Demerara-Berbice'),
(1378, 92, 'UT', 'Upper Takutu-Upper Essequibo'),
(1379, 93, 'AR', 'Artibonite'),
(1380, 93, 'CE', 'Centre'),
(1381, 93, 'GA', 'Grand''Anse'),
(1382, 93, 'ND', 'Nord'),
(1383, 93, 'NE', 'Nord-Est'),
(1384, 93, 'NO', 'Nord-Ouest'),
(1385, 93, 'OU', 'Ouest'),
(1386, 93, 'SD', 'Sud'),
(1387, 93, 'SE', 'Sud-Est'),
(1388, 94, 'F', 'Flat Island'),
(1389, 94, 'M', 'McDonald Island'),
(1390, 94, 'S', 'Shag Island'),
(1391, 94, 'H', 'Heard Island'),
(1392, 95, 'AT', 'Atlantida'),
(1393, 95, 'CH', 'Choluteca'),
(1394, 95, 'CL', 'Colon'),
(1395, 95, 'CM', 'Comayagua'),
(1396, 95, 'CP', 'Copan'),
(1397, 95, 'CR', 'Cortes'),
(1398, 95, 'PA', 'El Paraiso'),
(1399, 95, 'FM', 'Francisco Morazan'),
(1400, 95, 'GD', 'Gracias a Dios'),
(1401, 95, 'IN', 'Intibuca'),
(1402, 95, 'IB', 'Islas de la Bahia (Bay Islands)'),
(1403, 95, 'PZ', 'La Paz'),
(1404, 95, 'LE', 'Lempira'),
(1405, 95, 'OC', 'Ocotepeque'),
(1406, 95, 'OL', 'Olancho'),
(1407, 95, 'SB', 'Santa Barbara'),
(1408, 95, 'VA', 'Valle'),
(1409, 95, 'YO', 'Yoro'),
(1410, 96, 'HCW', 'Central and Western Hong Kong Island'),
(1411, 96, 'HEA', 'Eastern Hong Kong Island'),
(1412, 96, 'HSO', 'Southern Hong Kong Island'),
(1413, 96, 'HWC', 'Wan Chai Hong Kong Island'),
(1414, 96, 'KKC', 'Kowloon City Kowloon'),
(1415, 96, 'KKT', 'Kwun Tong Kowloon'),
(1416, 96, 'KSS', 'Sham Shui Po Kowloon'),
(1417, 96, 'KWT', 'Wong Tai Sin Kowloon'),
(1418, 96, 'KYT', 'Yau Tsim Mong Kowloon'),
(1419, 96, 'NIS', 'Islands New Territories'),
(1420, 96, 'NKT', 'Kwai Tsing New Territories'),
(1421, 96, 'NNO', 'North New Territories'),
(1422, 96, 'NSK', 'Sai Kung New Territories'),
(1423, 96, 'NST', 'Sha Tin New Territories'),
(1424, 96, 'NTP', 'Tai Po New Territories'),
(1425, 96, 'NTW', 'Tsuen Wan New Territories'),
(1426, 96, 'NTM', 'Tuen Mun New Territories'),
(1427, 96, 'NYL', 'Yuen Long New Territories'),
(1428, 97, 'BK', 'Bacs-Kiskun'),
(1429, 97, 'BA', 'Baranya'),
(1430, 97, 'BE', 'Bekes'),
(1431, 97, 'BS', 'Bekescsaba'),
(1432, 97, 'BZ', 'Borsod-Abauj-Zemplen'),
(1433, 97, 'BU', 'Budapest'),
(1434, 97, 'CS', 'Csongrad'),
(1435, 97, 'DE', 'Debrecen'),
(1436, 97, 'DU', 'Dunaujvaros'),
(1437, 97, 'EG', 'Eger'),
(1438, 97, 'FE', 'Fejer'),
(1439, 97, 'GY', 'Gyor'),
(1440, 97, 'GM', 'Gyor-Moson-Sopron'),
(1441, 97, 'HB', 'Hajdu-Bihar'),
(1442, 97, 'HE', 'Heves'),
(1443, 97, 'HO', 'Hodmezovasarhely'),
(1444, 97, 'JN', 'Jasz-Nagykun-Szolnok'),
(1445, 97, 'KA', 'Kaposvar'),
(1446, 97, 'KE', 'Kecskemet'),
(1447, 97, 'KO', 'Komarom-Esztergom'),
(1448, 97, 'MI', 'Miskolc'),
(1449, 97, 'NA', 'Nagykanizsa'),
(1450, 97, 'NO', 'Nograd'),
(1451, 97, 'NY', 'Nyiregyhaza'),
(1452, 97, 'PE', 'Pecs'),
(1453, 97, 'PS', 'Pest'),
(1454, 97, 'SO', 'Somogy'),
(1455, 97, 'SP', 'Sopron'),
(1456, 97, 'SS', 'Szabolcs-Szatmar-Bereg'),
(1457, 97, 'SZ', 'Szeged'),
(1458, 97, 'SE', 'Szekesfehervar'),
(1459, 97, 'SL', 'Szolnok'),
(1460, 97, 'SM', 'Szombathely'),
(1461, 97, 'TA', 'Tatabanya'),
(1462, 97, 'TO', 'Tolna'),
(1463, 97, 'VA', 'Vas'),
(1464, 97, 'VE', 'Veszprem'),
(1465, 97, 'ZA', 'Zala'),
(1466, 97, 'ZZ', 'Zalaegerszeg'),
(1467, 98, 'AL', 'Austurland'),
(1468, 98, 'HF', 'Hofuoborgarsvaeoi'),
(1469, 98, 'NE', 'Norourland eystra'),
(1470, 98, 'NV', 'Norourland vestra'),
(1471, 98, 'SL', 'Suourland'),
(1472, 98, 'SN', 'Suournes'),
(1473, 98, 'VF', 'Vestfiroir'),
(1474, 98, 'VL', 'Vesturland'),
(1475, 99, 'AN', 'Andaman and Nicobar Islands'),
(1476, 99, 'AP', 'Andhra Pradesh'),
(1477, 99, 'AR', 'Arunachal Pradesh'),
(1478, 99, 'AS', 'Assam'),
(1479, 99, 'BI', 'Bihar'),
(1480, 99, 'CH', 'Chandigarh'),
(1481, 99, 'DA', 'Dadra and Nagar Haveli'),
(1482, 99, 'DM', 'Daman and Diu'),
(1483, 99, 'DE', 'Delhi'),
(1484, 99, 'GO', 'Goa'),
(1485, 99, 'GU', 'Gujarat'),
(1486, 99, 'HA', 'Haryana'),
(1487, 99, 'HP', 'Himachal Pradesh'),
(1488, 99, 'JA', 'Jammu and Kashmir'),
(1489, 99, 'KA', 'Karnataka'),
(1490, 99, 'KE', 'Kerala'),
(1491, 99, 'LI', 'Lakshadweep Islands'),
(1492, 99, 'MP', 'Madhya Pradesh'),
(1493, 99, 'MA', 'Maharashtra'),
(1494, 99, 'MN', 'Manipur'),
(1495, 99, 'ME', 'Meghalaya'),
(1496, 99, 'MI', 'Mizoram'),
(1497, 99, 'NA', 'Nagaland'),
(1498, 99, 'OR', 'Orissa'),
(1499, 99, 'PO', 'Pondicherry'),
(1500, 99, 'PU', 'Punjab'),
(1501, 99, 'RA', 'Rajasthan'),
(1502, 99, 'SI', 'Sikkim'),
(1503, 99, 'TN', 'Tamil Nadu'),
(1504, 99, 'TR', 'Tripura'),
(1505, 99, 'UP', 'Uttar Pradesh'),
(1506, 99, 'WB', 'West Bengal'),
(1507, 100, 'AC', 'Aceh'),
(1508, 100, 'BA', 'Bali'),
(1509, 100, 'BT', 'Banten'),
(1510, 100, 'BE', 'Bengkulu'),
(1511, 100, 'BD', 'BoDeTaBek'),
(1512, 100, 'GO', 'Gorontalo'),
(1513, 100, 'JK', 'Jakarta Raya'),
(1514, 100, 'JA', 'Jambi'),
(1515, 100, 'JB', 'Jawa Barat'),
(1516, 100, 'JT', 'Jawa Tengah'),
(1517, 100, 'JI', 'Jawa Timur'),
(1518, 100, 'KB', 'Kalimantan Barat'),
(1519, 100, 'KS', 'Kalimantan Selatan'),
(1520, 100, 'KT', 'Kalimantan Tengah'),
(1521, 100, 'KI', 'Kalimantan Timur'),
(1522, 100, 'BB', 'Kepulauan Bangka Belitung'),
(1523, 100, 'LA', 'Lampung'),
(1524, 100, 'MA', 'Maluku'),
(1525, 100, 'MU', 'Maluku Utara'),
(1526, 100, 'NB', 'Nusa Tenggara Barat'),
(1527, 100, 'NT', 'Nusa Tenggara Timur'),
(1528, 100, 'PA', 'Papua'),
(1529, 100, 'RI', 'Riau'),
(1530, 100, 'SN', 'Sulawesi Selatan'),
(1531, 100, 'ST', 'Sulawesi Tengah'),
(1532, 100, 'SG', 'Sulawesi Tenggara'),
(1533, 100, 'SA', 'Sulawesi Utara'),
(1534, 100, 'SB', 'Sumatera Barat'),
(1535, 100, 'SS', 'Sumatera Selatan'),
(1536, 100, 'SU', 'Sumatera Utara'),
(1537, 100, 'YO', 'Yogyakarta'),
(1538, 101, 'TEH', 'Tehran'),
(1539, 101, 'QOM', 'Qom'),
(1540, 101, 'MKZ', 'Markazi'),
(1541, 101, 'QAZ', 'Qazvin'),
(1542, 101, 'GIL', 'Gilan'),
(1543, 101, 'ARD', 'Ardabil'),
(1544, 101, 'ZAN', 'Zanjan'),
(1545, 101, 'EAZ', 'East Azarbaijan'),
(1546, 101, 'WEZ', 'West Azarbaijan'),
(1547, 101, 'KRD', 'Kurdistan'),
(1548, 101, 'HMD', 'Hamadan'),
(1549, 101, 'KRM', 'Kermanshah'),
(1550, 101, 'ILM', 'Ilam'),
(1551, 101, 'LRS', 'Lorestan'),
(1552, 101, 'KZT', 'Khuzestan'),
(1553, 101, 'CMB', 'Chahar Mahaal and Bakhtiari'),
(1554, 101, 'KBA', 'Kohkiluyeh and Buyer Ahmad'),
(1555, 101, 'BSH', 'Bushehr'),
(1556, 101, 'FAR', 'Fars'),
(1557, 101, 'HRM', 'Hormozgan'),
(1558, 101, 'SBL', 'Sistan and Baluchistan'),
(1559, 101, 'KRB', 'Kerman'),
(1560, 101, 'YZD', 'Yazd'),
(1561, 101, 'EFH', 'Esfahan'),
(1562, 101, 'SMN', 'Semnan'),
(1563, 101, 'MZD', 'Mazandaran'),
(1564, 101, 'GLS', 'Golestan'),
(1565, 101, 'NKH', 'North Khorasan'),
(1566, 101, 'RKH', 'Razavi Khorasan'),
(1567, 101, 'SKH', 'South Khorasan'),
(1568, 102, 'BD', 'Baghdad'),
(1569, 102, 'SD', 'Salah ad Din'),
(1570, 102, 'DY', 'Diyala'),
(1571, 102, 'WS', 'Wasit'),
(1572, 102, 'MY', 'Maysan'),
(1573, 102, 'BA', 'Al Basrah'),
(1574, 102, 'DQ', 'Dhi Qar'),
(1575, 102, 'MU', 'Al Muthanna'),
(1576, 102, 'QA', 'Al Qadisyah'),
(1577, 102, 'BB', 'Babil'),
(1578, 102, 'KB', 'Al Karbala'),
(1579, 102, 'NJ', 'An Najaf'),
(1580, 102, 'AB', 'Al Anbar'),
(1581, 102, 'NN', 'Ninawa'),
(1582, 102, 'DH', 'Dahuk'),
(1583, 102, 'AL', 'Arbil'),
(1584, 102, 'TM', 'At Ta''mim'),
(1585, 102, 'SL', 'As Sulaymaniyah'),
(1586, 103, 'CA', 'Carlow'),
(1587, 103, 'CV', 'Cavan'),
(1588, 103, 'CL', 'Clare'),
(1589, 103, 'CO', 'Cork'),
(1590, 103, 'DO', 'Donegal'),
(1591, 103, 'DU', 'Dublin'),
(1592, 103, 'GA', 'Galway'),
(1593, 103, 'KE', 'Kerry'),
(1594, 103, 'KI', 'Kildare'),
(1595, 103, 'KL', 'Kilkenny'),
(1596, 103, 'LA', 'Laois'),
(1597, 103, 'LE', 'Leitrim'),
(1598, 103, 'LI', 'Limerick'),
(1599, 103, 'LO', 'Longford'),
(1600, 103, 'LU', 'Louth'),
(1601, 103, 'MA', 'Mayo'),
(1602, 103, 'ME', 'Meath'),
(1603, 103, 'MO', 'Monaghan'),
(1604, 103, 'OF', 'Offaly'),
(1605, 103, 'RO', 'Roscommon'),
(1606, 103, 'SL', 'Sligo'),
(1607, 103, 'TI', 'Tipperary'),
(1608, 103, 'WA', 'Waterford'),
(1609, 103, 'WE', 'Westmeath'),
(1610, 103, 'WX', 'Wexford'),
(1611, 103, 'WI', 'Wicklow'),
(1612, 104, 'BS', 'Be''er Sheva'),
(1613, 104, 'BH', 'Bika''at Hayarden'),
(1614, 104, 'EA', 'Eilat and Arava'),
(1615, 104, 'GA', 'Galil'),
(1616, 104, 'HA', 'Haifa'),
(1617, 104, 'JM', 'Jehuda Mountains'),
(1618, 104, 'JE', 'Jerusalem'),
(1619, 104, 'NE', 'Negev'),
(1620, 104, 'SE', 'Semaria'),
(1621, 104, 'SH', 'Sharon'),
(1622, 104, 'TA', 'Tel Aviv (Gosh Dan)'),
(3860, 105, 'CL', 'Caltanissetta'),
(3842, 105, 'AG', 'Agrigento'),
(3843, 105, 'AL', 'Alessandria'),
(3844, 105, 'AN', 'Ancona'),
(3845, 105, 'AO', 'Aosta'),
(3846, 105, 'AR', 'Arezzo'),
(3847, 105, 'AP', 'Ascoli Piceno'),
(3848, 105, 'AT', 'Asti'),
(3849, 105, 'AV', 'Avellino'),
(3850, 105, 'BA', 'Bari'),
(3851, 105, 'BL', 'Belluno'),
(3852, 105, 'BN', 'Benevento'),
(3853, 105, 'BG', 'Bergamo'),
(3854, 105, 'BI', 'Biella'),
(3855, 105, 'BO', 'Bologna'),
(3856, 105, 'BZ', 'Bolzano'),
(3857, 105, 'BS', 'Brescia'),
(3858, 105, 'BR', 'Brindisi'),
(3859, 105, 'CA', 'Cagliari'),
(1643, 106, 'CLA', 'Clarendon Parish'),
(1644, 106, 'HAN', 'Hanover Parish'),
(1645, 106, 'KIN', 'Kingston Parish'),
(1646, 106, 'MAN', 'Manchester Parish'),
(1647, 106, 'POR', 'Portland Parish'),
(1648, 106, 'AND', 'Saint Andrew Parish'),
(1649, 106, 'ANN', 'Saint Ann Parish'),
(1650, 106, 'CAT', 'Saint Catherine Parish'),
(1651, 106, 'ELI', 'Saint Elizabeth Parish'),
(1652, 106, 'JAM', 'Saint James Parish'),
(1653, 106, 'MAR', 'Saint Mary Parish'),
(1654, 106, 'THO', 'Saint Thomas Parish'),
(1655, 106, 'TRL', 'Trelawny Parish'),
(1656, 106, 'WML', 'Westmoreland Parish'),
(1657, 107, 'AI', 'Aichi'),
(1658, 107, 'AK', 'Akita'),
(1659, 107, 'AO', 'Aomori'),
(1660, 107, 'CH', 'Chiba'),
(1661, 107, 'EH', 'Ehime'),
(1662, 107, 'FK', 'Fukui'),
(1663, 107, 'FU', 'Fukuoka'),
(1664, 107, 'FS', 'Fukushima'),
(1665, 107, 'GI', 'Gifu'),
(1666, 107, 'GU', 'Gumma'),
(1667, 107, 'HI', 'Hiroshima'),
(1668, 107, 'HO', 'Hokkaido'),
(1669, 107, 'HY', 'Hyogo'),
(1670, 107, 'IB', 'Ibaraki'),
(1671, 107, 'IS', 'Ishikawa'),
(1672, 107, 'IW', 'Iwate'),
(1673, 107, 'KA', 'Kagawa'),
(1674, 107, 'KG', 'Kagoshima'),
(1675, 107, 'KN', 'Kanagawa'),
(1676, 107, 'KO', 'Kochi'),
(1677, 107, 'KU', 'Kumamoto'),
(1678, 107, 'KY', 'Kyoto'),
(1679, 107, 'MI', 'Mie'),
(1680, 107, 'MY', 'Miyagi'),
(1681, 107, 'MZ', 'Miyazaki'),
(1682, 107, 'NA', 'Nagano'),
(1683, 107, 'NG', 'Nagasaki'),
(1684, 107, 'NR', 'Nara'),
(1685, 107, 'NI', 'Niigata'),
(1686, 107, 'OI', 'Oita'),
(1687, 107, 'OK', 'Okayama'),
(1688, 107, 'ON', 'Okinawa'),
(1689, 107, 'OS', 'Osaka'),
(1690, 107, 'SA', 'Saga'),
(1691, 107, 'SI', 'Saitama');
INSERT INTO `e_ulke_bolgeleri` (`bolge_id`, `ulke_id`, `kod`, `bolge_adi`) VALUES
(1692, 107, 'SH', 'Shiga'),
(1693, 107, 'SM', 'Shimane'),
(1694, 107, 'SZ', 'Shizuoka'),
(1695, 107, 'TO', 'Tochigi'),
(1696, 107, 'TS', 'Tokushima'),
(1697, 107, 'TK', 'Tokyo'),
(1698, 107, 'TT', 'Tottori'),
(1699, 107, 'TY', 'Toyama'),
(1700, 107, 'WA', 'Wakayama'),
(1701, 107, 'YA', 'Yamagata'),
(1702, 107, 'YM', 'Yamaguchi'),
(1703, 107, 'YN', 'Yamanashi'),
(1704, 108, 'AM', '''Amman'),
(1705, 108, 'AJ', 'Ajlun'),
(1706, 108, 'AA', 'Al ''Aqabah'),
(1707, 108, 'AB', 'Al Balqa'''),
(1708, 108, 'AK', 'Al Karak'),
(1709, 108, 'AL', 'Al Mafraq'),
(1710, 108, 'AT', 'At Tafilah'),
(1711, 108, 'AZ', 'Az Zarqa'''),
(1712, 108, 'IR', 'Irbid'),
(1713, 108, 'JA', 'Jarash'),
(1714, 108, 'MA', 'Ma''an'),
(1715, 108, 'MD', 'Madaba'),
(1716, 109, 'AL', 'Almaty'),
(1717, 109, 'AC', 'Almaty City'),
(1718, 109, 'AM', 'Aqmola'),
(1719, 109, 'AQ', 'Aqtobe'),
(1720, 109, 'AS', 'Astana City'),
(1721, 109, 'AT', 'Atyrau'),
(1722, 109, 'BA', 'Batys Qazaqstan'),
(1723, 109, 'BY', 'Bayqongyr City'),
(1724, 109, 'MA', 'Mangghystau'),
(1725, 109, 'ON', 'Ongtustik Qazaqstan'),
(1726, 109, 'PA', 'Pavlodar'),
(1727, 109, 'QA', 'Qaraghandy'),
(1728, 109, 'QO', 'Qostanay'),
(1729, 109, 'QY', 'Qyzylorda'),
(1730, 109, 'SH', 'Shyghys Qazaqstan'),
(1731, 109, 'SO', 'Soltustik Qazaqstan'),
(1732, 109, 'ZH', 'Zhambyl'),
(1733, 110, 'CE', 'Central'),
(1734, 110, 'CO', 'Coast'),
(1735, 110, 'EA', 'Eastern'),
(1736, 110, 'NA', 'Nairobi Area'),
(1737, 110, 'NE', 'North Eastern'),
(1738, 110, 'NY', 'Nyanza'),
(1739, 110, 'RV', 'Rift Valley'),
(1740, 110, 'WE', 'Western'),
(1741, 111, 'AG', 'Abaiang'),
(1742, 111, 'AM', 'Abemama'),
(1743, 111, 'AK', 'Aranuka'),
(1744, 111, 'AO', 'Arorae'),
(1745, 111, 'BA', 'Banaba'),
(1746, 111, 'BE', 'Beru'),
(1747, 111, 'bT', 'Butaritari'),
(1748, 111, 'KA', 'Kanton'),
(1749, 111, 'KR', 'Kiritimati'),
(1750, 111, 'KU', 'Kuria'),
(1751, 111, 'MI', 'Maiana'),
(1752, 111, 'MN', 'Makin'),
(1753, 111, 'ME', 'Marakei'),
(1754, 111, 'NI', 'Nikunau'),
(1755, 111, 'NO', 'Nonouti'),
(1756, 111, 'ON', 'Onotoa'),
(1757, 111, 'TT', 'Tabiteuea'),
(1758, 111, 'TR', 'Tabuaeran'),
(1759, 111, 'TM', 'Tamana'),
(1760, 111, 'TW', 'Tarawa'),
(1761, 111, 'TE', 'Teraina'),
(1762, 112, 'CHA', 'Chagang-do'),
(1763, 112, 'HAB', 'Hamgyong-bukto'),
(1764, 112, 'HAN', 'Hamgyong-namdo'),
(1765, 112, 'HWB', 'Hwanghae-bukto'),
(1766, 112, 'HWN', 'Hwanghae-namdo'),
(1767, 112, 'KAN', 'Kangwon-do'),
(1768, 112, 'PYB', 'P''yongan-bukto'),
(1769, 112, 'PYN', 'P''yongan-namdo'),
(1770, 112, 'YAN', 'Ryanggang-do (Yanggang-do)'),
(1771, 112, 'NAJ', 'Rason Directly Governed City'),
(1772, 112, 'PYO', 'P''yongyang Special City'),
(1773, 113, 'CO', 'Ch''ungch''ong-bukto'),
(1774, 113, 'CH', 'Ch''ungch''ong-namdo'),
(1775, 113, 'CD', 'Cheju-do'),
(1776, 113, 'CB', 'Cholla-bukto'),
(1777, 113, 'CN', 'Cholla-namdo'),
(1778, 113, 'IG', 'Inch''on-gwangyoksi'),
(1779, 113, 'KA', 'Kangwon-do'),
(1780, 113, 'KG', 'Kwangju-gwangyoksi'),
(1781, 113, 'KD', 'Kyonggi-do'),
(1782, 113, 'KB', 'Kyongsang-bukto'),
(1783, 113, 'KN', 'Kyongsang-namdo'),
(1784, 113, 'PG', 'Pusan-gwangyoksi'),
(1785, 113, 'SO', 'Soul-t''ukpyolsi'),
(1786, 113, 'TA', 'Taegu-gwangyoksi'),
(1787, 113, 'TG', 'Taejon-gwangyoksi'),
(1788, 114, 'AL', 'Al ''Asimah'),
(1789, 114, 'AA', 'Al Ahmadi'),
(1790, 114, 'AF', 'Al Farwaniyah'),
(1791, 114, 'AJ', 'Al Jahra'''),
(1792, 114, 'HA', 'Hawalli'),
(1793, 115, 'GB', 'Bishkek'),
(1794, 115, 'B', 'Batken'),
(1795, 115, 'C', 'Chu'),
(1796, 115, 'J', 'Jalal-Abad'),
(1797, 115, 'N', 'Naryn'),
(1798, 115, 'O', 'Osh'),
(1799, 115, 'T', 'Talas'),
(1800, 115, 'Y', 'Ysyk-Kol'),
(1801, 116, 'VT', 'Vientiane'),
(1802, 116, 'AT', 'Attapu'),
(1803, 116, 'BK', 'Bokeo'),
(1804, 116, 'BL', 'Bolikhamxai'),
(1805, 116, 'CH', 'Champasak'),
(1806, 116, 'HO', 'Houaphan'),
(1807, 116, 'KH', 'Khammouan'),
(1808, 116, 'LM', 'Louang Namtha'),
(1809, 116, 'LP', 'Louangphabang'),
(1810, 116, 'OU', 'Oudomxai'),
(1811, 116, 'PH', 'Phongsali'),
(1812, 116, 'SL', 'Salavan'),
(1813, 116, 'SV', 'Savannakhet'),
(1814, 116, 'VI', 'Vientiane'),
(1815, 116, 'XA', 'Xaignabouli'),
(1816, 116, 'XE', 'Xekong'),
(1817, 116, 'XI', 'Xiangkhoang'),
(1818, 116, 'XN', 'Xaisomboun'),
(1819, 117, 'AIZ', 'Aizkraukles Rajons'),
(1820, 117, 'ALU', 'Aluksnes Rajons'),
(1821, 117, 'BAL', 'Balvu Rajons'),
(1822, 117, 'BAU', 'Bauskas Rajons'),
(1823, 117, 'CES', 'Cesu Rajons'),
(1824, 117, 'DGR', 'Daugavpils Rajons'),
(1825, 117, 'DOB', 'Dobeles Rajons'),
(1826, 117, 'GUL', 'Gulbenes Rajons'),
(1827, 117, 'JEK', 'Jekabpils Rajons'),
(1828, 117, 'JGR', 'Jelgavas Rajons'),
(1829, 117, 'KRA', 'Kraslavas Rajons'),
(1830, 117, 'KUL', 'Kuldigas Rajons'),
(1831, 117, 'LPR', 'Liepajas Rajons'),
(1832, 117, 'LIM', 'Limbazu Rajons'),
(1833, 117, 'LUD', 'Ludzas Rajons'),
(1834, 117, 'MAD', 'Madonas Rajons'),
(1835, 117, 'OGR', 'Ogres Rajons'),
(1836, 117, 'PRE', 'Preilu Rajons'),
(1837, 117, 'RZR', 'Rezeknes Rajons'),
(1838, 117, 'RGR', 'Rigas Rajons'),
(1839, 117, 'SAL', 'Saldus Rajons'),
(1840, 117, 'TAL', 'Talsu Rajons'),
(1841, 117, 'TUK', 'Tukuma Rajons'),
(1842, 117, 'VLK', 'Valkas Rajons'),
(1843, 117, 'VLM', 'Valmieras Rajons'),
(1844, 117, 'VSR', 'Ventspils Rajons'),
(1845, 117, 'DGV', 'Daugavpils'),
(1846, 117, 'JGV', 'Jelgava'),
(1847, 117, 'JUR', 'Jurmala'),
(1848, 117, 'LPK', 'Liepaja'),
(1849, 117, 'RZK', 'Rezekne'),
(1850, 117, 'RGA', 'Riga'),
(1851, 117, 'VSL', 'Ventspils'),
(1852, 119, 'BE', 'Berea'),
(1853, 119, 'BB', 'Butha-Buthe'),
(1854, 119, 'LE', 'Leribe'),
(1855, 119, 'MF', 'Mafeteng'),
(1856, 119, 'MS', 'Maseru'),
(1857, 119, 'MH', 'Mohale''s Hoek'),
(1858, 119, 'MK', 'Mokhotlong'),
(1859, 119, 'QN', 'Qacha''s Nek'),
(1860, 119, 'QT', 'Quthing'),
(1861, 119, 'TT', 'Thaba-Tseka'),
(1862, 120, 'BI', 'Bomi'),
(1863, 120, 'BG', 'Bong'),
(1864, 120, 'GB', 'Grand Bassa'),
(1865, 120, 'CM', 'Grand Cape Mount'),
(1866, 120, 'GG', 'Grand Gedeh'),
(1867, 120, 'GK', 'Grand Kru'),
(1868, 120, 'LO', 'Lofa'),
(1869, 120, 'MG', 'Margibi'),
(1870, 120, 'ML', 'Maryland'),
(1871, 120, 'MS', 'Montserrado'),
(1872, 120, 'NB', 'Nimba'),
(1873, 120, 'RC', 'River Cess'),
(1874, 120, 'SN', 'Sinoe'),
(1875, 121, 'AJ', 'Ajdabiya'),
(1876, 121, 'AZ', 'Al ''Aziziyah'),
(1877, 121, 'FA', 'Al Fatih'),
(1878, 121, 'JA', 'Al Jabal al Akhdar'),
(1879, 121, 'JU', 'Al Jufrah'),
(1880, 121, 'KH', 'Al Khums'),
(1881, 121, 'KU', 'Al Kufrah'),
(1882, 121, 'NK', 'An Nuqat al Khams'),
(1883, 121, 'AS', 'Ash Shati'''),
(1884, 121, 'AW', 'Awbari'),
(1885, 121, 'ZA', 'Az Zawiyah'),
(1886, 121, 'BA', 'Banghazi'),
(1887, 121, 'DA', 'Darnah'),
(1888, 121, 'GD', 'Ghadamis'),
(1889, 121, 'GY', 'Gharyan'),
(1890, 121, 'MI', 'Misratah'),
(1891, 121, 'MZ', 'Murzuq'),
(1892, 121, 'SB', 'Sabha'),
(1893, 121, 'SW', 'Sawfajjin'),
(1894, 121, 'SU', 'Surt'),
(1895, 121, 'TL', 'Tarabulus (Tripoli)'),
(1896, 121, 'TH', 'Tarhunah'),
(1897, 121, 'TU', 'Tubruq'),
(1898, 121, 'YA', 'Yafran'),
(1899, 121, 'ZL', 'Zlitan'),
(1900, 122, 'V', 'Vaduz'),
(1901, 122, 'A', 'Schaan'),
(1902, 122, 'B', 'Balzers'),
(1903, 122, 'N', 'Triesen'),
(1904, 122, 'E', 'Eschen'),
(1905, 122, 'M', 'Mauren'),
(1906, 122, 'T', 'Triesenberg'),
(1907, 122, 'R', 'Ruggell'),
(1908, 122, 'G', 'Gamprin'),
(1909, 122, 'L', 'Schellenberg'),
(1910, 122, 'P', 'Planken'),
(1911, 123, 'AL', 'Alytus'),
(1912, 123, 'KA', 'Kaunas'),
(1913, 123, 'KL', 'Klaipeda'),
(1914, 123, 'MA', 'Marijampole'),
(1915, 123, 'PA', 'Panevezys'),
(1916, 123, 'SI', 'Siauliai'),
(1917, 123, 'TA', 'Taurage'),
(1918, 123, 'TE', 'Telsiai'),
(1919, 123, 'UT', 'Utena'),
(1920, 123, 'VI', 'Vilnius'),
(1921, 124, 'DD', 'Diekirch'),
(1922, 124, 'DC', 'Clervaux'),
(1923, 124, 'DR', 'Redange'),
(1924, 124, 'DV', 'Vianden'),
(1925, 124, 'DW', 'Wiltz'),
(1926, 124, 'GG', 'Grevenmacher'),
(1927, 124, 'GE', 'Echternach'),
(1928, 124, 'GR', 'Remich'),
(1929, 124, 'LL', 'Luxembourg'),
(1930, 124, 'LC', 'Capellen'),
(1931, 124, 'LE', 'Esch-sur-Alzette'),
(1932, 124, 'LM', 'Mersch'),
(1933, 125, 'OLF', 'Our Lady Fatima Parish'),
(1934, 125, 'ANT', 'St. Anthony Parish'),
(1935, 125, 'LAZ', 'St. Lazarus Parish'),
(1936, 125, 'CAT', 'Cathedral Parish'),
(1937, 125, 'LAW', 'St. Lawrence Parish'),
(1938, 127, 'AN', 'Antananarivo'),
(1939, 127, 'AS', 'Antsiranana'),
(1940, 127, 'FN', 'Fianarantsoa'),
(1941, 127, 'MJ', 'Mahajanga'),
(1942, 127, 'TM', 'Toamasina'),
(1943, 127, 'TL', 'Toliara'),
(1944, 128, 'BLK', 'Balaka'),
(1945, 128, 'BLT', 'Blantyre'),
(1946, 128, 'CKW', 'Chikwawa'),
(1947, 128, 'CRD', 'Chiradzulu'),
(1948, 128, 'CTP', 'Chitipa'),
(1949, 128, 'DDZ', 'Dedza'),
(1950, 128, 'DWA', 'Dowa'),
(1951, 128, 'KRG', 'Karonga'),
(1952, 128, 'KSG', 'Kasungu'),
(1953, 128, 'LKM', 'Likoma'),
(1954, 128, 'LLG', 'Lilongwe'),
(1955, 128, 'MCG', 'Machinga'),
(1956, 128, 'MGC', 'Mangochi'),
(1957, 128, 'MCH', 'Mchinji'),
(1958, 128, 'MLJ', 'Mulanje'),
(1959, 128, 'MWZ', 'Mwanza'),
(1960, 128, 'MZM', 'Mzimba'),
(1961, 128, 'NTU', 'Ntcheu'),
(1962, 128, 'NKB', 'Nkhata Bay'),
(1963, 128, 'NKH', 'Nkhotakota'),
(1964, 128, 'NSJ', 'Nsanje'),
(1965, 128, 'NTI', 'Ntchisi'),
(1966, 128, 'PHL', 'Phalombe'),
(1967, 128, 'RMP', 'Rumphi'),
(1968, 128, 'SLM', 'Salima'),
(1969, 128, 'THY', 'Thyolo'),
(1970, 128, 'ZBA', 'Zomba'),
(1971, 129, 'JO', 'Johor'),
(1972, 129, 'KE', 'Kedah'),
(1973, 129, 'KL', 'Kelantan'),
(1974, 129, 'LA', 'Labuan'),
(1975, 129, 'ME', 'Melaka'),
(1976, 129, 'NS', 'Negeri Sembilan'),
(1977, 129, 'PA', 'Pahang'),
(1978, 129, 'PE', 'Perak'),
(1979, 129, 'PR', 'Perlis'),
(1980, 129, 'PP', 'Pulau Pinang'),
(1981, 129, 'SA', 'Sabah'),
(1982, 129, 'SR', 'Sarawak'),
(1983, 129, 'SE', 'Selangor'),
(1984, 129, 'TE', 'Terengganu'),
(1985, 129, 'WP', 'Wilayah Persekutuan'),
(1986, 130, 'THU', 'Thiladhunmathi Uthuru'),
(1987, 130, 'THD', 'Thiladhunmathi Dhekunu'),
(1988, 130, 'MLU', 'Miladhunmadulu Uthuru'),
(1989, 130, 'MLD', 'Miladhunmadulu Dhekunu'),
(1990, 130, 'MAU', 'Maalhosmadulu Uthuru'),
(1991, 130, 'MAD', 'Maalhosmadulu Dhekunu'),
(1992, 130, 'FAA', 'Faadhippolhu'),
(1993, 130, 'MAA', 'Male Atoll'),
(1994, 130, 'AAU', 'Ari Atoll Uthuru'),
(1995, 130, 'AAD', 'Ari Atoll Dheknu'),
(1996, 130, 'FEA', 'Felidhe Atoll'),
(1997, 130, 'MUA', 'Mulaku Atoll'),
(1998, 130, 'NAU', 'Nilandhe Atoll Uthuru'),
(1999, 130, 'NAD', 'Nilandhe Atoll Dhekunu'),
(2000, 130, 'KLH', 'Kolhumadulu'),
(2001, 130, 'HDH', 'Hadhdhunmathi'),
(2002, 130, 'HAU', 'Huvadhu Atoll Uthuru'),
(2003, 130, 'HAD', 'Huvadhu Atoll Dhekunu'),
(2004, 130, 'FMU', 'Fua Mulaku'),
(2005, 130, 'ADD', 'Addu'),
(2006, 131, 'GA', 'Gao'),
(2007, 131, 'KY', 'Kayes'),
(2008, 131, 'KD', 'Kidal'),
(2009, 131, 'KL', 'Koulikoro'),
(2010, 131, 'MP', 'Mopti'),
(2011, 131, 'SG', 'Segou'),
(2012, 131, 'SK', 'Sikasso'),
(2013, 131, 'TB', 'Tombouctou'),
(2014, 131, 'CD', 'Bamako Capital District'),
(2015, 132, 'ATT', 'Attard'),
(2016, 132, 'BAL', 'Balzan'),
(2017, 132, 'BGU', 'Birgu'),
(2018, 132, 'BKK', 'Birkirkara'),
(2019, 132, 'BRZ', 'Birzebbuga'),
(2020, 132, 'BOR', 'Bormla'),
(2021, 132, 'DIN', 'Dingli'),
(2022, 132, 'FGU', 'Fgura'),
(2023, 132, 'FLO', 'Floriana'),
(2024, 132, 'GDJ', 'Gudja'),
(2025, 132, 'GZR', 'Gzira'),
(2026, 132, 'GRG', 'Gargur'),
(2027, 132, 'GXQ', 'Gaxaq'),
(2028, 132, 'HMR', 'Hamrun'),
(2029, 132, 'IKL', 'Iklin'),
(2030, 132, 'ISL', 'Isla'),
(2031, 132, 'KLK', 'Kalkara'),
(2032, 132, 'KRK', 'Kirkop'),
(2033, 132, 'LIJ', 'Lija'),
(2034, 132, 'LUQ', 'Luqa'),
(2035, 132, 'MRS', 'Marsa'),
(2036, 132, 'MKL', 'Marsaskala'),
(2037, 132, 'MXL', 'Marsaxlokk'),
(2038, 132, 'MDN', 'Mdina'),
(2039, 132, 'MEL', 'Melliea'),
(2040, 132, 'MGR', 'Mgarr'),
(2041, 132, 'MST', 'Mosta'),
(2042, 132, 'MQA', 'Mqabba'),
(2043, 132, 'MSI', 'Msida'),
(2044, 132, 'MTF', 'Mtarfa'),
(2045, 132, 'NAX', 'Naxxar'),
(2046, 132, 'PAO', 'Paola'),
(2047, 132, 'PEM', 'Pembroke'),
(2048, 132, 'PIE', 'Pieta'),
(2049, 132, 'QOR', 'Qormi'),
(2050, 132, 'QRE', 'Qrendi'),
(2051, 132, 'RAB', 'Rabat'),
(2052, 132, 'SAF', 'Safi'),
(2053, 132, 'SGI', 'San Giljan'),
(2054, 132, 'SLU', 'Santa Lucija'),
(2055, 132, 'SPB', 'San Pawl il-Bahar'),
(2056, 132, 'SGW', 'San Gwann'),
(2057, 132, 'SVE', 'Santa Venera'),
(2058, 132, 'SIG', 'Siggiewi'),
(2059, 132, 'SLM', 'Sliema'),
(2060, 132, 'SWQ', 'Swieqi'),
(2061, 132, 'TXB', 'Ta Xbiex'),
(2062, 132, 'TRX', 'Tarxien'),
(2063, 132, 'VLT', 'Valletta'),
(2064, 132, 'XGJ', 'Xgajra'),
(2065, 132, 'ZBR', 'Zabbar'),
(2066, 132, 'ZBG', 'Zebbug'),
(2067, 132, 'ZJT', 'Zejtun'),
(2068, 132, 'ZRQ', 'Zurrieq'),
(2069, 132, 'FNT', 'Fontana'),
(2070, 132, 'GHJ', 'Ghajnsielem'),
(2071, 132, 'GHR', 'Gharb'),
(2072, 132, 'GHS', 'Ghasri'),
(2073, 132, 'KRC', 'Kercem'),
(2074, 132, 'MUN', 'Munxar'),
(2075, 132, 'NAD', 'Nadur'),
(2076, 132, 'QAL', 'Qala'),
(2077, 132, 'VIC', 'Victoria'),
(2078, 132, 'SLA', 'San Lawrenz'),
(2079, 132, 'SNT', 'Sannat'),
(2080, 132, 'ZAG', 'Xagra'),
(2081, 132, 'XEW', 'Xewkija'),
(2082, 132, 'ZEB', 'Zebbug'),
(2083, 133, 'ALG', 'Ailinginae'),
(2084, 133, 'ALL', 'Ailinglaplap'),
(2085, 133, 'ALK', 'Ailuk'),
(2086, 133, 'ARN', 'Arno'),
(2087, 133, 'AUR', 'Aur'),
(2088, 133, 'BKR', 'Bikar'),
(2089, 133, 'BKN', 'Bikini'),
(2090, 133, 'BKK', 'Bokak'),
(2091, 133, 'EBN', 'Ebon'),
(2092, 133, 'ENT', 'Enewetak'),
(2093, 133, 'EKB', 'Erikub'),
(2094, 133, 'JBT', 'Jabat'),
(2095, 133, 'JLT', 'Jaluit'),
(2096, 133, 'JEM', 'Jemo'),
(2097, 133, 'KIL', 'Kili'),
(2098, 133, 'KWJ', 'Kwajalein'),
(2099, 133, 'LAE', 'Lae'),
(2100, 133, 'LIB', 'Lib'),
(2101, 133, 'LKP', 'Likiep'),
(2102, 133, 'MJR', 'Majuro'),
(2103, 133, 'MLP', 'Maloelap'),
(2104, 133, 'MJT', 'Mejit'),
(2105, 133, 'MIL', 'Mili'),
(2106, 133, 'NMK', 'Namorik'),
(2107, 133, 'NAM', 'Namu'),
(2108, 133, 'RGL', 'Rongelap'),
(2109, 133, 'RGK', 'Rongrik'),
(2110, 133, 'TOK', 'Toke'),
(2111, 133, 'UJA', 'Ujae'),
(2112, 133, 'UJL', 'Ujelang'),
(2113, 133, 'UTK', 'Utirik'),
(2114, 133, 'WTH', 'Wotho'),
(2115, 133, 'WTJ', 'Wotje'),
(2116, 135, 'AD', 'Adrar'),
(2117, 135, 'AS', 'Assaba'),
(2118, 135, 'BR', 'Brakna'),
(2119, 135, 'DN', 'Dakhlet Nouadhibou'),
(2120, 135, 'GO', 'Gorgol'),
(2121, 135, 'GM', 'Guidimaka'),
(2122, 135, 'HC', 'Hodh Ech Chargui'),
(2123, 135, 'HG', 'Hodh El Gharbi'),
(2124, 135, 'IN', 'Inchiri'),
(2125, 135, 'TA', 'Tagant'),
(2126, 135, 'TZ', 'Tiris Zemmour'),
(2127, 135, 'TR', 'Trarza'),
(2128, 135, 'NO', 'Nouakchott'),
(2129, 136, 'BR', 'Beau Bassin-Rose Hill'),
(2130, 136, 'CU', 'Curepipe'),
(2131, 136, 'PU', 'Port Louis'),
(2132, 136, 'QB', 'Quatre Bornes'),
(2133, 136, 'VP', 'Vacoas-Phoenix'),
(2134, 136, 'AG', 'Agalega Islands'),
(2135, 136, 'CC', 'Cargados Carajos Shoals (Saint Brandon Islands)'),
(2136, 136, 'RO', 'Rodrigues'),
(2137, 136, 'BL', 'Black River'),
(2138, 136, 'FL', 'Flacq'),
(2139, 136, 'GP', 'Grand Port'),
(2140, 136, 'MO', 'Moka'),
(2141, 136, 'PA', 'Pamplemousses'),
(2142, 136, 'PW', 'Plaines Wilhems'),
(2143, 136, 'PL', 'Port Louis'),
(2144, 136, 'RR', 'Riviere du Rempart'),
(2145, 136, 'SA', 'Savanne'),
(2146, 138, 'BN', 'Baja California Norte'),
(2147, 138, 'BS', 'Baja California Sur'),
(2148, 138, 'CA', 'Campeche'),
(2149, 138, 'CI', 'Chiapas'),
(2150, 138, 'CH', 'Chihuahua'),
(2151, 138, 'CZ', 'Coahuila de Zaragoza'),
(2152, 138, 'CL', 'Colima'),
(2153, 138, 'DF', 'Distrito Federal'),
(2154, 138, 'DU', 'Durango'),
(2155, 138, 'GA', 'Guanajuato'),
(2156, 138, 'GE', 'Guerrero'),
(2157, 138, 'HI', 'Hidalgo'),
(2158, 138, 'JA', 'Jalisco'),
(2159, 138, 'ME', 'Mexico'),
(2160, 138, 'MI', 'Michoacan de Ocampo'),
(2161, 138, 'MO', 'Morelos'),
(2162, 138, 'NA', 'Nayarit'),
(2163, 138, 'NL', 'Nuevo Leon'),
(2164, 138, 'OA', 'Oaxaca'),
(2165, 138, 'PU', 'Puebla'),
(2166, 138, 'QA', 'Queretaro de Arteaga'),
(2167, 138, 'QR', 'Quintana Roo'),
(2168, 138, 'SA', 'San Luis Potosi'),
(2169, 138, 'SI', 'Sinaloa'),
(2170, 138, 'SO', 'Sonora'),
(2171, 138, 'TB', 'Tabasco'),
(2172, 138, 'TM', 'Tamaulipas'),
(2173, 138, 'TL', 'Tlaxcala'),
(2174, 138, 'VE', 'Veracruz-Llave'),
(2175, 138, 'YU', 'Yucatan'),
(2176, 138, 'ZA', 'Zacatecas'),
(2177, 139, 'C', 'Chuuk'),
(2178, 139, 'K', 'Kosrae'),
(2179, 139, 'P', 'Pohnpei'),
(2180, 139, 'Y', 'Yap'),
(2181, 140, 'GA', 'Gagauzia'),
(2182, 140, 'CU', 'Chisinau'),
(2183, 140, 'BA', 'Balti'),
(2184, 140, 'CA', 'Cahul'),
(2185, 140, 'ED', 'Edinet'),
(2186, 140, 'LA', 'Lapusna'),
(2187, 140, 'OR', 'Orhei'),
(2188, 140, 'SO', 'Soroca'),
(2189, 140, 'TI', 'Tighina'),
(2190, 140, 'UN', 'Ungheni'),
(2191, 140, 'SN', 'St‚nga Nistrului'),
(2192, 141, 'FV', 'Fontvieille'),
(2193, 141, 'LC', 'La Condamine'),
(2194, 141, 'MV', 'Monaco-Ville'),
(2195, 141, 'MC', 'Monte-Carlo'),
(2196, 142, '1', 'Ulanbaatar'),
(2197, 142, '035', 'Orhon'),
(2198, 142, '037', 'Darhan uul'),
(2199, 142, '039', 'Hentiy'),
(2200, 142, '041', 'Hovsgol'),
(2201, 142, '043', 'Hovd'),
(2202, 142, '046', 'Uvs'),
(2203, 142, '047', 'Tov'),
(2204, 142, '049', 'Selenge'),
(2205, 142, '051', 'Suhbaatar'),
(2206, 142, '053', 'Omnogovi'),
(2207, 142, '055', 'Ovorhangay'),
(2208, 142, '057', 'Dzavhan'),
(2209, 142, '059', 'DundgovL'),
(2210, 142, '061', 'Dornod'),
(2211, 142, '063', 'Dornogov'),
(2212, 142, '064', 'Govi-Sumber'),
(2213, 142, '065', 'Govi-Altay'),
(2214, 142, '067', 'Bulgan'),
(2215, 142, '069', 'Bayanhongor'),
(2216, 142, '071', 'Bayan-Olgiy'),
(2217, 142, '073', 'Arhangay'),
(2218, 143, 'A', 'Saint Anthony'),
(2219, 143, 'G', 'Saint Georges'),
(2220, 143, 'P', 'Saint Peter'),
(2221, 144, 'AGD', 'Agadir'),
(2222, 144, 'HOC', 'Al Hoceima'),
(2223, 144, 'AZI', 'Azilal'),
(2224, 144, 'BME', 'Beni Mellal'),
(2225, 144, 'BSL', 'Ben Slimane'),
(2226, 144, 'BLM', 'Boulemane'),
(2227, 144, 'CBL', 'Casablanca'),
(2228, 144, 'CHA', 'Chaouen'),
(2229, 144, 'EJA', 'El Jadida'),
(2230, 144, 'EKS', 'El Kelaa des Sraghna'),
(2231, 144, 'ERA', 'Er Rachidia'),
(2232, 144, 'ESS', 'Essaouira'),
(2233, 144, 'FES', 'Fes'),
(2234, 144, 'FIG', 'Figuig'),
(2235, 144, 'GLM', 'Guelmim'),
(2236, 144, 'IFR', 'Ifrane'),
(2237, 144, 'KEN', 'Kenitra'),
(2238, 144, 'KHM', 'Khemisset'),
(2239, 144, 'KHN', 'Khenifra'),
(2240, 144, 'KHO', 'Khouribga'),
(2241, 144, 'LYN', 'Laayoune'),
(2242, 144, 'LAR', 'Larache'),
(2243, 144, 'MRK', 'Marrakech'),
(2244, 144, 'MKN', 'Meknes'),
(2245, 144, 'NAD', 'Nador'),
(2246, 144, 'ORZ', 'Ouarzazate'),
(2247, 144, 'OUJ', 'Oujda'),
(2248, 144, 'RSA', 'Rabat-Sale'),
(2249, 144, 'SAF', 'Safi'),
(2250, 144, 'SET', 'Settat'),
(2251, 144, 'SKA', 'Sidi Kacem'),
(2252, 144, 'TGR', 'Tangier'),
(2253, 144, 'TAN', 'Tan-Tan'),
(2254, 144, 'TAO', 'Taounate'),
(2255, 144, 'TRD', 'Taroudannt'),
(2256, 144, 'TAT', 'Tata'),
(2257, 144, 'TAZ', 'Taza'),
(2258, 144, 'TET', 'Tetouan'),
(2259, 144, 'TIZ', 'Tiznit'),
(2260, 144, 'ADK', 'Ad Dakhla'),
(2261, 144, 'BJD', 'Boujdour'),
(2262, 144, 'ESM', 'Es Smara'),
(2263, 145, 'CD', 'Cabo Delgado'),
(2264, 145, 'GZ', 'Gaza'),
(2265, 145, 'IN', 'Inhambane'),
(2266, 145, 'MN', 'Manica'),
(2267, 145, 'MC', 'Maputo (city)'),
(2268, 145, 'MP', 'Maputo'),
(2269, 145, 'NA', 'Nampula'),
(2270, 145, 'NI', 'Niassa'),
(2271, 145, 'SO', 'Sofala'),
(2272, 145, 'TE', 'Tete'),
(2273, 145, 'ZA', 'Zambezia'),
(2274, 146, 'AY', 'Ayeyarwady'),
(2275, 146, 'BG', 'Bago'),
(2276, 146, 'MG', 'Magway'),
(2277, 146, 'MD', 'Mandalay'),
(2278, 146, 'SG', 'Sagaing'),
(2279, 146, 'TN', 'Tanintharyi'),
(2280, 146, 'YG', 'Yangon'),
(2281, 146, 'CH', 'Chin State'),
(2282, 146, 'KC', 'Kachin State'),
(2283, 146, 'KH', 'Kayah State'),
(2284, 146, 'KN', 'Kayin State'),
(2285, 146, 'MN', 'Mon State'),
(2286, 146, 'RK', 'Rakhine State'),
(2287, 146, 'SH', 'Shan State'),
(2288, 147, 'CA', 'Caprivi'),
(2289, 147, 'ER', 'Erongo'),
(2290, 147, 'HA', 'Hardap'),
(2291, 147, 'KR', 'Karas'),
(2292, 147, 'KV', 'Kavango'),
(2293, 147, 'KH', 'Khomas'),
(2294, 147, 'KU', 'Kunene'),
(2295, 147, 'OW', 'Ohangwena'),
(2296, 147, 'OK', 'Omaheke'),
(2297, 147, 'OT', 'Omusati'),
(2298, 147, 'ON', 'Oshana'),
(2299, 147, 'OO', 'Oshikoto'),
(2300, 147, 'OJ', 'Otjozondjupa'),
(2301, 148, 'AO', 'Aiwo'),
(2302, 148, 'AA', 'Anabar'),
(2303, 148, 'AT', 'Anetan'),
(2304, 148, 'AI', 'Anibare'),
(2305, 148, 'BA', 'Baiti'),
(2306, 148, 'BO', 'Boe'),
(2307, 148, 'BU', 'Buada'),
(2308, 148, 'DE', 'Denigomodu'),
(2309, 148, 'EW', 'Ewa'),
(2310, 148, 'IJ', 'Ijuw'),
(2311, 148, 'ME', 'Meneng'),
(2312, 148, 'NI', 'Nibok'),
(2313, 148, 'UA', 'Uaboe'),
(2314, 148, 'YA', 'Yaren'),
(2315, 149, 'BA', 'Bagmati'),
(2316, 149, 'BH', 'Bheri'),
(2317, 149, 'DH', 'Dhawalagiri'),
(2318, 149, 'GA', 'Gandaki'),
(2319, 149, 'JA', 'Janakpur'),
(2320, 149, 'KA', 'Karnali'),
(2321, 149, 'KO', 'Kosi'),
(2322, 149, 'LU', 'Lumbini'),
(2323, 149, 'MA', 'Mahakali'),
(2324, 149, 'ME', 'Mechi'),
(2325, 149, 'NA', 'Narayani'),
(2326, 149, 'RA', 'Rapti'),
(2327, 149, 'SA', 'Sagarmatha'),
(2328, 149, 'SE', 'Seti'),
(2329, 150, 'DR', 'Drenthe'),
(2330, 150, 'FL', 'Flevoland'),
(2331, 150, 'FR', 'Friesland'),
(2332, 150, 'GE', 'Gelderland'),
(2333, 150, 'GR', 'Groningen'),
(2334, 150, 'LI', 'Limburg'),
(2335, 150, 'NB', 'Noord Brabant'),
(2336, 150, 'NH', 'Noord Holland'),
(2337, 150, 'OV', 'Overijssel'),
(2338, 150, 'UT', 'Utrecht'),
(2339, 150, 'ZE', 'Zeeland'),
(2340, 150, 'ZH', 'Zuid Holland'),
(2341, 152, 'L', 'Iles Loyaute'),
(2342, 152, 'N', 'Nord'),
(2343, 152, 'S', 'Sud'),
(2344, 153, 'AUK', 'Auckland'),
(2345, 153, 'BOP', 'Bay of Plenty'),
(2346, 153, 'CAN', 'Canterbury'),
(2347, 153, 'COR', 'Coromandel'),
(2348, 153, 'GIS', 'Gisborne'),
(2349, 153, 'FIO', 'Fiordland'),
(2350, 153, 'HKB', 'Hawke''s Bay'),
(2351, 153, 'MBH', 'Marlborough'),
(2352, 153, 'MWT', 'Manawatu-Wanganui'),
(2353, 153, 'MCM', 'Mt Cook-Mackenzie'),
(2354, 153, 'NSN', 'Nelson'),
(2355, 153, 'NTL', 'Northland'),
(2356, 153, 'OTA', 'Otago'),
(2357, 153, 'STL', 'Southland'),
(2358, 153, 'TKI', 'Taranaki'),
(2359, 153, 'WGN', 'Wellington'),
(2360, 153, 'WKO', 'Waikato'),
(2361, 153, 'WAI', 'Wairprarapa'),
(2362, 153, 'WTC', 'West Coast'),
(2363, 154, 'AN', 'Atlantico Norte'),
(2364, 154, 'AS', 'Atlantico Sur'),
(2365, 154, 'BO', 'Boaco'),
(2366, 154, 'CA', 'Carazo'),
(2367, 154, 'CI', 'Chinandega'),
(2368, 154, 'CO', 'Chontales'),
(2369, 154, 'ES', 'Esteli'),
(2370, 154, 'GR', 'Granada'),
(2371, 154, 'JI', 'Jinotega'),
(2372, 154, 'LE', 'Leon'),
(2373, 154, 'MD', 'Madriz'),
(2374, 154, 'MN', 'Managua'),
(2375, 154, 'MS', 'Masaya'),
(2376, 154, 'MT', 'Matagalpa'),
(2377, 154, 'NS', 'Nuevo Segovia'),
(2378, 154, 'RS', 'Rio San Juan'),
(2379, 154, 'RI', 'Rivas'),
(2380, 155, 'AG', 'Agadez'),
(2381, 155, 'DF', 'Diffa'),
(2382, 155, 'DS', 'Dosso'),
(2383, 155, 'MA', 'Maradi'),
(2384, 155, 'NM', 'Niamey'),
(2385, 155, 'TH', 'Tahoua'),
(2386, 155, 'TL', 'Tillaberi'),
(2387, 155, 'ZD', 'Zinder'),
(2388, 156, 'AB', 'Abia'),
(2389, 156, 'CT', 'Abuja Federal Capital Territory'),
(2390, 156, 'AD', 'Adamawa'),
(2391, 156, 'AK', 'Akwa Ibom'),
(2392, 156, 'AN', 'Anambra'),
(2393, 156, 'BC', 'Bauchi'),
(2394, 156, 'BY', 'Bayelsa'),
(2395, 156, 'BN', 'Benue'),
(2396, 156, 'BO', 'Borno'),
(2397, 156, 'CR', 'Cross River'),
(2398, 156, 'DE', 'Delta'),
(2399, 156, 'EB', 'Ebonyi'),
(2400, 156, 'ED', 'Edo'),
(2401, 156, 'EK', 'Ekiti'),
(2402, 156, 'EN', 'Enugu'),
(2403, 156, 'GO', 'Gombe'),
(2404, 156, 'IM', 'Imo'),
(2405, 156, 'JI', 'Jigawa'),
(2406, 156, 'KD', 'Kaduna'),
(2407, 156, 'KN', 'Kano'),
(2408, 156, 'KT', 'Katsina'),
(2409, 156, 'KE', 'Kebbi'),
(2410, 156, 'KO', 'Kogi'),
(2411, 156, 'KW', 'Kwara'),
(2412, 156, 'LA', 'Lagos'),
(2413, 156, 'NA', 'Nassarawa'),
(2414, 156, 'NI', 'Niger'),
(2415, 156, 'OG', 'Ogun'),
(2416, 156, 'ONG', 'Ondo'),
(2417, 156, 'OS', 'Osun'),
(2418, 156, 'OY', 'Oyo'),
(2419, 156, 'PL', 'Plateau'),
(2420, 156, 'RI', 'Rivers'),
(2421, 156, 'SO', 'Sokoto'),
(2422, 156, 'TA', 'Taraba'),
(2423, 156, 'YO', 'Yobe'),
(2424, 156, 'ZA', 'Zamfara'),
(2425, 159, 'N', 'Northern Islands'),
(2426, 159, 'R', 'Rota'),
(2427, 159, 'S', 'Saipan'),
(2428, 159, 'T', 'Tinian'),
(2429, 160, 'AK', 'Akershus'),
(2430, 160, 'AA', 'Aust-Agder'),
(2431, 160, 'BU', 'Buskerud'),
(2432, 160, 'FM', 'Finnmark'),
(2433, 160, 'HM', 'Hedmark'),
(2434, 160, 'HL', 'Hordaland'),
(2435, 160, 'MR', 'More og Romdal'),
(2436, 160, 'NT', 'Nord-Trondelag'),
(2437, 160, 'NL', 'Nordland'),
(2438, 160, 'OF', 'Ostfold'),
(2439, 160, 'OP', 'Oppland'),
(2440, 160, 'OL', 'Oslo'),
(2441, 160, 'RL', 'Rogaland'),
(2442, 160, 'ST', 'Sor-Trondelag'),
(2443, 160, 'SJ', 'Sogn og Fjordane'),
(2444, 160, 'SV', 'Svalbard'),
(2445, 160, 'TM', 'Telemark'),
(2446, 160, 'TR', 'Troms'),
(2447, 160, 'VA', 'Vest-Agder'),
(2448, 160, 'VF', 'Vestfold'),
(2449, 161, 'DA', 'Ad Dakhiliyah'),
(2450, 161, 'BA', 'Al Batinah'),
(2451, 161, 'WU', 'Al Wusta'),
(2452, 161, 'SH', 'Ash Sharqiyah'),
(2453, 161, 'ZA', 'Az Zahirah'),
(2454, 161, 'MA', 'Masqat'),
(2455, 161, 'MU', 'Musandam'),
(2456, 161, 'ZU', 'Zufar'),
(2457, 162, 'B', 'Balochistan'),
(2458, 162, 'T', 'Federally Administered Tribal Areas'),
(2459, 162, 'I', 'Islamabad Capital Territory'),
(2460, 162, 'N', 'North-West Frontier'),
(2461, 162, 'P', 'Punjab'),
(2462, 162, 'S', 'Sindh'),
(2463, 163, 'AM', 'Aimeliik'),
(2464, 163, 'AR', 'Airai'),
(2465, 163, 'AN', 'Angaur'),
(2466, 163, 'HA', 'Hatohobei'),
(2467, 163, 'KA', 'Kayangel'),
(2468, 163, 'KO', 'Koror'),
(2469, 163, 'ME', 'Melekeok'),
(2470, 163, 'NA', 'Ngaraard'),
(2471, 163, 'NG', 'Ngarchelong'),
(2472, 163, 'ND', 'Ngardmau'),
(2473, 163, 'NT', 'Ngatpang'),
(2474, 163, 'NC', 'Ngchesar'),
(2475, 163, 'NR', 'Ngeremlengui'),
(2476, 163, 'NW', 'Ngiwal'),
(2477, 163, 'PE', 'Peleliu'),
(2478, 163, 'SO', 'Sonsorol'),
(2479, 164, 'BT', 'Bocas del Toro'),
(2480, 164, 'CH', 'Chiriqui'),
(2481, 164, 'CC', 'Cocle'),
(2482, 164, 'CL', 'Colon'),
(2483, 164, 'DA', 'Darien'),
(2484, 164, 'HE', 'Herrera'),
(2485, 164, 'LS', 'Los Santos'),
(2486, 164, 'PA', 'Panama'),
(2487, 164, 'SB', 'San Blas'),
(2488, 164, 'VG', 'Veraguas'),
(2489, 165, 'BV', 'Bougainville'),
(2490, 165, 'CE', 'Central'),
(2491, 165, 'CH', 'Chimbu'),
(2492, 165, 'EH', 'Eastern Highlands'),
(2493, 165, 'EB', 'East New Britain'),
(2494, 165, 'ES', 'East Sepik'),
(2495, 165, 'EN', 'Enga'),
(2496, 165, 'GU', 'Gulf'),
(2497, 165, 'MD', 'Madang'),
(2498, 165, 'MN', 'Manus'),
(2499, 165, 'MB', 'Milne Bay'),
(2500, 165, 'MR', 'Morobe'),
(2501, 165, 'NC', 'National Capital'),
(2502, 165, 'NI', 'New Ireland'),
(2503, 165, 'NO', 'Northern'),
(2504, 165, 'SA', 'Sandaun'),
(2505, 165, 'SH', 'Southern Highlands'),
(2506, 165, 'WE', 'Western'),
(2507, 165, 'WH', 'Western Highlands'),
(2508, 165, 'WB', 'West New Britain'),
(2509, 166, 'AG', 'Alto Paraguay'),
(2510, 166, 'AN', 'Alto Parana'),
(2511, 166, 'AM', 'Amambay'),
(2512, 166, 'AS', 'Asuncion'),
(2513, 166, 'BO', 'Boqueron'),
(2514, 166, 'CG', 'Caaguazu'),
(2515, 166, 'CZ', 'Caazapa'),
(2516, 166, 'CN', 'Canindeyu'),
(2517, 166, 'CE', 'Central'),
(2518, 166, 'CC', 'Concepcion'),
(2519, 166, 'CD', 'Cordillera'),
(2520, 166, 'GU', 'Guaira'),
(2521, 166, 'IT', 'Itapua'),
(2522, 166, 'MI', 'Misiones'),
(2523, 166, 'NE', 'Neembucu'),
(2524, 166, 'PA', 'Paraguari'),
(2525, 166, 'PH', 'Presidente Hayes'),
(2526, 166, 'SP', 'San Pedro'),
(2527, 167, 'AM', 'Amazonas'),
(2528, 167, 'AN', 'Ancash'),
(2529, 167, 'AP', 'Apurimac'),
(2530, 167, 'AR', 'Arequipa'),
(2531, 167, 'AY', 'Ayacucho'),
(2532, 167, 'CJ', 'Cajamarca'),
(2533, 167, 'CL', 'Callao'),
(2534, 167, 'CU', 'Cusco'),
(2535, 167, 'HV', 'Huancavelica'),
(2536, 167, 'HO', 'Huanuco'),
(2537, 167, 'IC', 'Ica'),
(2538, 167, 'JU', 'Junin'),
(2539, 167, 'LD', 'La Libertad'),
(2540, 167, 'LY', 'Lambayeque'),
(2541, 167, 'LI', 'Lima'),
(2542, 167, 'LO', 'Loreto'),
(2543, 167, 'MD', 'Madre de Dios'),
(2544, 167, 'MO', 'Moquegua'),
(2545, 167, 'PA', 'Pasco'),
(2546, 167, 'PI', 'Piura'),
(2547, 167, 'PU', 'Puno'),
(2548, 167, 'SM', 'San Martin'),
(2549, 167, 'TA', 'Tacna'),
(2550, 167, 'TU', 'Tumbes'),
(2551, 167, 'UC', 'Ucayali'),
(2552, 168, 'ABR', 'Abra'),
(2553, 168, 'ANO', 'Agusan del Norte'),
(2554, 168, 'ASU', 'Agusan del Sur'),
(2555, 168, 'AKL', 'Aklan'),
(2556, 168, 'ALB', 'Albay'),
(2557, 168, 'ANT', 'Antique'),
(2558, 168, 'APY', 'Apayao'),
(2559, 168, 'AUR', 'Aurora'),
(2560, 168, 'BAS', 'Basilan'),
(2561, 168, 'BTA', 'Bataan'),
(2562, 168, 'BTE', 'Batanes'),
(2563, 168, 'BTG', 'Batangas'),
(2564, 168, 'BLR', 'Biliran'),
(2565, 168, 'BEN', 'Benguet'),
(2566, 168, 'BOL', 'Bohol'),
(2567, 168, 'BUK', 'Bukidnon'),
(2568, 168, 'BUL', 'Bulacan'),
(2569, 168, 'CAG', 'Cagayan'),
(2570, 168, 'CNO', 'Camarines Norte'),
(2571, 168, 'CSU', 'Camarines Sur'),
(2572, 168, 'CAM', 'Camiguin'),
(2573, 168, 'CAP', 'Capiz'),
(2574, 168, 'CAT', 'Catanduanes'),
(2575, 168, 'CAV', 'Cavite'),
(2576, 168, 'CEB', 'Cebu'),
(2577, 168, 'CMP', 'Compostela'),
(2578, 168, 'DNO', 'Davao del Norte'),
(2579, 168, 'DSU', 'Davao del Sur'),
(2580, 168, 'DOR', 'Davao Oriental'),
(2581, 168, 'ESA', 'Eastern Samar'),
(2582, 168, 'GUI', 'Guimaras'),
(2583, 168, 'IFU', 'Ifugao'),
(2584, 168, 'INO', 'Ilocos Norte'),
(2585, 168, 'ISU', 'Ilocos Sur'),
(2586, 168, 'ILO', 'Iloilo'),
(2587, 168, 'ISA', 'Isabela'),
(2588, 168, 'KAL', 'Kalinga'),
(2589, 168, 'LAG', 'Laguna'),
(2590, 168, 'LNO', 'Lanao del Norte'),
(2591, 168, 'LSU', 'Lanao del Sur'),
(2592, 168, 'UNI', 'La Union'),
(2593, 168, 'LEY', 'Leyte'),
(2594, 168, 'MAG', 'Maguindanao'),
(2595, 168, 'MRN', 'Marinduque'),
(2596, 168, 'MSB', 'Masbate'),
(2597, 168, 'MIC', 'Mindoro Occidental'),
(2598, 168, 'MIR', 'Mindoro Oriental'),
(2599, 168, 'MSC', 'Misamis Occidental'),
(2600, 168, 'MOR', 'Misamis Oriental'),
(2601, 168, 'MOP', 'Mountain'),
(2602, 168, 'NOC', 'Negros Occidental'),
(2603, 168, 'NOR', 'Negros Oriental'),
(2604, 168, 'NCT', 'North Cotabato'),
(2605, 168, 'NSM', 'Northern Samar'),
(2606, 168, 'NEC', 'Nueva Ecija'),
(2607, 168, 'NVZ', 'Nueva Vizcaya'),
(2608, 168, 'PLW', 'Palawan'),
(2609, 168, 'PMP', 'Pampanga'),
(2610, 168, 'PNG', 'Pangasinan'),
(2611, 168, 'QZN', 'Quezon'),
(2612, 168, 'QRN', 'Quirino'),
(2613, 168, 'RIZ', 'Rizal'),
(2614, 168, 'ROM', 'Romblon'),
(2615, 168, 'SMR', 'Samar'),
(2616, 168, 'SRG', 'Sarangani'),
(2617, 168, 'SQJ', 'Siquijor'),
(2618, 168, 'SRS', 'Sorsogon'),
(2619, 168, 'SCO', 'South Cotabato'),
(2620, 168, 'SLE', 'Southern Leyte'),
(2621, 168, 'SKU', 'Sultan Kudarat'),
(2622, 168, 'SLU', 'Sulu'),
(2623, 168, 'SNO', 'Surigao del Norte'),
(2624, 168, 'SSU', 'Surigao del Sur'),
(2625, 168, 'TAR', 'Tarlac'),
(2626, 168, 'TAW', 'Tawi-Tawi'),
(2627, 168, 'ZBL', 'Zambales'),
(2628, 168, 'ZNO', 'Zamboanga del Norte'),
(2629, 168, 'ZSU', 'Zamboanga del Sur'),
(2630, 168, 'ZSI', 'Zamboanga Sibugay'),
(2631, 170, 'DO', 'Dolnoslaskie'),
(2632, 170, 'KP', 'Kujawsko-Pomorskie'),
(2633, 170, 'LO', 'Lodzkie'),
(2634, 170, 'LL', 'Lubelskie'),
(2635, 170, 'LU', 'Lubuskie'),
(2636, 170, 'ML', 'Malopolskie'),
(2637, 170, 'MZ', 'Mazowieckie'),
(2638, 170, 'OP', 'Opolskie'),
(2639, 170, 'PP', 'Podkarpackie'),
(2640, 170, 'PL', 'Podlaskie'),
(2641, 170, 'PM', 'Pomorskie'),
(2642, 170, 'SL', 'Slaskie'),
(2643, 170, 'SW', 'Swietokrzyskie'),
(2644, 170, 'WM', 'Warminsko-Mazurskie'),
(2645, 170, 'WP', 'Wielkopolskie'),
(2646, 170, 'ZA', 'Zachodniopomorskie'),
(2647, 198, 'P', 'Saint Pierre'),
(2648, 198, 'M', 'Miquelon'),
(2649, 171, 'AC', 'A&ccedil;ores'),
(2650, 171, 'AV', 'Aveiro'),
(2651, 171, 'BE', 'Beja'),
(2652, 171, 'BR', 'Braga'),
(2653, 171, 'BA', 'Bragan&ccedil;a'),
(2654, 171, 'CB', 'Castelo Branco'),
(2655, 171, 'CO', 'Coimbra'),
(2656, 171, 'EV', '&Eacute;vora'),
(2657, 171, 'FA', 'Faro'),
(2658, 171, 'GU', 'Guarda'),
(2659, 171, 'LE', 'Leiria'),
(2660, 171, 'LI', 'Lisboa'),
(2661, 171, 'ME', 'Madeira'),
(2662, 171, 'PO', 'Portalegre'),
(2663, 171, 'PR', 'Porto'),
(2664, 171, 'SA', 'Santar&eacute;m'),
(2665, 171, 'SE', 'Set&uacute;bal'),
(2666, 171, 'VC', 'Viana do Castelo'),
(2667, 171, 'VR', 'Vila Real'),
(2668, 171, 'VI', 'Viseu'),
(2669, 173, 'DW', 'Ad Dawhah'),
(2670, 173, 'GW', 'Al Ghuwayriyah'),
(2671, 173, 'JM', 'Al Jumayliyah'),
(2672, 173, 'KR', 'Al Khawr'),
(2673, 173, 'WK', 'Al Wakrah'),
(2674, 173, 'RN', 'Ar Rayyan'),
(2675, 173, 'JB', 'Jarayan al Batinah'),
(2676, 173, 'MS', 'Madinat ash Shamal'),
(2677, 173, 'UD', 'Umm Sa''id'),
(2678, 173, 'UL', 'Umm Salal'),
(2679, 175, 'AB', 'Alba'),
(2680, 175, 'AR', 'Arad'),
(2681, 175, 'AG', 'Arges'),
(2682, 175, 'BC', 'Bacau'),
(2683, 175, 'BH', 'Bihor'),
(2684, 175, 'BN', 'Bistrita-Nasaud'),
(2685, 175, 'BT', 'Botosani'),
(2686, 175, 'BV', 'Brasov'),
(2687, 175, 'BR', 'Braila'),
(2688, 175, 'B', 'Bucuresti'),
(2689, 175, 'BZ', 'Buzau'),
(2690, 175, 'CS', 'Caras-Severin'),
(2691, 175, 'CL', 'Calarasi'),
(2692, 175, 'CJ', 'Cluj'),
(2693, 175, 'CT', 'Constanta'),
(2694, 175, 'CV', 'Covasna'),
(2695, 175, 'DB', 'Dimbovita'),
(2696, 175, 'DJ', 'Dolj'),
(2697, 175, 'GL', 'Galati'),
(2698, 175, 'GR', 'Giurgiu'),
(2699, 175, 'GJ', 'Gorj'),
(2700, 175, 'HR', 'Harghita'),
(2701, 175, 'HD', 'Hunedoara'),
(2702, 175, 'IL', 'Ialomita'),
(2703, 175, 'IS', 'Iasi'),
(2704, 175, 'IF', 'Ilfov'),
(2705, 175, 'MM', 'Maramures'),
(2706, 175, 'MH', 'Mehedinti'),
(2707, 175, 'MS', 'Mures'),
(2708, 175, 'NT', 'Neamt'),
(2709, 175, 'OT', 'Olt'),
(2710, 175, 'PH', 'Prahova'),
(2711, 175, 'SM', 'Satu-Mare'),
(2712, 175, 'SJ', 'Salaj'),
(2713, 175, 'SB', 'Sibiu'),
(2714, 175, 'SV', 'Suceava'),
(2715, 175, 'TR', 'Teleorman'),
(2716, 175, 'TM', 'Timis'),
(2717, 175, 'TL', 'Tulcea'),
(2718, 175, 'VS', 'Vaslui'),
(2719, 175, 'VL', 'Valcea'),
(2720, 175, 'VN', 'Vrancea'),
(2721, 176, 'AB', 'Abakan'),
(2722, 176, 'AG', 'Aginskoye'),
(2723, 176, 'AN', 'Anadyr'),
(2724, 176, 'AR', 'Arkahangelsk'),
(2725, 176, 'AS', 'Astrakhan'),
(2726, 176, 'BA', 'Barnaul'),
(2727, 176, 'BE', 'Belgorod'),
(2728, 176, 'BI', 'Birobidzhan'),
(2729, 176, 'BL', 'Blagoveshchensk'),
(2730, 176, 'BR', 'Bryansk'),
(2731, 176, 'CH', 'Cheboksary'),
(2732, 176, 'CL', 'Chelyabinsk'),
(2733, 176, 'CR', 'Cherkessk'),
(2734, 176, 'CI', 'Chita'),
(2735, 176, 'DU', 'Dudinka'),
(2736, 176, 'EL', 'Elista'),
(2737, 176, 'GO', 'Gomo-Altaysk'),
(2738, 176, 'GA', 'Gorno-Altaysk'),
(2739, 176, 'GR', 'Groznyy'),
(2740, 176, 'IR', 'Irkutsk'),
(2741, 176, 'IV', 'Ivanovo'),
(2742, 176, 'IZ', 'Izhevsk'),
(2743, 176, 'KA', 'Kalinigrad'),
(2744, 176, 'KL', 'Kaluga'),
(2745, 176, 'KS', 'Kasnodar'),
(2746, 176, 'KZ', 'Kazan'),
(2747, 176, 'KE', 'Kemerovo'),
(2748, 176, 'KH', 'Khabarovsk'),
(2749, 176, 'KM', 'Khanty-Mansiysk'),
(2750, 176, 'KO', 'Kostroma'),
(2751, 176, 'KR', 'Krasnodar'),
(2752, 176, 'KN', 'Krasnoyarsk'),
(2753, 176, 'KU', 'Kudymkar'),
(2754, 176, 'KG', 'Kurgan'),
(2755, 176, 'KK', 'Kursk'),
(2756, 176, 'KY', 'Kyzyl'),
(2757, 176, 'LI', 'Lipetsk'),
(2758, 176, 'MA', 'Magadan'),
(2759, 176, 'MK', 'Makhachkala'),
(2760, 176, 'MY', 'Maykop'),
(2761, 176, 'MO', 'Moscow'),
(2762, 176, 'MU', 'Murmansk'),
(2763, 176, 'NA', 'Nalchik'),
(2764, 176, 'NR', 'Naryan Mar'),
(2765, 176, 'NZ', 'Nazran'),
(2766, 176, 'NI', 'Nizhniy Novgorod'),
(2767, 176, 'NO', 'Novgorod'),
(2768, 176, 'NV', 'Novosibirsk'),
(2769, 176, 'OM', 'Omsk'),
(2770, 176, 'OR', 'Orel'),
(2771, 176, 'OE', 'Orenburg'),
(2772, 176, 'PA', 'Palana'),
(2773, 176, 'PE', 'Penza'),
(2774, 176, 'PR', 'Perm'),
(2775, 176, 'PK', 'Petropavlovsk-Kamchatskiy'),
(2776, 176, 'PT', 'Petrozavodsk'),
(2777, 176, 'PS', 'Pskov'),
(2778, 176, 'RO', 'Rostov-na-Donu'),
(2779, 176, 'RY', 'Ryazan'),
(2780, 176, 'SL', 'Salekhard'),
(2781, 176, 'SA', 'Samara'),
(2782, 176, 'SR', 'Saransk'),
(2783, 176, 'SV', 'Saratov'),
(2784, 176, 'SM', 'Smolensk'),
(2785, 176, 'SP', 'St. Petersburg'),
(2786, 176, 'ST', 'Stavropol'),
(2787, 176, 'SY', 'Syktyvkar'),
(2788, 176, 'TA', 'Tambov'),
(2789, 176, 'TO', 'Tomsk'),
(2790, 176, 'TU', 'Tula'),
(2791, 176, 'TR', 'Tura'),
(2792, 176, 'TV', 'Tver'),
(2793, 176, 'TY', 'Tyumen'),
(2794, 176, 'UF', 'Ufa'),
(2795, 176, 'UL', 'Ul''yanovsk'),
(2796, 176, 'UU', 'Ulan-Ude'),
(2797, 176, 'US', 'Ust''-Ordynskiy'),
(2798, 176, 'VL', 'Vladikavkaz'),
(2799, 176, 'VA', 'Vladimir'),
(2800, 176, 'VV', 'Vladivostok'),
(2801, 176, 'VG', 'Volgograd'),
(2802, 176, 'VD', 'Vologda'),
(2803, 176, 'VO', 'Voronezh'),
(2804, 176, 'VY', 'Vyatka'),
(2805, 176, 'YA', 'Yakutsk'),
(2806, 176, 'YR', 'Yaroslavl'),
(2807, 176, 'YE', 'Yekaterinburg'),
(2808, 176, 'YO', 'Yoshkar-Ola'),
(2809, 177, 'BU', 'Butare'),
(2810, 177, 'BY', 'Byumba'),
(2811, 177, 'CY', 'Cyangugu'),
(2812, 177, 'GK', 'Gikongoro'),
(2813, 177, 'GS', 'Gisenyi'),
(2814, 177, 'GT', 'Gitarama'),
(2815, 177, 'KG', 'Kibungo'),
(2816, 177, 'KY', 'Kibuye'),
(2817, 177, 'KR', 'Kigali Rurale'),
(2818, 177, 'KV', 'Kigali-ville'),
(2819, 177, 'RU', 'Ruhengeri'),
(2820, 177, 'UM', 'Umutara'),
(2821, 178, 'CCN', 'Christ Church Nichola Town'),
(2822, 178, 'SAS', 'Saint Anne Sandy Point'),
(2823, 178, 'SGB', 'Saint George Basseterre'),
(2824, 178, 'SGG', 'Saint George Gingerland'),
(2825, 178, 'SJW', 'Saint James Windward'),
(2826, 178, 'SJC', 'Saint John Capesterre'),
(2827, 178, 'SJF', 'Saint John Figtree'),
(2828, 178, 'SMC', 'Saint Mary Cayon'),
(2829, 178, 'CAP', 'Saint Paul Capesterre'),
(2830, 178, 'CHA', 'Saint Paul Charlestown'),
(2831, 178, 'SPB', 'Saint Peter Basseterre'),
(2832, 178, 'STL', 'Saint Thomas Lowland'),
(2833, 178, 'STM', 'Saint Thomas Middle Island'),
(2834, 178, 'TPP', 'Trinity Palmetto Point'),
(2835, 179, 'AR', 'Anse-la-Raye'),
(2836, 179, 'CA', 'Castries'),
(2837, 179, 'CH', 'Choiseul'),
(2838, 179, 'DA', 'Dauphin'),
(2839, 179, 'DE', 'Dennery'),
(2840, 179, 'GI', 'Gros-Islet'),
(2841, 179, 'LA', 'Laborie'),
(2842, 179, 'MI', 'Micoud'),
(2843, 179, 'PR', 'Praslin'),
(2844, 179, 'SO', 'Soufriere'),
(2845, 179, 'VF', 'Vieux-Fort'),
(2846, 180, 'C', 'Charlotte'),
(2847, 180, 'R', 'Grenadines'),
(2848, 180, 'A', 'Saint Andrew'),
(2849, 180, 'D', 'Saint David'),
(2850, 180, 'G', 'Saint George'),
(2851, 180, 'P', 'Saint Patrick'),
(2852, 181, 'AN', 'A''ana'),
(2853, 181, 'AI', 'Aiga-i-le-Tai'),
(2854, 181, 'AT', 'Atua'),
(2855, 181, 'FA', 'Fa''asaleleaga'),
(2856, 181, 'GE', 'Gaga''emauga'),
(2857, 181, 'GF', 'Gagaifomauga'),
(2858, 181, 'PA', 'Palauli'),
(2859, 181, 'SA', 'Satupa''itea'),
(2860, 181, 'TU', 'Tuamasaga'),
(2861, 181, 'VF', 'Va''a-o-Fonoti'),
(2862, 181, 'VS', 'Vaisigano'),
(2863, 182, 'AC', 'Acquaviva'),
(2864, 182, 'BM', 'Borgo Maggiore'),
(2865, 182, 'CH', 'Chiesanuova'),
(2866, 182, 'DO', 'Domagnano'),
(2867, 182, 'FA', 'Faetano'),
(2868, 182, 'FI', 'Fiorentino'),
(2869, 182, 'MO', 'Montegiardino'),
(2870, 182, 'SM', 'Citta di San Marino'),
(2871, 182, 'SE', 'Serravalle'),
(2872, 183, 'S', 'Sao Tome'),
(2873, 183, 'P', 'Principe'),
(2874, 184, 'BH', 'Al Bahah'),
(2875, 184, 'HS', 'Al Hudud ash Shamaliyah'),
(2876, 184, 'JF', 'Al Jawf'),
(2877, 184, 'MD', 'Al Madinah'),
(2878, 184, 'QS', 'Al Qasim'),
(2879, 184, 'RD', 'Ar Riyad'),
(2880, 184, 'AQ', 'Ash Sharqiyah (Eastern)'),
(2881, 184, 'AS', '''Asir'),
(2882, 184, 'HL', 'Ha''il'),
(2883, 184, 'JZ', 'Jizan'),
(2884, 184, 'ML', 'Makkah'),
(2885, 184, 'NR', 'Najran'),
(2886, 184, 'TB', 'Tabuk'),
(2887, 185, 'DA', 'Dakar'),
(2888, 185, 'DI', 'Diourbel'),
(2889, 185, 'FA', 'Fatick'),
(2890, 185, 'KA', 'Kaolack'),
(2891, 185, 'KO', 'Kolda'),
(2892, 185, 'LO', 'Louga'),
(2893, 185, 'MA', 'Matam'),
(2894, 185, 'SL', 'Saint-Louis'),
(2895, 185, 'TA', 'Tambacounda'),
(2896, 185, 'TH', 'Thies'),
(2897, 185, 'ZI', 'Ziguinchor'),
(2898, 186, 'AP', 'Anse aux Pins'),
(2899, 186, 'AB', 'Anse Boileau'),
(2900, 186, 'AE', 'Anse Etoile'),
(2901, 186, 'AL', 'Anse Louis'),
(2902, 186, 'AR', 'Anse Royale'),
(2903, 186, 'BL', 'Baie Lazare'),
(2904, 186, 'BS', 'Baie Sainte Anne'),
(2905, 186, 'BV', 'Beau Vallon'),
(2906, 186, 'BA', 'Bel Air'),
(2907, 186, 'BO', 'Bel Ombre'),
(2908, 186, 'CA', 'Cascade'),
(2909, 186, 'GL', 'Glacis'),
(2910, 186, 'GM', 'Grand'' Anse (on Mahe)'),
(2911, 186, 'GP', 'Grand'' Anse (on Praslin)'),
(2912, 186, 'DG', 'La Digue'),
(2913, 186, 'RA', 'La Riviere Anglaise'),
(2914, 186, 'MB', 'Mont Buxton'),
(2915, 186, 'MF', 'Mont Fleuri'),
(2916, 186, 'PL', 'Plaisance'),
(2917, 186, 'PR', 'Pointe La Rue'),
(2918, 186, 'PG', 'Port Glaud'),
(2919, 186, 'SL', 'Saint Louis'),
(2920, 186, 'TA', 'Takamaka'),
(2921, 187, 'E', 'Eastern'),
(2922, 187, 'N', 'Northern'),
(2923, 187, 'S', 'Southern'),
(2924, 187, 'W', 'Western'),
(2925, 189, 'BA', 'Banskobystricky'),
(2926, 189, 'BR', 'Bratislavsky'),
(2927, 189, 'KO', 'Kosicky'),
(2928, 189, 'NI', 'Nitriansky'),
(2929, 189, 'PR', 'Presovsky'),
(2930, 189, 'TC', 'Trenciansky'),
(2931, 189, 'TV', 'Trnavsky'),
(2932, 189, 'ZI', 'Zilinsky'),
(2933, 191, 'CE', 'Central'),
(2934, 191, 'CH', 'Choiseul'),
(2935, 191, 'GC', 'Guadalcanal'),
(2936, 191, 'HO', 'Honiara'),
(2937, 191, 'IS', 'Isabel'),
(2938, 191, 'MK', 'Makira'),
(2939, 191, 'ML', 'Malaita'),
(2940, 191, 'RB', 'Rennell and Bellona'),
(2941, 191, 'TM', 'Temotu'),
(2942, 191, 'WE', 'Western'),
(2943, 192, 'AW', 'Awdal'),
(2944, 192, 'BK', 'Bakool'),
(2945, 192, 'BN', 'Banaadir'),
(2946, 192, 'BR', 'Bari'),
(2947, 192, 'BY', 'Bay'),
(2948, 192, 'GA', 'Galguduud'),
(2949, 192, 'GE', 'Gedo'),
(2950, 192, 'HI', 'Hiiraan'),
(2951, 192, 'JD', 'Jubbada Dhexe'),
(2952, 192, 'JH', 'Jubbada Hoose'),
(2953, 192, 'MU', 'Mudug'),
(2954, 192, 'NU', 'Nugaal'),
(2955, 192, 'SA', 'Sanaag'),
(2956, 192, 'SD', 'Shabeellaha Dhexe'),
(2957, 192, 'SH', 'Shabeellaha Hoose'),
(2958, 192, 'SL', 'Sool'),
(2959, 192, 'TO', 'Togdheer'),
(2960, 192, 'WG', 'Woqooyi Galbeed'),
(2961, 193, 'EC', 'Eastern Cape'),
(2962, 193, 'FS', 'Free State'),
(2963, 193, 'GT', 'Gauteng'),
(2964, 193, 'KN', 'KwaZulu-Natal'),
(2965, 193, 'LP', 'Limpopo'),
(2966, 193, 'MP', 'Mpumalanga'),
(2967, 193, 'NW', 'North West'),
(2968, 193, 'NC', 'Northern Cape'),
(2969, 193, 'WC', 'Western Cape'),
(2970, 195, 'CA', 'La Coru&ntilde;a'),
(2971, 195, 'AL', '&Aacute;lava'),
(2972, 195, 'AB', 'Albacete'),
(2973, 195, 'AC', 'Alicante'),
(2974, 195, 'AM', 'Almeria'),
(2975, 195, 'AS', 'Asturias'),
(2976, 195, 'AV', '&Aacute;vila'),
(2977, 195, 'BJ', 'Badajoz'),
(2978, 195, 'IB', 'Baleares'),
(2979, 195, 'BA', 'Barcelona'),
(2980, 195, 'BU', 'Burgos'),
(2981, 195, 'CC', 'C&aacute;ceres'),
(2982, 195, 'CZ', 'C&aacute;diz'),
(2983, 195, 'CT', 'Cantabria'),
(2984, 195, 'CL', 'Castell&oacute;n'),
(2985, 195, 'CE', 'Ceuta'),
(2986, 195, 'CR', 'Ciudad Real'),
(2987, 195, 'CD', 'C&oacute;rdoba'),
(2988, 195, 'CU', 'Cuenca'),
(2989, 195, 'GI', 'Girona'),
(2990, 195, 'GD', 'Granada'),
(2991, 195, 'GJ', 'Guadalajara'),
(2992, 195, 'GP', 'Guip&uacute;zcoa'),
(2993, 195, 'HL', 'Huelva'),
(2994, 195, 'HS', 'Huesca'),
(2995, 195, 'JN', 'Ja&eacute;n'),
(2996, 195, 'RJ', 'La Rioja'),
(2997, 195, 'PM', 'Las Palmas'),
(2998, 195, 'LE', 'Leon'),
(2999, 195, 'LL', 'Lleida'),
(3000, 195, 'LG', 'Lugo'),
(3001, 195, 'MD', 'Madrid'),
(3002, 195, 'MA', 'Malaga'),
(3003, 195, 'ML', 'Melilla'),
(3004, 195, 'MU', 'Murcia'),
(3005, 195, 'NV', 'Navarra'),
(3006, 195, 'OU', 'Ourense'),
(3007, 195, 'PL', 'Palencia'),
(3008, 195, 'PO', 'Pontevedra'),
(3009, 195, 'SL', 'Salamanca'),
(3010, 195, 'SC', 'Santa Cruz de Tenerife'),
(3011, 195, 'SG', 'Segovia'),
(3012, 195, 'SV', 'Sevilla'),
(3013, 195, 'SO', 'Soria'),
(3014, 195, 'TA', 'Tarragona'),
(3015, 195, 'TE', 'Teruel'),
(3016, 195, 'TO', 'Toledo'),
(3017, 195, 'VC', 'Valencia'),
(3018, 195, 'VD', 'Valladolid'),
(3019, 195, 'VZ', 'Vizcaya'),
(3020, 195, 'ZM', 'Zamora'),
(3021, 195, 'ZR', 'Zaragoza'),
(3022, 196, 'CE', 'Central'),
(3023, 196, 'EA', 'Eastern'),
(3024, 196, 'NC', 'North Central'),
(3025, 196, 'NO', 'Northern'),
(3026, 196, 'NW', 'North Western'),
(3027, 196, 'SA', 'Sabaragamuwa'),
(3028, 196, 'SO', 'Southern'),
(3029, 196, 'UV', 'Uva'),
(3030, 196, 'WE', 'Western'),
(3031, 197, 'A', 'Ascension'),
(3032, 197, 'S', 'Saint Helena'),
(3033, 197, 'T', 'Tristan da Cunha'),
(3034, 199, 'ANL', 'A''ali an Nil'),
(3035, 199, 'BAM', 'Al Bahr al Ahmar'),
(3036, 199, 'BRT', 'Al Buhayrat'),
(3037, 199, 'JZR', 'Al Jazirah'),
(3038, 199, 'KRT', 'Al Khartum'),
(3039, 199, 'QDR', 'Al Qadarif'),
(3040, 199, 'WDH', 'Al Wahdah'),
(3041, 199, 'ANB', 'An Nil al Abyad'),
(3042, 199, 'ANZ', 'An Nil al Azraq'),
(3043, 199, 'ASH', 'Ash Shamaliyah'),
(3044, 199, 'BJA', 'Bahr al Jabal'),
(3045, 199, 'GIS', 'Gharb al Istiwa''iyah'),
(3046, 199, 'GBG', 'Gharb Bahr al Ghazal'),
(3047, 199, 'GDA', 'Gharb Darfur'),
(3048, 199, 'GKU', 'Gharb Kurdufan'),
(3049, 199, 'JDA', 'Janub Darfur'),
(3050, 199, 'JKU', 'Janub Kurdufan'),
(3051, 199, 'JQL', 'Junqali'),
(3052, 199, 'KSL', 'Kassala'),
(3053, 199, 'NNL', 'Nahr an Nil'),
(3054, 199, 'SBG', 'Shamal Bahr al Ghazal'),
(3055, 199, 'SDA', 'Shamal Darfur'),
(3056, 199, 'SKU', 'Shamal Kurdufan'),
(3057, 199, 'SIS', 'Sharq al Istiwa''iyah'),
(3058, 199, 'SNR', 'Sinnar'),
(3059, 199, 'WRB', 'Warab'),
(3060, 200, 'BR', 'Brokopondo'),
(3061, 200, 'CM', 'Commewijne'),
(3062, 200, 'CR', 'Coronie'),
(3063, 200, 'MA', 'Marowijne'),
(3064, 200, 'NI', 'Nickerie'),
(3065, 200, 'PA', 'Para'),
(3066, 200, 'PM', 'Paramaribo'),
(3067, 200, 'SA', 'Saramacca'),
(3068, 200, 'SI', 'Sipaliwini'),
(3069, 200, 'WA', 'Wanica'),
(3070, 202, 'H', 'Hhohho'),
(3071, 202, 'L', 'Lubombo'),
(3072, 202, 'M', 'Manzini'),
(3073, 202, 'S', 'Shishelweni'),
(3074, 203, 'K', 'Blekinge'),
(3075, 203, 'W', 'Dalama'),
(3076, 203, 'X', 'G&auml;vleborg'),
(3077, 203, 'I', 'Gotland'),
(3078, 203, 'N', 'Halland'),
(3079, 203, 'Z', 'J&auml;mtland'),
(3080, 203, 'F', 'J&ouml;nk&ouml;ping'),
(3081, 203, 'H', 'Kalmar'),
(3082, 203, 'G', 'Kronoberg'),
(3083, 203, 'BD', 'Norrbotten'),
(3084, 203, 'T', '&Ouml;rebro'),
(3085, 203, 'E', '&Ouml;sterg&ouml;tland'),
(3086, 203, 'M', 'Sk&aring;ne'),
(3087, 203, 'D', 'S&ouml;dermanland'),
(3088, 203, 'AB', 'Stockholm'),
(3089, 203, 'C', 'Uppsala'),
(3090, 203, 'S', 'V&auml;rmland'),
(3091, 203, 'AC', 'V&auml;sterbotten'),
(3092, 203, 'Y', 'V&auml;sternorrland'),
(3093, 203, 'U', 'V&auml;stmanland'),
(3094, 203, 'O', 'V&auml;stra G&ouml;taland'),
(3095, 204, 'AG', 'Aargau'),
(3096, 204, 'AR', 'Appenzell Ausserrhoden'),
(3097, 204, 'AI', 'Appenzell Innerrhoden'),
(3098, 204, 'BS', 'Basel-Stadt'),
(3099, 204, 'BL', 'Basel-Landschaft'),
(3100, 204, 'BE', 'Bern'),
(3101, 204, 'FR', 'Fribourg'),
(3102, 204, 'GE', 'Gen&egrave;ve'),
(3103, 204, 'GL', 'Glarus'),
(3104, 204, 'GR', 'Graub&uuml;nden'),
(3105, 204, 'JU', 'Jura'),
(3106, 204, 'LU', 'Luzern'),
(3107, 204, 'NE', 'Neuch&acirc;tel'),
(3108, 204, 'NW', 'Nidwald'),
(3109, 204, 'OW', 'Obwald'),
(3110, 204, 'SG', 'St. Gallen'),
(3111, 204, 'SH', 'Schaffhausen'),
(3112, 204, 'SZ', 'Schwyz'),
(3113, 204, 'SO', 'Solothurn'),
(3114, 204, 'TG', 'Thurgau'),
(3115, 204, 'TI', 'Ticino'),
(3116, 204, 'UR', 'Uri'),
(3117, 204, 'VS', 'Valais'),
(3118, 204, 'VD', 'Vaud'),
(3119, 204, 'ZG', 'Zug'),
(3120, 204, 'ZH', 'Z&uuml;rich'),
(3121, 205, 'HA', 'Al Hasakah'),
(3122, 205, 'LA', 'Al Ladhiqiyah'),
(3123, 205, 'QU', 'Al Qunaytirah'),
(3124, 205, 'RQ', 'Ar Raqqah'),
(3125, 205, 'SU', 'As Suwayda'),
(3126, 205, 'DA', 'Dara'),
(3127, 205, 'DZ', 'Dayr az Zawr'),
(3128, 205, 'DI', 'Dimashq'),
(3129, 205, 'HL', 'Halab'),
(3130, 205, 'HM', 'Hamah'),
(3131, 205, 'HI', 'Hims'),
(3132, 205, 'ID', 'Idlib'),
(3133, 205, 'RD', 'Rif Dimashq'),
(3134, 205, 'TA', 'Tartus'),
(3135, 206, 'CH', 'Chang-hua'),
(3136, 206, 'CI', 'Chia-i'),
(3137, 206, 'HS', 'Hsin-chu'),
(3138, 206, 'HL', 'Hua-lien'),
(3139, 206, 'IL', 'I-lan'),
(3140, 206, 'KH', 'Kao-hsiung county'),
(3141, 206, 'KM', 'Kin-men'),
(3142, 206, 'LC', 'Lien-chiang'),
(3143, 206, 'ML', 'Miao-li'),
(3144, 206, 'NT', 'Nan-t''ou'),
(3145, 206, 'PH', 'P''eng-hu'),
(3146, 206, 'PT', 'P''ing-tung'),
(3147, 206, 'TG', 'T''ai-chung'),
(3148, 206, 'TA', 'T''ai-nan'),
(3149, 206, 'TP', 'T''ai-pei county'),
(3150, 206, 'TT', 'T''ai-tung'),
(3151, 206, 'TY', 'T''ao-yuan'),
(3152, 206, 'YL', 'Yun-lin'),
(3153, 206, 'CC', 'Chia-i city'),
(3154, 206, 'CL', 'Chi-lung'),
(3155, 206, 'HC', 'Hsin-chu'),
(3156, 206, 'TH', 'T''ai-chung'),
(3157, 206, 'TN', 'T''ai-nan'),
(3158, 206, 'KC', 'Kao-hsiung city'),
(3159, 206, 'TC', 'T''ai-pei city'),
(3160, 207, 'GB', 'Gorno-Badakhstan'),
(3161, 207, 'KT', 'Khatlon'),
(3162, 207, 'SU', 'Sughd'),
(3163, 208, 'AR', 'Arusha'),
(3164, 208, 'DS', 'Dar es Salaam'),
(3165, 208, 'DO', 'Dodoma'),
(3166, 208, 'IR', 'Iringa'),
(3167, 208, 'KA', 'Kagera'),
(3168, 208, 'KI', 'Kigoma'),
(3169, 208, 'KJ', 'Kilimanjaro'),
(3170, 208, 'LN', 'Lindi'),
(3171, 208, 'MY', 'Manyara'),
(3172, 208, 'MR', 'Mara'),
(3173, 208, 'MB', 'Mbeya'),
(3174, 208, 'MO', 'Morogoro'),
(3175, 208, 'MT', 'Mtwara'),
(3176, 208, 'MW', 'Mwanza'),
(3177, 208, 'PN', 'Pemba North'),
(3178, 208, 'PS', 'Pemba South'),
(3179, 208, 'PW', 'Pwani'),
(3180, 208, 'RK', 'Rukwa'),
(3181, 208, 'RV', 'Ruvuma'),
(3182, 208, 'SH', 'Shinyanga'),
(3183, 208, 'SI', 'Singida'),
(3184, 208, 'TB', 'Tabora'),
(3185, 208, 'TN', 'Tanga'),
(3186, 208, 'ZC', 'Zanzibar Central/South'),
(3187, 208, 'ZN', 'Zanzibar North'),
(3188, 208, 'ZU', 'Zanzibar Urban/West'),
(3189, 209, 'Amnat Charoen', 'Amnat Charoen'),
(3190, 209, 'Ang Thong', 'Ang Thong'),
(3191, 209, 'Ayutthaya', 'Ayutthaya'),
(3192, 209, 'Bangkok', 'Bangkok'),
(3193, 209, 'Buriram', 'Buriram'),
(3194, 209, 'Chachoengsao', 'Chachoengsao'),
(3195, 209, 'Chai Nat', 'Chai Nat'),
(3196, 209, 'Chaiyaphum', 'Chaiyaphum'),
(3197, 209, 'Chanthaburi', 'Chanthaburi'),
(3198, 209, 'Chiang Mai', 'Chiang Mai'),
(3199, 209, 'Chiang Rai', 'Chiang Rai'),
(3200, 209, 'Chon Buri', 'Chon Buri'),
(3201, 209, 'Chumphon', 'Chumphon'),
(3202, 209, 'Kalasin', 'Kalasin'),
(3203, 209, 'Kamphaeng Phet', 'Kamphaeng Phet'),
(3204, 209, 'Kanchanaburi', 'Kanchanaburi'),
(3205, 209, 'Khon Kaen', 'Khon Kaen'),
(3206, 209, 'Krabi', 'Krabi'),
(3207, 209, 'Lampang', 'Lampang'),
(3208, 209, 'Lamphun', 'Lamphun'),
(3209, 209, 'Loei', 'Loei'),
(3210, 209, 'Lop Buri', 'Lop Buri'),
(3211, 209, 'Mae Hong Son', 'Mae Hong Son'),
(3212, 209, 'Maha Sarakham', 'Maha Sarakham'),
(3213, 209, 'Mukdahan', 'Mukdahan'),
(3214, 209, 'Nakhon Nayok', 'Nakhon Nayok'),
(3215, 209, 'Nakhon Pathom', 'Nakhon Pathom'),
(3216, 209, 'Nakhon Phanom', 'Nakhon Phanom'),
(3217, 209, 'Nakhon Ratchasima', 'Nakhon Ratchasima'),
(3218, 209, 'Nakhon Sawan', 'Nakhon Sawan'),
(3219, 209, 'Nakhon Si Thammarat', 'Nakhon Si Thammarat'),
(3220, 209, 'Nan', 'Nan'),
(3221, 209, 'Narathiwat', 'Narathiwat'),
(3222, 209, 'Nong Bua Lamphu', 'Nong Bua Lamphu'),
(3223, 209, 'Nong Khai', 'Nong Khai'),
(3224, 209, 'Nonthaburi', 'Nonthaburi'),
(3225, 209, 'Pathum Thani', 'Pathum Thani'),
(3226, 209, 'Pattani', 'Pattani'),
(3227, 209, 'Phangnga', 'Phangnga'),
(3228, 209, 'Phatthalung', 'Phatthalung'),
(3229, 209, 'Phayao', 'Phayao'),
(3230, 209, 'Phetchabun', 'Phetchabun'),
(3231, 209, 'Phetchaburi', 'Phetchaburi'),
(3232, 209, 'Phichit', 'Phichit'),
(3233, 209, 'Phitsanulok', 'Phitsanulok'),
(3234, 209, 'Phrae', 'Phrae'),
(3235, 209, 'Phuket', 'Phuket'),
(3236, 209, 'Prachin Buri', 'Prachin Buri'),
(3237, 209, 'Prachuap Khiri Khan', 'Prachuap Khiri Khan'),
(3238, 209, 'Ranong', 'Ranong'),
(3239, 209, 'Ratchaburi', 'Ratchaburi'),
(3240, 209, 'Rayong', 'Rayong'),
(3241, 209, 'Roi Et', 'Roi Et'),
(3242, 209, 'Sa Kaeo', 'Sa Kaeo'),
(3243, 209, 'Sakon Nakhon', 'Sakon Nakhon'),
(3244, 209, 'Samut Prakan', 'Samut Prakan'),
(3245, 209, 'Samut Sakhon', 'Samut Sakhon'),
(3246, 209, 'Samut Songkhram', 'Samut Songkhram'),
(3247, 209, 'Sara Buri', 'Sara Buri'),
(3248, 209, 'Satun', 'Satun'),
(3249, 209, 'Sing Buri', 'Sing Buri'),
(3250, 209, 'Sisaket', 'Sisaket'),
(3251, 209, 'Songkhla', 'Songkhla'),
(3252, 209, 'Sukhothai', 'Sukhothai'),
(3253, 209, 'Suphan Buri', 'Suphan Buri'),
(3254, 209, 'Surat Thani', 'Surat Thani'),
(3255, 209, 'Surin', 'Surin'),
(3256, 209, 'Tak', 'Tak'),
(3257, 209, 'Trang', 'Trang'),
(3258, 209, 'Trat', 'Trat'),
(3259, 209, 'Ubon Ratchathani', 'Ubon Ratchathani'),
(3260, 209, 'Udon Thani', 'Udon Thani'),
(3261, 209, 'Uthai Thani', 'Uthai Thani'),
(3262, 209, 'Uttaradit', 'Uttaradit'),
(3263, 209, 'Yala', 'Yala'),
(3264, 209, 'Yasothon', 'Yasothon'),
(3265, 210, 'K', 'Kara'),
(3266, 210, 'P', 'Plateaux'),
(3267, 210, 'S', 'Savanes'),
(3268, 210, 'C', 'Centrale'),
(3269, 210, 'M', 'Maritime'),
(3270, 211, 'A', 'Atafu'),
(3271, 211, 'F', 'Fakaofo'),
(3272, 211, 'N', 'Nukunonu'),
(3273, 212, 'H', 'Ha''apai'),
(3274, 212, 'T', 'Tongatapu'),
(3275, 212, 'V', 'Vava''u'),
(3276, 213, 'CT', 'Couva/Tabaquite/Talparo'),
(3277, 213, 'DM', 'Diego Martin'),
(3278, 213, 'MR', 'Mayaro/Rio Claro'),
(3279, 213, 'PD', 'Penal/Debe'),
(3280, 213, 'PT', 'Princes Town'),
(3281, 213, 'SG', 'Sangre Grande'),
(3282, 213, 'SL', 'San Juan/Laventille'),
(3283, 213, 'SI', 'Siparia'),
(3284, 213, 'TP', 'Tunapuna/Piarco'),
(3285, 213, 'PS', 'Port of Spain'),
(3286, 213, 'SF', 'San Fernando'),
(3287, 213, 'AR', 'Arima'),
(3288, 213, 'PF', 'Point Fortin'),
(3289, 213, 'CH', 'Chaguanas'),
(3290, 213, 'TO', 'Tobago'),
(3291, 214, 'AR', 'Ariana'),
(3292, 214, 'BJ', 'Beja'),
(3293, 214, 'BA', 'Ben Arous'),
(3294, 214, 'BI', 'Bizerte'),
(3295, 214, 'GB', 'Gabes'),
(3296, 214, 'GF', 'Gafsa'),
(3297, 214, 'JE', 'Jendouba'),
(3298, 214, 'KR', 'Kairouan'),
(3299, 214, 'KS', 'Kasserine'),
(3300, 214, 'KB', 'Kebili'),
(3301, 214, 'KF', 'Kef'),
(3302, 214, 'MH', 'Mahdia'),
(3303, 214, 'MN', 'Manouba'),
(3304, 214, 'ME', 'Medenine'),
(3305, 214, 'MO', 'Monastir'),
(3306, 214, 'NA', 'Nabeul'),
(3307, 214, 'SF', 'Sfax'),
(3308, 214, 'SD', 'Sidi'),
(3309, 214, 'SL', 'Siliana'),
(3310, 214, 'SO', 'Sousse'),
(3311, 214, 'TA', 'Tataouine'),
(3312, 214, 'TO', 'Tozeur'),
(3313, 214, 'TU', 'Tunis'),
(3314, 214, 'ZA', 'Zaghouan'),
(3315, 215, 'ADA', 'Adana'),
(3316, 215, 'ADI', 'Adiyaman'),
(3317, 215, 'AFY', 'Afyonkarahisar'),
(3318, 215, 'AGR', 'Agri'),
(3319, 215, 'AKS', 'Aksaray');
INSERT INTO `e_ulke_bolgeleri` (`bolge_id`, `ulke_id`, `kod`, `bolge_adi`) VALUES
(3320, 215, 'AMA', 'Amasya'),
(3321, 215, 'ANK', 'Ankara'),
(3322, 215, 'ANT', 'Antalya'),
(3323, 215, 'ARD', 'Ardahan'),
(3324, 215, 'ART', 'Artvin'),
(3325, 215, 'AYI', 'Aydin'),
(3326, 215, 'BAL', 'Balikesir'),
(3327, 215, 'BAR', 'Bartin'),
(3328, 215, 'BAT', 'Batman'),
(3329, 215, 'BAY', 'Bayburt'),
(3330, 215, 'BIL', 'Bilecik'),
(3331, 215, 'BIN', 'Bingol'),
(3332, 215, 'BIT', 'Bitlis'),
(3333, 215, 'BOL', 'Bolu'),
(3334, 215, 'BRD', 'Burdur'),
(3335, 215, 'BRS', 'Bursa'),
(3336, 215, 'CKL', 'Canakkale'),
(3337, 215, 'CKR', 'Cankiri'),
(3338, 215, 'COR', 'Corum'),
(3339, 215, 'DEN', 'Denizli'),
(3340, 215, 'DIY', 'Diyarbakir'),
(3341, 215, 'DUZ', 'Duzce'),
(3342, 215, 'EDI', 'Edirne'),
(3343, 215, 'ELA', 'Elazig'),
(3344, 215, 'EZC', 'Erzincan'),
(3345, 215, 'EZR', 'Erzurum'),
(3346, 215, 'ESK', 'Eskisehir'),
(3347, 215, 'GAZ', 'Gaziantep'),
(3348, 215, 'GIR', 'Giresun'),
(3349, 215, 'GMS', 'Gumushane'),
(3350, 215, 'HKR', 'Hakkari'),
(3351, 215, 'HTY', 'Hatay'),
(3352, 215, 'IGD', 'Igdir'),
(3353, 215, 'ISP', 'Isparta'),
(3354, 215, 'IST', 'Istanbul'),
(3355, 215, 'IZM', 'Izmir'),
(3356, 215, 'KAH', 'Kahramanmaras'),
(3357, 215, 'KRB', 'Karabuk'),
(3358, 215, 'KRM', 'Karaman'),
(3359, 215, 'KRS', 'Kars'),
(3360, 215, 'KAS', 'Kastamonu'),
(3361, 215, 'KAY', 'Kayseri'),
(3362, 215, 'KLS', 'Kilis'),
(3363, 215, 'KRK', 'Kirikkale'),
(3364, 215, 'KLR', 'Kirklareli'),
(3365, 215, 'KRH', 'Kirsehir'),
(3366, 215, 'KOC', 'Kocaeli'),
(3367, 215, 'KON', 'Konya'),
(3368, 215, 'KUT', 'Kutahya'),
(3369, 215, 'MAL', 'Malatya'),
(3370, 215, 'MAN', 'Manisa'),
(3371, 215, 'MAR', 'Mardin'),
(3372, 215, 'MER', 'Mersin'),
(3373, 215, 'MUG', 'Mugla'),
(3374, 215, 'MUS', 'Mus'),
(3375, 215, 'NEV', 'Nevsehir'),
(3376, 215, 'NIG', 'Nigde'),
(3377, 215, 'ORD', 'Ordu'),
(3378, 215, 'OSM', 'Osmaniye'),
(3379, 215, 'RIZ', 'Rize'),
(3380, 215, 'SAK', 'Sakarya'),
(3381, 215, 'SAM', 'Samsun'),
(3382, 215, 'SAN', 'Sanliurfa'),
(3383, 215, 'SII', 'Siirt'),
(3384, 215, 'SIN', 'Sinop'),
(3385, 215, 'SIR', 'Sirnak'),
(3386, 215, 'SIV', 'Sivas'),
(3387, 215, 'TEL', 'Tekirdag'),
(3388, 215, 'TOK', 'Tokat'),
(3389, 215, 'TRA', 'Trabzon'),
(3390, 215, 'TUN', 'Tunceli'),
(3391, 215, 'USK', 'Usak'),
(3392, 215, 'VAN', 'Van'),
(3393, 215, 'YAL', 'Yalova'),
(3394, 215, 'YOZ', 'Yozgat'),
(3395, 215, 'ZON', 'Zonguldak'),
(3396, 216, 'A', 'Ahal Welayaty'),
(3397, 216, 'B', 'Balkan Welayaty'),
(3398, 216, 'D', 'Dashhowuz Welayaty'),
(3399, 216, 'L', 'Lebap Welayaty'),
(3400, 216, 'M', 'Mary Welayaty'),
(3401, 217, 'AC', 'Ambergris Cays'),
(3402, 217, 'DC', 'Dellis Cay'),
(3403, 217, 'FC', 'French Cay'),
(3404, 217, 'LW', 'Little Water Cay'),
(3405, 217, 'RC', 'Parrot Cay'),
(3406, 217, 'PN', 'Pine Cay'),
(3407, 217, 'SL', 'Salt Cay'),
(3408, 217, 'GT', 'Grand Turk'),
(3409, 217, 'SC', 'South Caicos'),
(3410, 217, 'EC', 'East Caicos'),
(3411, 217, 'MC', 'Middle Caicos'),
(3412, 217, 'NC', 'North Caicos'),
(3413, 217, 'PR', 'Providenciales'),
(3414, 217, 'WC', 'West Caicos'),
(3415, 218, 'NMG', 'Nanumanga'),
(3416, 218, 'NLK', 'Niulakita'),
(3417, 218, 'NTO', 'Niutao'),
(3418, 218, 'FUN', 'Funafuti'),
(3419, 218, 'NME', 'Nanumea'),
(3420, 218, 'NUI', 'Nui'),
(3421, 218, 'NFT', 'Nukufetau'),
(3422, 218, 'NLL', 'Nukulaelae'),
(3423, 218, 'VAI', 'Vaitupu'),
(3424, 219, 'KAL', 'Kalangala'),
(3425, 219, 'KMP', 'Kampala'),
(3426, 219, 'KAY', 'Kayunga'),
(3427, 219, 'KIB', 'Kiboga'),
(3428, 219, 'LUW', 'Luwero'),
(3429, 219, 'MAS', 'Masaka'),
(3430, 219, 'MPI', 'Mpigi'),
(3431, 219, 'MUB', 'Mubende'),
(3432, 219, 'MUK', 'Mukono'),
(3433, 219, 'NKS', 'Nakasongola'),
(3434, 219, 'RAK', 'Rakai'),
(3435, 219, 'SEM', 'Sembabule'),
(3436, 219, 'WAK', 'Wakiso'),
(3437, 219, 'BUG', 'Bugiri'),
(3438, 219, 'BUS', 'Busia'),
(3439, 219, 'IGA', 'Iganga'),
(3440, 219, 'JIN', 'Jinja'),
(3441, 219, 'KAB', 'Kaberamaido'),
(3442, 219, 'KML', 'Kamuli'),
(3443, 219, 'KPC', 'Kapchorwa'),
(3444, 219, 'KTK', 'Katakwi'),
(3445, 219, 'KUM', 'Kumi'),
(3446, 219, 'MAY', 'Mayuge'),
(3447, 219, 'MBA', 'Mbale'),
(3448, 219, 'PAL', 'Pallisa'),
(3449, 219, 'SIR', 'Sironko'),
(3450, 219, 'SOR', 'Soroti'),
(3451, 219, 'TOR', 'Tororo'),
(3452, 219, 'ADJ', 'Adjumani'),
(3453, 219, 'APC', 'Apac'),
(3454, 219, 'ARU', 'Arua'),
(3455, 219, 'GUL', 'Gulu'),
(3456, 219, 'KIT', 'Kitgum'),
(3457, 219, 'KOT', 'Kotido'),
(3458, 219, 'LIR', 'Lira'),
(3459, 219, 'MRT', 'Moroto'),
(3460, 219, 'MOY', 'Moyo'),
(3461, 219, 'NAK', 'Nakapiripirit'),
(3462, 219, 'NEB', 'Nebbi'),
(3463, 219, 'PAD', 'Pader'),
(3464, 219, 'YUM', 'Yumbe'),
(3465, 219, 'BUN', 'Bundibugyo'),
(3466, 219, 'BSH', 'Bushenyi'),
(3467, 219, 'HOI', 'Hoima'),
(3468, 219, 'KBL', 'Kabale'),
(3469, 219, 'KAR', 'Kabarole'),
(3470, 219, 'KAM', 'Kamwenge'),
(3471, 219, 'KAN', 'Kanungu'),
(3472, 219, 'KAS', 'Kasese'),
(3473, 219, 'KBA', 'Kibaale'),
(3474, 219, 'KIS', 'Kisoro'),
(3475, 219, 'KYE', 'Kyenjojo'),
(3476, 219, 'MSN', 'Masindi'),
(3477, 219, 'MBR', 'Mbarara'),
(3478, 219, 'NTU', 'Ntungamo'),
(3479, 219, 'RUK', 'Rukungiri'),
(3480, 220, 'CK', 'Cherkasy'),
(3481, 220, 'CH', 'Chernihiv'),
(3482, 220, 'CV', 'Chernivtsi'),
(3483, 220, 'CR', 'Crimea'),
(3484, 220, 'DN', 'Dnipropetrovs''k'),
(3485, 220, 'DO', 'Donets''k'),
(3486, 220, 'IV', 'Ivano-Frankivs''k'),
(3487, 220, 'KL', 'Kharkiv Kherson'),
(3488, 220, 'KM', 'Khmel''nyts''kyy'),
(3489, 220, 'KR', 'Kirovohrad'),
(3490, 220, 'KV', 'Kiev'),
(3491, 220, 'KY', 'Kyyiv'),
(3492, 220, 'LU', 'Luhans''k'),
(3493, 220, 'LV', 'L''viv'),
(3494, 220, 'MY', 'Mykolayiv'),
(3495, 220, 'OD', 'Odesa'),
(3496, 220, 'PO', 'Poltava'),
(3497, 220, 'RI', 'Rivne'),
(3498, 220, 'SE', 'Sevastopol'),
(3499, 220, 'SU', 'Sumy'),
(3500, 220, 'TE', 'Ternopil'''),
(3501, 220, 'VI', 'Vinnytsya'),
(3502, 220, 'VO', 'Volyn'''),
(3503, 220, 'ZK', 'Zakarpattya'),
(3504, 220, 'ZA', 'Zaporizhzhya'),
(3505, 220, 'ZH', 'Zhytomyr'),
(3506, 221, 'AZ', 'Abu Zaby'),
(3507, 221, 'AJ', '''Ajman'),
(3508, 221, 'FU', 'Al Fujayrah'),
(3509, 221, 'SH', 'Ash Shariqah'),
(3510, 221, 'DU', 'Dubayy'),
(3511, 221, 'RK', 'R''as al Khaymah'),
(3512, 221, 'UQ', 'Umm al Qaywayn'),
(3513, 222, 'ABN', 'Aberdeen'),
(3514, 222, 'ABNS', 'Aberdeenshire'),
(3515, 222, 'ANG', 'Anglesey'),
(3516, 222, 'AGS', 'Angus'),
(3517, 222, 'ARY', 'Argyll and Bute'),
(3518, 222, 'BEDS', 'Bedfordshire'),
(3519, 222, 'BERKS', 'Berkshire'),
(3520, 222, 'BLA', 'Blaenau Gwent'),
(3521, 222, 'BRI', 'Bridgend'),
(3522, 222, 'BSTL', 'Bristol'),
(3523, 222, 'BUCKS', 'Buckinghamshire'),
(3524, 222, 'CAE', 'Caerphilly'),
(3525, 222, 'CAMBS', 'Cambridgeshire'),
(3526, 222, 'CDF', 'Cardiff'),
(3527, 222, 'CARM', 'Carmarthenshire'),
(3528, 222, 'CDGN', 'Ceredigion'),
(3529, 222, 'CHES', 'Cheshire'),
(3530, 222, 'CLACK', 'Clackmannanshire'),
(3531, 222, 'CON', 'Conwy'),
(3532, 222, 'CORN', 'Cornwall'),
(3533, 222, 'DNBG', 'Denbighshire'),
(3534, 222, 'DERBY', 'Derbyshire'),
(3535, 222, 'DVN', 'Devon'),
(3536, 222, 'DOR', 'Dorset'),
(3537, 222, 'DGL', 'Dumfries and Galloway'),
(3538, 222, 'DUND', 'Dundee'),
(3539, 222, 'DHM', 'Durham'),
(3540, 222, 'ARYE', 'East Ayrshire'),
(3541, 222, 'DUNBE', 'East Dunbartonshire'),
(3542, 222, 'LOTE', 'East Lothian'),
(3543, 222, 'RENE', 'East Renfrewshire'),
(3544, 222, 'ERYS', 'East Riding of Yorkshire'),
(3545, 222, 'SXE', 'East Sussex'),
(3546, 222, 'EDIN', 'Edinburgh'),
(3547, 222, 'ESX', 'Essex'),
(3548, 222, 'FALK', 'Falkirk'),
(3549, 222, 'FFE', 'Fife'),
(3550, 222, 'FLINT', 'Flintshire'),
(3551, 222, 'GLAS', 'Glasgow'),
(3552, 222, 'GLOS', 'Gloucestershire'),
(3553, 222, 'LDN', 'Greater London'),
(3554, 222, 'MCH', 'Greater Manchester'),
(3555, 222, 'GDD', 'Gwynedd'),
(3556, 222, 'HANTS', 'Hampshire'),
(3557, 222, 'HWR', 'Herefordshire'),
(3558, 222, 'HERTS', 'Hertfordshire'),
(3559, 222, 'HLD', 'Highlands'),
(3560, 222, 'IVER', 'Inverclyde'),
(3561, 222, 'IOW', 'Isle of Wight'),
(3562, 222, 'KNT', 'Kent'),
(3563, 222, 'LANCS', 'Lancashire'),
(3564, 222, 'LEICS', 'Leicestershire'),
(3565, 222, 'LINCS', 'Lincolnshire'),
(3566, 222, 'MSY', 'Merseyside'),
(3567, 222, 'MERT', 'Merthyr Tydfil'),
(3568, 222, 'MLOT', 'Midlothian'),
(3569, 222, 'MMOUTH', 'Monmouthshire'),
(3570, 222, 'MORAY', 'Moray'),
(3571, 222, 'NPRTAL', 'Neath Port Talbot'),
(3572, 222, 'NEWPT', 'Newport'),
(3573, 222, 'NOR', 'Norfolk'),
(3574, 222, 'ARYN', 'North Ayrshire'),
(3575, 222, 'LANN', 'North Lanarkshire'),
(3576, 222, 'YSN', 'North Yorkshire'),
(3577, 222, 'NHM', 'Northamptonshire'),
(3578, 222, 'NLD', 'Northumberland'),
(3579, 222, 'NOT', 'Nottinghamshire'),
(3580, 222, 'ORK', 'Orkney Islands'),
(3581, 222, 'OFE', 'Oxfordshire'),
(3582, 222, 'PEM', 'Pembrokeshire'),
(3583, 222, 'PERTH', 'Perth and Kinross'),
(3584, 222, 'PWS', 'Powys'),
(3585, 222, 'REN', 'Renfrewshire'),
(3586, 222, 'RHON', 'Rhondda Cynon Taff'),
(3587, 222, 'RUT', 'Rutland'),
(3588, 222, 'BOR', 'Scottish Borders'),
(3589, 222, 'SHET', 'Shetland Islands'),
(3590, 222, 'SPE', 'Shropshire'),
(3591, 222, 'SOM', 'Somerset'),
(3592, 222, 'ARYS', 'South Ayrshire'),
(3593, 222, 'LANS', 'South Lanarkshire'),
(3594, 222, 'YSS', 'South Yorkshire'),
(3595, 222, 'SFD', 'Staffordshire'),
(3596, 222, 'STIR', 'Stirling'),
(3597, 222, 'SFK', 'Suffolk'),
(3598, 222, 'SRY', 'Surrey'),
(3599, 222, 'SWAN', 'Swansea'),
(3600, 222, 'TORF', 'Torfaen'),
(3601, 222, 'TWR', 'Tyne and Wear'),
(3602, 222, 'VGLAM', 'Vale of Glamorgan'),
(3603, 222, 'WARKS', 'Warwickshire'),
(3604, 222, 'WDUN', 'West Dunbartonshire'),
(3605, 222, 'WLOT', 'West Lothian'),
(3606, 222, 'WMD', 'West Midlands'),
(3607, 222, 'SXW', 'West Sussex'),
(3608, 222, 'YSW', 'West Yorkshire'),
(3609, 222, 'WIL', 'Western Isles'),
(3610, 222, 'WLT', 'Wiltshire'),
(3611, 222, 'WORCS', 'Worcestershire'),
(3612, 222, 'WRX', 'Wrexham'),
(3613, 223, 'AL', 'Alabama'),
(3614, 223, 'AK', 'Alaska'),
(3615, 223, 'AS', 'American Samoa'),
(3616, 223, 'AZ', 'Arizona'),
(3617, 223, 'AR', 'Arkansas'),
(3618, 223, 'AF', 'Armed Forces Africa'),
(3619, 223, 'AA', 'Armed Forces Americas'),
(3620, 223, 'AC', 'Armed Forces Canada'),
(3621, 223, 'AE', 'Armed Forces Europe'),
(3622, 223, 'AM', 'Armed Forces Middle East'),
(3623, 223, 'AP', 'Armed Forces Pacific'),
(3624, 223, 'CA', 'California'),
(3625, 223, 'CO', 'Colorado'),
(3626, 223, 'CT', 'Connecticut'),
(3627, 223, 'DE', 'Delaware'),
(3628, 223, 'DC', 'District of Columbia'),
(3629, 223, 'FM', 'Federated States Of Micronesia'),
(3630, 223, 'FL', 'Florida'),
(3631, 223, 'GA', 'Georgia'),
(3632, 223, 'GU', 'Guam'),
(3633, 223, 'HI', 'Hawaii'),
(3634, 223, 'ID', 'Idaho'),
(3635, 223, 'IL', 'Illinois'),
(3636, 223, 'IN', 'Indiana'),
(3637, 223, 'IA', 'Iowa'),
(3638, 223, 'KS', 'Kansas'),
(3639, 223, 'KY', 'Kentucky'),
(3640, 223, 'LA', 'Louisiana'),
(3641, 223, 'ME', 'Maine'),
(3642, 223, 'MH', 'Marshall Islands'),
(3643, 223, 'MD', 'Maryland'),
(3644, 223, 'MA', 'Massachusetts'),
(3645, 223, 'MI', 'Michigan'),
(3646, 223, 'MN', 'Minnesota'),
(3647, 223, 'MS', 'Mississippi'),
(3648, 223, 'MO', 'Missouri'),
(3649, 223, 'MT', 'Montana'),
(3650, 223, 'NE', 'Nebraska'),
(3651, 223, 'NV', 'Nevada'),
(3652, 223, 'NH', 'New Hampshire'),
(3653, 223, 'NJ', 'New Jersey'),
(3654, 223, 'NM', 'New Mexico'),
(3655, 223, 'NY', 'New York'),
(3656, 223, 'NC', 'North Carolina'),
(3657, 223, 'ND', 'North Dakota'),
(3658, 223, 'MP', 'Northern Mariana Islands'),
(3659, 223, 'OH', 'Ohio'),
(3660, 223, 'OK', 'Oklahoma'),
(3661, 223, 'OR', 'Oregon'),
(3662, 223, 'PW', 'Palau'),
(3663, 223, 'PA', 'Pennsylvania'),
(3664, 223, 'PR', 'Puerto Rico'),
(3665, 223, 'RI', 'Rhode Island'),
(3666, 223, 'SC', 'South Carolina'),
(3667, 223, 'SD', 'South Dakota'),
(3668, 223, 'TN', 'Tennessee'),
(3669, 223, 'TX', 'Texas'),
(3670, 223, 'UT', 'Utah'),
(3671, 223, 'VT', 'Vermont'),
(3672, 223, 'VI', 'Virgin Islands'),
(3673, 223, 'VA', 'Virginia'),
(3674, 223, 'WA', 'Washington'),
(3675, 223, 'WV', 'West Virginia'),
(3676, 223, 'WI', 'Wisconsin'),
(3677, 223, 'WY', 'Wyoming'),
(3678, 224, 'BI', 'Baker Island'),
(3679, 224, 'HI', 'Howland Island'),
(3680, 224, 'JI', 'Jarvis Island'),
(3681, 224, 'JA', 'Johnston Atoll'),
(3682, 224, 'KR', 'Kingman Reef'),
(3683, 224, 'MA', 'Midway Atoll'),
(3684, 224, 'NI', 'Navassa Island'),
(3685, 224, 'PA', 'Palmyra Atoll'),
(3686, 224, 'WI', 'Wake Island'),
(3687, 225, 'AR', 'Artigas'),
(3688, 225, 'CA', 'Canelones'),
(3689, 225, 'CL', 'Cerro Largo'),
(3690, 225, 'CO', 'Colonia'),
(3691, 225, 'DU', 'Durazno'),
(3692, 225, 'FS', 'Flores'),
(3693, 225, 'FA', 'Florida'),
(3694, 225, 'LA', 'Lavalleja'),
(3695, 225, 'MA', 'Maldonado'),
(3696, 225, 'MO', 'Montevideo'),
(3697, 225, 'PA', 'Paysandu'),
(3698, 225, 'RN', 'Rio Negro'),
(3699, 225, 'RV', 'Rivera'),
(3700, 225, 'RO', 'Rocha'),
(3701, 225, 'SL', 'Salto'),
(3702, 225, 'SJ', 'San Jose'),
(3703, 225, 'SO', 'Soriano'),
(3704, 225, 'TA', 'Tacuarembo'),
(3705, 225, 'TT', 'Treinta y Tres'),
(3706, 226, 'AN', 'Andijon'),
(3707, 226, 'BU', 'Buxoro'),
(3708, 226, 'FA', 'Farg''ona'),
(3709, 226, 'JI', 'Jizzax'),
(3710, 226, 'NG', 'Namangan'),
(3711, 226, 'NW', 'Navoiy'),
(3712, 226, 'QA', 'Qashqadaryo'),
(3713, 226, 'QR', 'Qoraqalpog''iston Republikasi'),
(3714, 226, 'SA', 'Samarqand'),
(3715, 226, 'SI', 'Sirdaryo'),
(3716, 226, 'SU', 'Surxondaryo'),
(3717, 226, 'TK', 'Toshkent City'),
(3718, 226, 'TO', 'Toshkent Region'),
(3719, 226, 'XO', 'Xorazm'),
(3720, 227, 'MA', 'Malampa'),
(3721, 227, 'PE', 'Penama'),
(3722, 227, 'SA', 'Sanma'),
(3723, 227, 'SH', 'Shefa'),
(3724, 227, 'TA', 'Tafea'),
(3725, 227, 'TO', 'Torba'),
(3726, 229, 'AM', 'Amazonas'),
(3727, 229, 'AN', 'Anzoategui'),
(3728, 229, 'AP', 'Apure'),
(3729, 229, 'AR', 'Aragua'),
(3730, 229, 'BA', 'Barinas'),
(3731, 229, 'BO', 'Bolivar'),
(3732, 229, 'CA', 'Carabobo'),
(3733, 229, 'CO', 'Cojedes'),
(3734, 229, 'DA', 'Delta Amacuro'),
(3735, 229, 'DF', 'Dependencias Federales'),
(3736, 229, 'DI', 'Distrito Federal'),
(3737, 229, 'FA', 'Falcon'),
(3738, 229, 'GU', 'Guarico'),
(3739, 229, 'LA', 'Lara'),
(3740, 229, 'ME', 'Merida'),
(3741, 229, 'MI', 'Miranda'),
(3742, 229, 'MO', 'Monagas'),
(3743, 229, 'NE', 'Nueva Esparta'),
(3744, 229, 'PO', 'Portuguesa'),
(3745, 229, 'SU', 'Sucre'),
(3746, 229, 'TA', 'Tachira'),
(3747, 229, 'TR', 'Trujillo'),
(3748, 229, 'VA', 'Vargas'),
(3749, 229, 'YA', 'Yaracuy'),
(3750, 229, 'ZU', 'Zulia'),
(3751, 230, 'AG', 'An Giang'),
(3752, 230, 'BG', 'Bac Giang'),
(3753, 230, 'BK', 'Bac Kan'),
(3754, 230, 'BL', 'Bac Lieu'),
(3755, 230, 'BC', 'Bac Ninh'),
(3756, 230, 'BR', 'Ba Ria-Vung Tau'),
(3757, 230, 'BN', 'Ben Tre'),
(3758, 230, 'BH', 'Binh Dinh'),
(3759, 230, 'BU', 'Binh Duong'),
(3760, 230, 'BP', 'Binh Phuoc'),
(3761, 230, 'BT', 'Binh Thuan'),
(3762, 230, 'CM', 'Ca Mau'),
(3763, 230, 'CT', 'Can Tho'),
(3764, 230, 'CB', 'Cao Bang'),
(3765, 230, 'DL', 'Dak Lak'),
(3766, 230, 'DG', 'Dak Nong'),
(3767, 230, 'DN', 'Da Nang'),
(3768, 230, 'DB', 'Dien Bien'),
(3769, 230, 'DI', 'Dong Nai'),
(3770, 230, 'DT', 'Dong Thap'),
(3771, 230, 'GL', 'Gia Lai'),
(3772, 230, 'HG', 'Ha Giang'),
(3773, 230, 'HD', 'Hai Duong'),
(3774, 230, 'HP', 'Hai Phong'),
(3775, 230, 'HM', 'Ha Nam'),
(3776, 230, 'HI', 'Ha Noi'),
(3777, 230, 'HT', 'Ha Tay'),
(3778, 230, 'HH', 'Ha Tinh'),
(3779, 230, 'HB', 'Hoa Binh'),
(3780, 230, 'HC', 'Ho Chi Minh City'),
(3781, 230, 'HU', 'Hau Giang'),
(3782, 230, 'HY', 'Hung Yen'),
(3783, 232, 'C', 'Saint Croix'),
(3784, 232, 'J', 'Saint John'),
(3785, 232, 'T', 'Saint Thomas'),
(3786, 233, 'A', 'Alo'),
(3787, 233, 'S', 'Sigave'),
(3788, 233, 'W', 'Wallis'),
(3789, 235, 'AB', 'Abyan'),
(3790, 235, 'AD', 'Adan'),
(3791, 235, 'AM', 'Amran'),
(3792, 235, 'BA', 'Al Bayda'),
(3793, 235, 'DA', 'Ad Dali'),
(3794, 235, 'DH', 'Dhamar'),
(3795, 235, 'HD', 'Hadramawt'),
(3796, 235, 'HJ', 'Hajjah'),
(3797, 235, 'HU', 'Al Hudaydah'),
(3798, 235, 'IB', 'Ibb'),
(3799, 235, 'JA', 'Al Jawf'),
(3800, 235, 'LA', 'Lahij'),
(3801, 235, 'MA', 'Ma''rib'),
(3802, 235, 'MR', 'Al Mahrah'),
(3803, 235, 'MW', 'Al Mahwit'),
(3804, 235, 'SD', 'Sa''dah'),
(3805, 235, 'SN', 'San''a'),
(3806, 235, 'SH', 'Shabwah'),
(3807, 235, 'TA', 'Ta''izz'),
(3808, 236, 'KOS', 'Kosovo'),
(3809, 236, 'MON', 'Montenegro'),
(3810, 236, 'SER', 'Serbia'),
(3811, 236, 'VOJ', 'Vojvodina'),
(3812, 237, 'BC', 'Bas-Congo'),
(3813, 237, 'BN', 'Bandundu'),
(3814, 237, 'EQ', 'Equateur'),
(3815, 237, 'KA', 'Katanga'),
(3816, 237, 'KE', 'Kasai-Oriental'),
(3817, 237, 'KN', 'Kinshasa'),
(3818, 237, 'KW', 'Kasai-Occidental'),
(3819, 237, 'MA', 'Maniema'),
(3820, 237, 'NK', 'Nord-Kivu'),
(3821, 237, 'OR', 'Orientale'),
(3822, 237, 'SK', 'Sud-Kivu'),
(3823, 238, 'CE', 'Central'),
(3824, 238, 'CB', 'Copperbelt'),
(3825, 238, 'EA', 'Eastern'),
(3826, 238, 'LP', 'Luapula'),
(3827, 238, 'LK', 'Lusaka'),
(3828, 238, 'NO', 'Northern'),
(3829, 238, 'NW', 'North-Western'),
(3830, 238, 'SO', 'Southern'),
(3831, 238, 'WE', 'Western'),
(3832, 239, 'BU', 'Bulawayo'),
(3833, 239, 'HA', 'Harare'),
(3834, 239, 'ML', 'Manicaland'),
(3835, 239, 'MC', 'Mashonaland Central'),
(3836, 239, 'ME', 'Mashonaland East'),
(3837, 239, 'MW', 'Mashonaland West'),
(3838, 239, 'MV', 'Masvingo'),
(3839, 239, 'MN', 'Matabeleland North'),
(3840, 239, 'MS', 'Matabeleland South'),
(3841, 239, 'MD', 'Midlands'),
(3861, 105, 'CB', 'Campobasso'),
(3862, 105, 'CI', 'Carbonia-Iglesias'),
(3863, 105, 'CE', 'Caserta'),
(3864, 105, 'CT', 'Catania'),
(3865, 105, 'CZ', 'Catanzaro'),
(3866, 105, 'CH', 'Chieti'),
(3867, 105, 'CO', 'Como'),
(3868, 105, 'CS', 'Cosenza'),
(3869, 105, 'CR', 'Cremona'),
(3870, 105, 'KR', 'Crotone'),
(3871, 105, 'CN', 'Cuneo'),
(3872, 105, 'EN', 'Enna'),
(3873, 105, 'FE', 'Ferrara'),
(3874, 105, 'FI', 'Firenze'),
(3875, 105, 'FG', 'Foggia'),
(3876, 105, 'FC', 'Forli-Cesena'),
(3877, 105, 'FR', 'Frosinone'),
(3878, 105, 'GE', 'Genova'),
(3879, 105, 'GO', 'Gorizia'),
(3880, 105, 'GR', 'Grosseto'),
(3881, 105, 'IM', 'Imperia'),
(3882, 105, 'IS', 'Isernia'),
(3883, 105, 'AQ', 'L&#39;Aquila'),
(3884, 105, 'SP', 'La Spezia'),
(3885, 105, 'LT', 'Latina'),
(3886, 105, 'LE', 'Lecce'),
(3887, 105, 'LC', 'Lecco'),
(3888, 105, 'LI', 'Livorno'),
(3889, 105, 'LO', 'Lodi'),
(3890, 105, 'LU', 'Lucca'),
(3891, 105, 'MC', 'Macerata'),
(3892, 105, 'MN', 'Mantova'),
(3893, 105, 'MS', 'Massa-Carrara'),
(3894, 105, 'MT', 'Matera'),
(3895, 105, 'VS', 'Medio Campidano'),
(3896, 105, 'ME', 'Messina'),
(3897, 105, 'MI', 'Milano'),
(3898, 105, 'MO', 'Modena'),
(3899, 105, 'NA', 'Napoli'),
(3900, 105, 'NO', 'Novara'),
(3901, 105, 'NU', 'Nuoro'),
(3902, 105, 'OG', 'Ogliastra'),
(3903, 105, 'OT', 'Olbia-Tempio'),
(3904, 105, 'OR', 'Oristano'),
(3905, 105, 'PD', 'Padova'),
(3906, 105, 'PA', 'Palermo'),
(3907, 105, 'PR', 'Parma'),
(3908, 105, 'PV', 'Pavia'),
(3909, 105, 'PG', 'Perugia'),
(3910, 105, 'PU', 'Pesaro e Urbino'),
(3911, 105, 'PE', 'Pescara'),
(3912, 105, 'PC', 'Piacenza'),
(3913, 105, 'PI', 'Pisa'),
(3914, 105, 'PT', 'Pistoia'),
(3915, 105, 'PN', 'Pordenone'),
(3916, 105, 'PZ', 'Potenza'),
(3917, 105, 'PO', 'Prato'),
(3918, 105, 'RG', 'Ragusa'),
(3919, 105, 'RA', 'Ravenna'),
(3920, 105, 'RC', 'Reggio Calabria'),
(3921, 105, 'RE', 'Reggio Emilia'),
(3922, 105, 'RI', 'Rieti'),
(3923, 105, 'RN', 'Rimini'),
(3924, 105, 'RM', 'Roma'),
(3925, 105, 'RO', 'Rovigo'),
(3926, 105, 'SA', 'Salerno'),
(3927, 105, 'SS', 'Sassari'),
(3928, 105, 'SV', 'Savona'),
(3929, 105, 'SI', 'Siena'),
(3930, 105, 'SR', 'Siracusa'),
(3931, 105, 'SO', 'Sondrio'),
(3932, 105, 'TA', 'Taranto'),
(3933, 105, 'TE', 'Teramo'),
(3934, 105, 'TR', 'Terni'),
(3935, 105, 'TO', 'Torino'),
(3936, 105, 'TP', 'Trapani'),
(3937, 105, 'TN', 'Trento'),
(3938, 105, 'TV', 'Treviso'),
(3939, 105, 'TS', 'Trieste'),
(3940, 105, 'UD', 'Udine'),
(3941, 105, 'VA', 'Varese'),
(3942, 105, 'VE', 'Venezia'),
(3943, 105, 'VB', 'Verbano-Cusio-Ossola'),
(3944, 105, 'VC', 'Vercelli'),
(3945, 105, 'VR', 'Verona'),
(3946, 105, 'VV', 'Vibo Valentia'),
(3947, 105, 'VI', 'Vicenza'),
(3948, 105, 'VT', 'Viterbo');

-- --------------------------------------------------------

--
-- Tablo için tablo yapısı `e_users`
--

CREATE TABLE IF NOT EXISTS `e_users` (
  `id` int(11) NOT NULL AUTO_INCREMENT,
  `role_id` int(11) NOT NULL DEFAULT '1',
  `username` varchar(255) NOT NULL,
  `password` varchar(34) NOT NULL,
  `email` varchar(100) NOT NULL,
  `banned` tinyint(1) NOT NULL DEFAULT '0',
  `ban_reason` varchar(255) DEFAULT NULL,
  `newpass` varchar(34) DEFAULT NULL,
  `newpass_key` varchar(32) DEFAULT NULL,
  `newpass_time` datetime DEFAULT NULL,
  `last_ip` varchar(40) NOT NULL,
  `last_login` datetime NOT NULL DEFAULT '0000-00-00 00:00:00',
  `created` datetime NOT NULL DEFAULT '0000-00-00 00:00:00',
  `modified` timestamp NOT NULL DEFAULT CURRENT_TIMESTAMP ON UPDATE CURRENT_TIMESTAMP,
  `durum` int(11) NOT NULL DEFAULT '0' COMMENT '0 silinmemiş 1 silinmiş',
  PRIMARY KEY (`id`),
  KEY `durum` (`durum`),
  KEY `modified` (`modified`),
  KEY `created` (`created`),
  KEY `last_login` (`last_login`),
  KEY `last_ip` (`last_ip`),
  KEY `newpass_time` (`newpass_time`),
  KEY `newpass_key` (`newpass_key`),
  KEY `newpass` (`newpass`),
  KEY `ban_reason` (`ban_reason`),
  KEY `banned` (`banned`),
  KEY `email` (`email`),
  KEY `password` (`password`),
  KEY `username` (`username`),
  KEY `role_id` (`role_id`)
) ENGINE=MyISAM  DEFAULT CHARSET=utf8 AUTO_INCREMENT=25 ;

--
-- Tablo döküm verisi `e_users`
--

INSERT INTO `e_users` (`id`, `role_id`, `username`, `password`, `email`, `banned`, `ban_reason`, `newpass`, `newpass_key`, `newpass_time`, `last_ip`, `last_login`, `created`, `modified`, `durum`) VALUES
(21, 4, 'demo2@eticaret.com', '$1$H42.EL4.$KPg5z6iT7Bub7oZlzHyu8/', 'demo2@eticaret.com', 0, NULL, NULL, NULL, NULL, '127.0.0.1', '2012-04-29 16:25:19', '2011-12-13 13:52:09', '2012-04-29 13:25:19', 1),
(22, 4, 'demo3@eticaret.com', '$1$H42.EL4.$KPg5z6iT7Bub7oZlzHyu8/', 'demo3@eticaret.com', 0, NULL, NULL, NULL, NULL, '127.0.0.1', '2012-04-29 16:25:19', '2011-12-13 13:52:09', '2012-04-29 13:25:19', 1),
(15, 5, 'demo@eticaret.com', '$1$BV5gRbGY$5vP.GUXBXvDgMtVSXUJDR/', 'demo@eticaret.com', 0, NULL, NULL, NULL, NULL, '176.219.170.96', '2014-01-04 20:30:57', '2011-12-13 13:52:09', '2014-01-04 18:30:57', 0),
(23, 5, 'kochserkan@gmail.com', '$1$STFwIXsX$9364J0LmsULT2woNWsn0G.', 'kochserkan@gmail.com', 0, NULL, NULL, NULL, NULL, '91.199.73.2', '2014-01-15 09:07:54', '2013-07-11 22:44:57', '2014-01-15 07:07:54', 0),
(24, 4, 'kochserkan@yandex.com', '$1$Cgb66j5G$xgI.gUX15jDhAK9kh1y7m/', 'kochserkan@yandex.com', 0, NULL, NULL, NULL, NULL, '91.199.73.2', '2013-07-12 11:25:45', '2013-07-12 11:25:44', '2013-07-12 08:25:45', 0);

-- --------------------------------------------------------

--
-- Tablo için tablo yapısı `e_users_facebook`
--

CREATE TABLE IF NOT EXISTS `e_users_facebook` (
  `user_id` bigint(20) NOT NULL,
  `facebook_id` bigint(20) NOT NULL,
  PRIMARY KEY (`user_id`),
  UNIQUE KEY `facebook_id` (`facebook_id`)
) ENGINE=MyISAM DEFAULT CHARSET=utf8;

--
-- Tablo döküm verisi `e_users_facebook`
--

INSERT INTO `e_users_facebook` (`user_id`, `facebook_id`) VALUES
(14, 100002181032106),
(23, 100001323021739);

-- --------------------------------------------------------

--
-- Tablo için tablo yapısı `e_user_autologin`
--

CREATE TABLE IF NOT EXISTS `e_user_autologin` (
  `key_id` char(32) NOT NULL,
  `user_id` mediumint(8) NOT NULL DEFAULT '0',
  `user_agent` varchar(150) NOT NULL,
  `last_ip` varchar(40) NOT NULL,
  `last_login` timestamp NOT NULL DEFAULT CURRENT_TIMESTAMP ON UPDATE CURRENT_TIMESTAMP,
  PRIMARY KEY (`key_id`,`user_id`),
  KEY `last_login` (`last_login`),
  KEY `last_ip` (`last_ip`),
  KEY `user_agent` (`user_agent`)
) ENGINE=MyISAM DEFAULT CHARSET=utf8;

--
-- Tablo döküm verisi `e_user_autologin`
--

INSERT INTO `e_user_autologin` (`key_id`, `user_id`, `user_agent`, `last_ip`, `last_login`) VALUES
('ffefebf376f8bbe6e1f273567f1612c1', 12, 'Mozilla/5.0 (Windows NT 6.1; rv:8.0) Gecko/20100101 Firefox/8.0', '78.191.145.209', '2011-12-09 13:35:11'),
('4ec26bd059e6459d1e7030c7af5f94c7', 1, 'Mozilla/5.0 (Windows NT 6.1) AppleWebKit/535.2 (KHTML, like Gecko) Chrome/15.0.874.121 Safari/535.2', '78.191.145.209', '2011-12-14 09:35:09'),
('f1cef5d59775660065779687fe2016ca', 1, 'Mozilla/5.0 (Windows NT 6.1; WOW64) AppleWebKit/535.2 (KHTML, like Gecko) Chrome/15.0.874.121 Safari/535.2', '78.191.145.209', '2011-12-09 06:24:35'),
('f441b5026fc556a98632b97eae787eb6', 15, 'Mozilla/5.0 (Windows NT 6.1; rv:8.0.1) Gecko/20100101 Firefox/8.0.1', '78.191.145.209', '2011-12-13 11:52:09'),
('53ffbf7d84e6a4bb871bfb4a0801f96b', 1, 'Mozilla/5.0 (Windows NT 6.1) AppleWebKit/535.2 (KHTML, like Gecko) Chrome/15.0.874.121 Safari/535.2', '88.238.127.117', '2011-12-08 20:26:06'),
('cc476efc1cae8b5cdd3049e38f3af509', 1, 'Mozilla/5.0 (Windows NT 6.1; rv:8.0) Gecko/20100101 Firefox/8.0', '78.185.221.31', '2011-12-07 08:38:10'),
('820c0fbc8757ab9c91b4ce71961e5605', 1, 'Mozilla/5.0 (Windows NT 6.1; WOW64; rv:8.0) Gecko/20100101 Firefox/8.0', '78.185.221.31', '2011-12-07 06:41:19'),
('4fa21fd9506f65bddc14491c02041dca', 1, 'Mozilla/5.0 (Windows NT 6.1) AppleWebKit/535.2 (KHTML, like Gecko) Chrome/15.0.874.121 Safari/535.2', '95.13.83.7', '2011-12-07 22:38:03'),
('0e05acce2dcd63bc4339fca3f9406c8d', 1, 'Mozilla/5.0 (Windows NT 5.2) AppleWebKit/535.2 (KHTML, like Gecko) Chrome/15.0.874.121 Safari/535.2', '85.17.31.200', '2011-12-13 11:28:09'),
('2b16241885938849a1470f0cabeb5517', 1, 'Mozilla/5.0 (Windows NT 6.1; WOW64) AppleWebKit/535.2 (KHTML, like Gecko) Chrome/15.0.874.121 Safari/535.2', '78.190.85.163', '2011-12-01 12:45:01'),
('5507e4bd5b814dc2a609d830284f0294', 1, 'Mozilla/5.0 (Windows NT 6.1; rv:8.0) Gecko/20100101 Firefox/8.0', '78.188.88.69', '2011-12-10 14:02:55'),
('bb60100d849a3df9c64d745d532fa711', 1, 'Mozilla/5.0 (Windows NT 6.1; WOW64; rv:8.0) Gecko/20100101 Firefox/8.0', '78.191.145.209', '2011-12-12 07:37:09'),
('c259a2d2e7502e13140b78d83d78dbff', 1, 'Mozilla/5.0 (Windows NT 6.1; rv:7.0.1) Gecko/20100101 Firefox/7.0.1', '78.191.145.209', '2011-12-12 08:12:53'),
('c115aec379e89cfef68fad54ff85cb23', 1, 'Mozilla/5.0 (Windows NT 6.1) AppleWebKit/535.7 (KHTML, like Gecko) Chrome/16.0.912.63 Safari/535.7', '85.97.96.182', '2011-12-27 07:51:18'),
('4a4b1aff73cb7c0045c3ae8508ed8a9f', 1, 'Mozilla/5.0 (Windows NT 6.1; WOW64) AppleWebKit/535.7 (KHTML, like Gecko) Chrome/16.0.912.63 Safari/535.7', '85.97.96.182', '2011-12-26 11:54:42'),
('50f27a11579d9cd1462d21528c4f000d', 16, 'Mozilla/5.0 (Windows NT 6.1; rv:8.0) Gecko/20100101 Firefox/8.0', '85.97.96.182', '2011-12-21 13:44:26'),
('6931ba501a701460748ade61645ab369', 18, 'Mozilla/5.0 (Windows NT 6.1; rv:8.0) Gecko/20100101 Firefox/8.0', '78.184.187.151', '2012-01-20 04:54:28'),
('c2e8b64c9bd3f1551b47f1981d014f12', 1, 'Mozilla/5.0 (Windows NT 6.1; WOW64) AppleWebKit/535.7 (KHTML, like Gecko) Chrome/16.0.912.63 Safari/535.7', '85.97.24.93', '2012-01-07 07:46:10'),
('c05c94a2d0590ca3cbbc995b29e24329', 1, 'Mozilla/5.0 (Windows NT 6.1) AppleWebKit/535.7 (KHTML, like Gecko) Chrome/16.0.912.63 Safari/535.7', '88.238.143.58', '2012-01-03 20:42:53'),
('2165aec84f06d7b0f98b28f507ab910f', 1, 'Mozilla/5.0 (Windows NT 6.1; WOW64) AppleWebKit/535.7 (KHTML, like Gecko) Chrome/16.0.912.75 Safari/535.7', '85.97.103.29', '2012-01-24 11:58:34'),
('139d42e522eae7e979c6b9d6f2db6ab3', 1, 'Mozilla/5.0 (Windows NT 6.1; WOW64; rv:9.0.1) Gecko/20100101 Firefox/9.0.1', '85.97.103.29', '2012-01-26 06:53:04'),
('b136c695bf2cc785fb30be24be576b51', 1, 'Mozilla/5.0 (Windows NT 6.1) AppleWebKit/535.7 (KHTML, like Gecko) Chrome/16.0.912.77 Safari/535.7', '85.97.103.29', '2012-01-26 10:53:39'),
('6f41d1d62d113c9b7c684eea4cddb428', 1, 'Mozilla/5.0 (Windows NT 6.1; rv:10.0.2) Gecko/20100101 Firefox/10.0.2', '85.101.29.118', '2012-03-13 09:27:12'),
('18f934472dc160ac3a3fd46e55f0c8b9', 1, 'Mozilla/5.0 (Windows NT 6.1; WOW64) AppleWebKit/535.7 (KHTML, like Gecko) Chrome/16.0.912.77 Safari/535.7', '85.96.17.97', '2012-01-29 09:05:30'),
('a2f1875811eed7516263df4bd0e12b9f', 18, 'Mozilla/5.0 (Windows NT 6.1; WOW64; rv:9.0.1) Gecko/20100101 Firefox/9.0.1', '85.96.17.97', '2012-01-29 09:08:22'),
('d43e4819ff3a91066012b4514b2f8885', 1, 'Mozilla/5.0 (Windows NT 6.1; WOW64) AppleWebKit/535.7 (KHTML, like Gecko) Chrome/16.0.912.77 Safari/535.7', '85.97.62.132', '2012-01-30 10:49:52'),
('b5393893e9f8d18700bb10738249c1a3', 1, 'Mozilla/5.0 (Windows NT 6.1) AppleWebKit/535.7 (KHTML, like Gecko) Chrome/16.0.912.77 Safari/535.7', '85.97.90.55', '2012-01-31 11:09:08'),
('a6c42a03ddb58d4adb9254fc7142aacd', 20, 'Mozilla/5.0 (Macintosh; U; Intel Mac OS X 10_6_7; en-us) AppleWebKit/533.21.1 (KHTML, like Gecko) Version/5.0.5 Safari/533.21.1', '85.101.141.122', '2012-03-06 07:14:10'),
('cc257cac4b367b12a9704e502e464db6', 15, 'Mozilla/5.0 (Windows NT 6.1; WOW64; rv:10.0.2) Gecko/20100101 Firefox/10.0.2', '127.0.0.1', '2012-03-17 16:12:02'),
('01c668dc8cb7af93696565c382751a97', 15, 'Mozilla/5.0 (Windows NT 6.1; WOW64) AppleWebKit/535.11 (KHTML, like Gecko) Chrome/17.0.963.83 Safari/535.11', '127.0.0.1', '2012-03-26 18:38:47'),
('c10a041c77e58a3eb805858ca7dcc2bb', 15, 'Mozilla/5.0 (Windows NT 6.1; WOW64; rv:12.0) Gecko/20100101 Firefox/12.0', '127.0.0.1', '2012-05-15 23:08:42'),
('90be9d7b584fa2984bc2cb2adeb4a0e0', 15, 'Mozilla/5.0 (compatible; MSIE 9.0; Windows NT 6.1; WOW64; Trident/5.0)', '127.0.0.1', '2012-04-29 13:12:36'),
('f354275bc2287a27c214f5bc74030a45', 15, 'Mozilla/5.0 (Windows NT 6.2; WOW64) AppleWebKit/537.36 (KHTML, like Gecko) Chrome/27.0.1453.116 Safari/537.36', '5.46.162.32', '2013-07-11 20:56:15'),
('3c3ab9ddc18aabdd5fe49489a7697987', 15, 'Mozilla/5.0 (Macintosh; Intel Mac OS X 10.7; rv:22.0) Gecko/20100101 Firefox/22.0', '88.246.142.242', '2013-07-12 11:07:37'),
('66cb31171893d88fd3611f1b8b299fcf', 15, 'Mozilla/5.0 (Windows NT 6.1; WOW64) AppleWebKit/537.36 (KHTML, like Gecko) Chrome/28.0.1500.72 Safari/537.36', '91.199.73.2', '2013-07-26 08:51:58'),
('c613a33f392b460fcac82eaa844532b0', 23, 'Mozilla/5.0 (Windows NT 6.3; WOW64) AppleWebKit/537.36 (KHTML, like Gecko) Chrome/31.0.1650.63 Safari/537.36', '5.46.240.141', '2013-12-30 19:40:35'),
('570cc6acb4c19e920b70549b539ec4e6', 15, 'Mozilla/5.0 (Windows NT 6.3; WOW64; Trident/7.0; rv:11.0) like Gecko', '5.46.240.141', '2013-12-30 20:05:29'),
('0ab9fe30d2eca729b32ad66db85950e7', 23, 'Mozilla/5.0 (Windows NT 6.1; WOW64) AppleWebKit/537.36 (KHTML, like Gecko) Chrome/31.0.1650.63 Safari/537.36', '91.199.73.2', '2014-01-07 08:12:34'),
('02e3b728cdea7aff17852d07e09fc1ff', 23, 'Mozilla/5.0 (Linux; Android 4.3; GT-I9500 Build/JSS15J) AppleWebKit/537.36 (KHTML, like Gecko) Chrome/31.0.1650.59 Mobile Safari/537.36', '91.199.73.2', '2013-12-31 08:37:26');

-- --------------------------------------------------------

--
-- Tablo için tablo yapısı `e_user_profile`
--

CREATE TABLE IF NOT EXISTS `e_user_profile` (
  `id` int(11) NOT NULL AUTO_INCREMENT,
  `user_id` int(11) NOT NULL,
  `country` varchar(20) DEFAULT NULL,
  `website` varchar(255) DEFAULT NULL,
  PRIMARY KEY (`id`),
  KEY `website` (`website`),
  KEY `country` (`country`),
  KEY `user_id` (`user_id`)
) ENGINE=MyISAM  DEFAULT CHARSET=utf8 AUTO_INCREMENT=22 ;

--
-- Tablo döküm verisi `e_user_profile`
--

INSERT INTO `e_user_profile` (`id`, `user_id`, `country`, `website`) VALUES
(14, 15, NULL, NULL),
(20, 23, NULL, NULL),
(21, 24, NULL, NULL);

-- --------------------------------------------------------

--
-- Tablo için tablo yapısı `e_user_temp`
--

CREATE TABLE IF NOT EXISTS `e_user_temp` (
  `id` int(11) NOT NULL AUTO_INCREMENT,
  `username` varchar(255) NOT NULL,
  `password` varchar(34) NOT NULL,
  `email` varchar(100) NOT NULL,
  `activation_key` varchar(50) NOT NULL,
  `last_ip` varchar(40) NOT NULL,
  `created` timestamp NOT NULL DEFAULT CURRENT_TIMESTAMP ON UPDATE CURRENT_TIMESTAMP,
  `role_id` int(11) NOT NULL DEFAULT '1',
  PRIMARY KEY (`id`),
  KEY `role_id` (`role_id`),
  KEY `created` (`created`),
  KEY `last_ip` (`last_ip`),
  KEY `activation_key` (`activation_key`),
  KEY `email` (`email`),
  KEY `password` (`password`),
  KEY `username` (`username`)
) ENGINE=MyISAM DEFAULT CHARSET=utf8 AUTO_INCREMENT=1 ;

-- --------------------------------------------------------

--
-- Tablo için tablo yapısı `e_usr_adr_inf`
--

CREATE TABLE IF NOT EXISTS `e_usr_adr_inf` (
  `adr_id` bigint(20) NOT NULL AUTO_INCREMENT,
  `adr_is_adr_id` varchar(255) DEFAULT NULL,
  `adr_is_ack` varchar(255) DEFAULT NULL,
  `adr_is_tel1` varchar(32) DEFAULT NULL,
  `adr_is_tel2` varchar(32) DEFAULT NULL,
  `adr_is_fax` varchar(32) DEFAULT NULL,
  `adr_tip` int(11) DEFAULT NULL,
  `adr_flag` int(11) DEFAULT NULL,
  `user_id` bigint(20) NOT NULL,
  PRIMARY KEY (`adr_id`),
  KEY `user_id` (`user_id`),
  KEY `adr_flag` (`adr_flag`),
  KEY `adr_tip` (`adr_tip`),
  KEY `adr_is_adr_id` (`adr_is_adr_id`)
) ENGINE=MyISAM  DEFAULT CHARSET=utf8 AUTO_INCREMENT=87 ;

--
-- Tablo döküm verisi `e_usr_adr_inf`
--

INSERT INTO `e_usr_adr_inf` (`adr_id`, `adr_is_adr_id`, `adr_is_ack`, `adr_is_tel1`, `adr_is_tel2`, `adr_is_fax`, `adr_tip`, `adr_flag`, `user_id`) VALUES
(85, NULL, NULL, NULL, NULL, NULL, NULL, NULL, 23),
(86, NULL, NULL, NULL, NULL, NULL, NULL, NULL, 24);

-- --------------------------------------------------------

--
-- Tablo için tablo yapısı `e_usr_ide_inf`
--

CREATE TABLE IF NOT EXISTS `e_usr_ide_inf` (
  `ide_id` bigint(20) NOT NULL AUTO_INCREMENT,
  `ide_adi` varchar(32) NOT NULL,
  `ide_soy` varchar(32) NOT NULL,
  `ide_dogtar` date NOT NULL DEFAULT '0000-00-00',
  `ide_dogyer` varchar(32) DEFAULT NULL,
  `ide_cins` varchar(12) DEFAULT NULL,
  `ide_cep` varchar(32) DEFAULT NULL,
  `ide_flag` int(11) DEFAULT NULL,
  `ide_unv` varchar(64) DEFAULT NULL,
  `ide_tckimlik` varchar(11) DEFAULT NULL,
  `ide_alternatif_mail` varchar(64) DEFAULT NULL,
  `ide_web_site` varchar(128) DEFAULT NULL,
  `user_id` bigint(20) NOT NULL,
  PRIMARY KEY (`ide_id`),
  KEY `user_id` (`user_id`),
  KEY `ide_flag` (`ide_flag`),
  KEY `ide_dogtar` (`ide_dogtar`),
  FULLTEXT KEY `ide_web_site` (`ide_web_site`),
  FULLTEXT KEY `ide_alternatif_mail` (`ide_alternatif_mail`),
  FULLTEXT KEY `ide_tckimlik` (`ide_tckimlik`),
  FULLTEXT KEY `ide_unv` (`ide_unv`),
  FULLTEXT KEY `ide_cep` (`ide_cep`),
  FULLTEXT KEY `ide_cins` (`ide_cins`),
  FULLTEXT KEY `ide_dogyer` (`ide_dogyer`),
  FULLTEXT KEY `ide_soy` (`ide_soy`),
  FULLTEXT KEY `ide_adi` (`ide_adi`)
) ENGINE=MyISAM  DEFAULT CHARSET=utf8 AUTO_INCREMENT=88 ;

--
-- Tablo döküm verisi `e_usr_ide_inf`
--

INSERT INTO `e_usr_ide_inf` (`ide_id`, `ide_adi`, `ide_soy`, `ide_dogtar`, `ide_dogyer`, `ide_cins`, `ide_cep`, `ide_flag`, `ide_unv`, `ide_tckimlik`, `ide_alternatif_mail`, `ide_web_site`, `user_id`) VALUES
(80, 'Demo', 'Kullanıcı', '0000-00-00', NULL, 'e', '(0543) 123 12 31', NULL, NULL, '36134142342', NULL, 'www.eticaret.com', 15),
(86, 'Serkan', 'Koch', '1987-02-08', NULL, 'e', NULL, NULL, NULL, NULL, NULL, NULL, 23),
(87, 'serkan', 'koç', '0000-00-00', NULL, NULL, NULL, NULL, NULL, NULL, NULL, NULL, 24);

-- --------------------------------------------------------

--
-- Tablo için tablo yapısı `e_usr_inv_inf`
--

CREATE TABLE IF NOT EXISTS `e_usr_inv_inf` (
  `inv_id` bigint(20) NOT NULL AUTO_INCREMENT,
  `inv_adr_id` longtext,
  `inv_name` text,
  `inv_username` text,
  `inv_usersurname` text,
  `inv_tckimlik` text,
  `inv_ack` longtext,
  `inv_firma` text,
  `inv_vno` text,
  `inv_vda` text,
  `inv_tel` text,
  `inv_fax` text,
  `inv_flag` int(11) DEFAULT NULL COMMENT '1:yeni kayit / 2:default / 3:islem_gormus  //1 haric diger flaglar silinemez',
  `inv_pkodu` int(11) NOT NULL COMMENT 'posta kodu',
  `inv_ulke` varchar(50) NOT NULL,
  `inv_sehir` varchar(50) NOT NULL,
  `inv_ilce` varchar(255) DEFAULT NULL,
  `user_id` bigint(20) NOT NULL,
  PRIMARY KEY (`inv_id`),
  KEY `user_id` (`user_id`),
  KEY `inv_ilce` (`inv_ilce`),
  KEY `inv_sehir` (`inv_sehir`),
  KEY `inv_ulke` (`inv_ulke`),
  KEY `inv_pkodu` (`inv_pkodu`),
  KEY `inv_flag` (`inv_flag`),
  FULLTEXT KEY `inv_fax` (`inv_fax`),
  FULLTEXT KEY `inv_tel` (`inv_tel`),
  FULLTEXT KEY `inv_vda` (`inv_vda`),
  FULLTEXT KEY `inv_vno` (`inv_vno`),
  FULLTEXT KEY `inv_firma` (`inv_firma`),
  FULLTEXT KEY `inv_ack` (`inv_ack`),
  FULLTEXT KEY `inv_tckimlik` (`inv_tckimlik`),
  FULLTEXT KEY `inv_usersurname` (`inv_usersurname`),
  FULLTEXT KEY `inv_username` (`inv_username`),
  FULLTEXT KEY `inv_name` (`inv_name`),
  FULLTEXT KEY `inv_adr_id` (`inv_adr_id`)
) ENGINE=MyISAM  DEFAULT CHARSET=utf8 AUTO_INCREMENT=306 ;

--
-- Tablo döküm verisi `e_usr_inv_inf`
--

INSERT INTO `e_usr_inv_inf` (`inv_id`, `inv_adr_id`, `inv_name`, `inv_username`, `inv_usersurname`, `inv_tckimlik`, `inv_ack`, `inv_firma`, `inv_vno`, `inv_vda`, `inv_tel`, `inv_fax`, `inv_flag`, `inv_pkodu`, `inv_ulke`, `inv_sehir`, `inv_ilce`, `user_id`) VALUES
(290, 'taksim', 'e4351013d0feaa724986479edae23f65', 'Demo', 'Kullanıcı', '36123123456', NULL, 'firma', '123141234123', 'vd', '0543 123 12 31', '', 1, 12321, '215', '3354', 'taksim', 15),
(289, 'taksim', '39b704dfe9555a289efbe175aaa524af', 'Demo', 'Kullanıcı', '36123123456', NULL, 'firma', '123141234123', 'vd', '0543 123 12 31', '', 1, 12321, '215', '3354', 'taksim', 15),
(288, 'taksim', '4a6fe75545d1e41f026e3cd8169a9478', 'Demo', 'Kullanıcı', '36123123456', NULL, 'firma', '123141234123', 'vd', '0543 123 12 31', '', 1, 12321, '215', '3354', 'taksim', 15),
(287, 'taksim', 'c4d77febba468ab45eb5ace5eb90fa00', 'Demo', 'Kullanıcı', '36123123456', NULL, 'firma', '123141234123', 'vd', '0543 123 12 31', '', 1, 12321, '215', '3354', 'taksim', 15),
(286, 'taksim', 'fb4775c566a19c680f46af26490f7113', 'Demo', 'Kullanıcı', '36123123456', NULL, 'firma', '123141234123', 'vd', '0543 123 12 31', '', 1, 12321, '215', '3354', 'taksim', 15),
(285, 'taksim', 'a1eb0c38721e4bebb68aa95f18f14e02', 'Demo', 'Kullanıcı', '36123123456', NULL, 'firma', '123141234123', 'vd', '0543 123 12 31', '', 1, 12321, '215', '3354', 'taksim', 15),
(284, 'taksim', '0f4bf0939d273af8f55fb4787777f62c', 'Demo', 'Kullanıcı', '36123123456', NULL, 'firma', '123141234123', 'vd', '0543 123 12 31', '', 1, 12321, '215', '3354', 'taksim', 15),
(283, 'taksim', '53cd2ffdd2e9ad3644acbe3a72207345', 'Demo', 'Kullanıcı', '36123123456', NULL, 'firma', '123141234123', 'vd', '0543 123 12 31', '', 1, 12321, '215', '3354', 'taksim', 15),
(282, 'taksim', '5326469c23d47a73081db86678769a9f', 'Demo', 'Kullanıcı', '36123123456', NULL, 'firma', '123141234123', 'vd', '0543 123 12 31', '', 1, 12321, '215', '3354', 'taksim', 15),
(281, 'taksim', 'b7d0793a26d584dbbbb5fa83f8e06db6', 'Demo', 'Kullanıcı', '36123123456', NULL, 'firma', '123141234123', 'vd', '0543 123 12 31', '', 1, 12321, '215', '3354', 'taksim', 15),
(280, 'taksim', '9f81128a9472a40eed6a29137843894b', 'Demo', 'Kullanıcı', '36123123456', NULL, 'firma', '123141234123', 'vd', '0543 123 12 31', '', 1, 12321, '215', '3354', 'taksim', 15),
(279, 'taksim', 'c824452956db5ff081bf74ff01896593', 'Demo', 'Kullanıcı', '36123123456', NULL, 'firma', '123141234123', 'vd', '0543 123 12 31', '', 1, 12321, '215', '3354', 'taksim', 15),
(278, 'taksim', 'da04cac62abae434d6a4f97e9ccd670b', 'Demo', 'Kullanıcı', '36123123456', NULL, 'firma', '123141234123', 'vd', '0543 123 12 31', '', 1, 12321, '215', '3354', 'taksim', 15),
(277, 'taksim', 'e104f70e1d1e9a0b7677d6745d7aeafd', 'Demo', 'Kullanıcı', '36123123456', NULL, 'firma', '123141234123', 'vd', '0543 123 12 31', '', 1, 12321, '215', '3354', 'taksim', 15),
(276, 'taksim', 'c166ef209271f46004a8a44c1967371d', 'Demo', 'Kullanıcı', '36123123456', NULL, 'firma', '123141234123', 'vd', '0543 123 12 31', '', 1, 12321, '215', '3354', 'taksim', 15),
(275, 'taksim', 'f8729f12b2086e4cf1ed63ccd832db13', 'Demo', 'Kullanıcı', '36123123456', NULL, 'firma', '123141234123', 'vd', '0543 123 12 31', '', 1, 12321, '215', '3354', 'taksim', 15),
(274, 'taksim', '944628c204ec6bb0c6f367c8b5127694', 'Demo', 'Kullanıcı', '36123123456', NULL, 'firma', '123141234123', 'vd', '0543 123 12 31', '', 1, 12321, '215', '3354', 'taksim', 15),
(273, 'taksim', '52e5bc8cc6034cbf228b9d7af9b92a3c', 'Demo', 'Kullanıcı', '36123123456', NULL, 'firma', '123141234123', 'vd', '0543 123 12 31', '', 1, 12321, '215', '3354', 'taksim', 15),
(272, 'taksim', '60ce0e38c83d4e862d47330aa78162a2', 'Demo', 'Kullanıcı', '36123123456', NULL, 'firma', '123141234123', 'vd', '0543 123 12 31', '', 1, 12321, '215', '3354', 'taksim', 15),
(271, 'taksim', '2ac7c0c5370ac693dae9795e28b40feb', 'Demo', 'Kullanıcı', '36123123456', NULL, 'firma', '123141234123', 'vd', '0543 123 12 31', '', 1, 12321, '215', '3354', 'taksim', 15),
(270, 'taksim', '0719cdd82e9c54352910f0e7cca0fa3a', 'Demo', 'Kullanıcı', '36123123456', NULL, 'firma', '123141234123', 'vd', '0543 123 12 31', '', 1, 12321, '215', '3354', 'taksim', 15),
(269, 'taksim', '7473d6255208154d5b5de25bad00ac00', 'Demo', 'Kullanıcı', '36123123456', NULL, 'firma', '123141234123', 'vd', '0543 123 12 31', '', 1, 12321, '215', '3354', 'taksim', 15),
(267, 'taksim', 'ab1243dfb62977ebac5bab5fda7435ce', 'Demo', 'Kullanıcı', '35121312345', NULL, 'Fatura1', '4312331732', 'bakırköy', '0543 345 13 31', '', 1, 34123, '215', '3354', 'taksim', 0),
(268, 'taksim', '7439eb4e293e0b0d4c9ce282277a6b71', 'Demo', 'Kullanıcı', '36123123456', NULL, 'firma', '123141234123', 'vd', '0543 123 12 31', '', 1, 12321, '215', '3354', 'taksim', 15),
(291, 'taksim', '623f38e9a1ab7bb054e3b1d6cfb954e7', 'Demo', 'Kullanıcı', '36123123456', NULL, 'firma', '123141234123', 'vd', '0543 123 12 31', '', 1, 12321, '215', '3354', 'taksim', 15),
(292, 'taksim', '1573ffd6f75353b58edfa0ef864d03f1', 'Demo', 'Kullanıcı', '36123123456', NULL, 'firma', '123141234123', 'vd', '0543 123 12 31', '', 1, 12321, '215', '3354', 'taksim', 15),
(293, 'taksim', '9e93f498512bfcbe9417e6dc5e76eb10', 'Demo', 'Kullanıcı', '36123123456', NULL, 'firma', '123141234123', 'vd', '0543 123 12 31', '', 1, 12321, '215', '3354', 'taksim', 15),
(294, 'taksim', '190e3f0caf22f546916c676df88eeb74', 'Demo', 'Kullanıcı', '36123123456', NULL, 'firma', '123141234123', 'vd', '0543 123 12 31', '', 1, 12321, '215', '3354', 'taksim', 15),
(295, 'taksim', '23818153b468f31974f844b72ef93dcf', 'Demo', 'Kullanıcı', '36123123456', NULL, 'firma', '123141234123', 'vd', '0543 123 12 31', '', 1, 12321, '215', '3354', 'taksim', 15),
(296, 'taksim', 'b4f1b0b091a302194741d7392755c8bc', 'Demo', 'Kullanıcı', '36123123456', NULL, 'firma', '123141234123', 'vd', '0543 123 12 31', '', 1, 12321, '215', '3354', 'taksim', 15),
(297, 'taksim', 'fad8deb284f5205557a8b5d09953048f', 'Demo', 'Kullanıcı', '36123123456', NULL, 'firma', '123141234123', 'vd', '0543 123 12 31', '', 1, 12321, '215', '3354', 'taksim', 15),
(298, 'taksim', '2b85d95a19e9d8632ad973952f4cb1ed', 'Demo', 'Kullanıcı', '36123123456', NULL, 'firma', '123141234123', 'vd', '0543 123 12 31', '', 1, 12321, '215', '3354', 'taksim', 15),
(299, 'taksim', 'a0d19816f25acb789337d2f95fcbfb05', 'Demo', 'Kullanıcı', '36123123456', NULL, 'firma', '123141234123', 'vd', '0543 123 12 31', '', 1, 12321, '215', '3354', 'taksim', 15),
(300, 'taksim', '153a78dd3e3fe049cbf74481fd4f0962', 'Demo', 'Kullanıcı', '36123123456', NULL, 'firma', '123141234123', 'vd', '0543 123 12 31', '', 1, 12321, '215', '3354', 'taksim', 15),
(301, 'taksim', 'e9e87fa5f4eda57bded51e4babd3c491', 'Demo', 'Kullanıcı', '36123123456', NULL, 'firma', '123141234123', 'vd', '0543 123 12 31', '', 1, 12321, '215', '3354', 'taksim', 15),
(302, 'taksim', 'd9d614a851b8ed97298f44a850aeca80', 'Demo', 'Kullanıcı', '36123123456', NULL, 'firma', '123141234123', 'vd', '0543 123 12 31', '', 1, 12321, '215', '3354', 'taksim', 15),
(303, 'taksim', '754f4ee8a15404ae2d83b476dbff9825', 'Demo', 'Kullanıcı', '36123123456', NULL, 'firma', '123141234123', 'vd', '0543 123 12 31', '', 1, 12321, '215', '3354', 'taksim', 15),
(304, 'KocaTepe Taksim Sok. No:25 ', '1622e936668477469d645f30ccb8050a', 'Serkan', 'Koch', '05543882061', NULL, '', '', '', '0212 232 31 33', '', 1, 34034, '215', '3354', 'Taksim', 23),
(305, 'KocaTepe Taksim Sok. No:25 ', 'be647e433d237fdd2ead62133b80c330', 'Serkan', 'Koch', '05543882061', NULL, '', '', '', '0212 232 31 33', '', 1, 34034, '215', '3354', 'Taksim', 23);

-- --------------------------------------------------------

--
-- Tablo için tablo yapısı `e_usr_sec_inf`
--

CREATE TABLE IF NOT EXISTS `e_usr_sec_inf` (
  `sec_id` bigint(20) NOT NULL AUTO_INCREMENT,
  `sec_save_date` datetime DEFAULT NULL,
  `sec_last_date` datetime DEFAULT NULL,
  `sec_aktivasyon` text,
  `sec_ques` text,
  `sec_answer` text,
  `sec_active` int(11) DEFAULT NULL,
  `sec_last_act` text,
  `sec_flag` int(11) DEFAULT NULL,
  `user_id` bigint(20) NOT NULL,
  PRIMARY KEY (`sec_id`),
  KEY `user_id` (`user_id`),
  KEY `sec_flag` (`sec_flag`),
  KEY `sec_active` (`sec_active`),
  KEY `sec_last_date` (`sec_last_date`),
  KEY `sec_save_date` (`sec_save_date`),
  FULLTEXT KEY `sec_last_act` (`sec_last_act`),
  FULLTEXT KEY `sec_answer` (`sec_answer`),
  FULLTEXT KEY `sec_aktivasyon` (`sec_aktivasyon`)
) ENGINE=MyISAM  DEFAULT CHARSET=utf8 AUTO_INCREMENT=87 ;

--
-- Tablo döküm verisi `e_usr_sec_inf`
--

INSERT INTO `e_usr_sec_inf` (`sec_id`, `sec_save_date`, `sec_last_date`, `sec_aktivasyon`, `sec_ques`, `sec_answer`, `sec_active`, `sec_last_act`, `sec_flag`, `user_id`) VALUES
(85, NULL, NULL, NULL, NULL, NULL, NULL, NULL, NULL, 23),
(86, NULL, NULL, NULL, NULL, NULL, NULL, NULL, NULL, 24);

/*!40101 SET CHARACTER_SET_CLIENT=@OLD_CHARACTER_SET_CLIENT */;
/*!40101 SET CHARACTER_SET_RESULTS=@OLD_CHARACTER_SET_RESULTS */;
/*!40101 SET COLLATION_CONNECTION=@OLD_COLLATION_CONNECTION */;
